id_pessoa,estabilidade_emocional,abertura_a_mudanca,autoaperfeicoamento,autotranscendencia,area_carreira
0,74.2567413,33.9776151,23.051807699999998,20.8745599,infraestrutura_e_dados
1,67.2545513,35.3677599,24.7431686,19.6423545,infraestrutura_e_dados
2,63.0705007,37.512498,28.725344600000003,26.802442,infraestrutura_e_dados
3,69.5279717,33.8898893,30.6562151,25.8119442,infraestrutura_e_dados
4,61.9389506,31.189646999999997,30.297788799999996,20.7287203,infraestrutura_e_dados
5,62.4139191,33.6220882,31.2115957,21.969006999999998,infraestrutura_e_dados
6,65.9069353,29.6101878,30.875233899999998,21.1388677,infraestrutura_e_dados
7,74.2567413,33.9776151,23.051807699999998,20.8745599,infraestrutura_e_dados
8,67.2545513,35.3677599,24.7431686,19.6423545,infraestrutura_e_dados
9,63.0705007,37.512498,28.725344600000003,26.802442,infraestrutura_e_dados
10,69.5279717,33.8898893,30.6562151,25.8119442,infraestrutura_e_dados
11,61.9389506,31.189646999999997,30.297788799999996,20.7287203,infraestrutura_e_dados
12,62.4139191,33.6220882,31.2115957,21.969006999999998,infraestrutura_e_dados
13,65.9069353,29.6101878,30.875233899999998,21.1388677,infraestrutura_e_dados
14,74.2567413,33.9776151,23.051807699999998,20.8745599,infraestrutura_e_dados
15,67.2545513,35.3677599,24.7431686,19.6423545,infraestrutura_e_dados
16,63.0705007,37.512498,28.725344600000003,26.802442,infraestrutura_e_dados
17,69.5279717,33.8898893,30.6562151,25.8119442,infraestrutura_e_dados
18,61.9389506,31.189646999999997,30.297788799999996,20.7287203,infraestrutura_e_dados
19,62.4139191,33.6220882,31.2115957,21.969006999999998,infraestrutura_e_dados
20,65.9069353,29.6101878,30.875233899999998,21.1388677,infraestrutura_e_dados
21,74.2567413,33.9776151,23.051807699999998,20.8745599,infraestrutura_e_dados
22,67.2545513,35.3677599,24.7431686,19.6423545,infraestrutura_e_dados
23,63.0705007,37.512498,28.725344600000003,26.802442,infraestrutura_e_dados
24,69.5279717,33.8898893,30.6562151,25.8119442,infraestrutura_e_dados
25,61.9389506,31.189646999999997,30.297788799999996,20.7287203,infraestrutura_e_dados
26,62.4139191,33.6220882,31.2115957,21.969006999999998,infraestrutura_e_dados
27,65.9069353,29.6101878,30.875233899999998,21.1388677,infraestrutura_e_dados
28,74.2567413,33.9776151,23.051807699999998,20.8745599,infraestrutura_e_dados
29,67.2545513,35.3677599,24.7431686,19.6423545,infraestrutura_e_dados
30,63.0705007,37.512498,28.725344600000003,26.802442,infraestrutura_e_dados
31,69.5279717,33.8898893,30.6562151,25.8119442,infraestrutura_e_dados
32,61.9389506,31.189646999999997,30.297788799999996,20.7287203,infraestrutura_e_dados
33,62.4139191,33.6220882,31.2115957,21.969006999999998,infraestrutura_e_dados
34,65.9069353,29.6101878,30.875233899999998,21.1388677,infraestrutura_e_dados
35,74.2567413,33.9776151,23.051807699999998,20.8745599,infraestrutura_e_dados
36,67.2545513,35.3677599,24.7431686,19.6423545,infraestrutura_e_dados
37,63.0705007,37.512498,28.725344600000003,26.802442,infraestrutura_e_dados
38,69.5279717,33.8898893,30.6562151,25.8119442,infraestrutura_e_dados
39,61.9389506,31.189646999999997,30.297788799999996,20.7287203,infraestrutura_e_dados
40,62.4139191,33.6220882,31.2115957,21.969006999999998,infraestrutura_e_dados
41,65.9069353,29.6101878,30.875233899999998,21.1388677,infraestrutura_e_dados
42,74.2567413,33.9776151,23.051807699999998,20.8745599,infraestrutura_e_dados
43,67.2545513,35.3677599,24.7431686,19.6423545,infraestrutura_e_dados
44,63.0705007,37.512498,28.725344600000003,26.802442,infraestrutura_e_dados
45,69.5279717,33.8898893,30.6562151,25.8119442,infraestrutura_e_dados
46,61.9389506,31.189646999999997,30.297788799999996,20.7287203,infraestrutura_e_dados
47,62.4139191,33.6220882,31.2115957,21.969006999999998,infraestrutura_e_dados
48,65.9069353,29.6101878,30.875233899999998,21.1388677,infraestrutura_e_dados
49,74.2567413,33.9776151,23.051807699999998,20.8745599,infraestrutura_e_dados
50,67.2545513,35.3677599,24.7431686,19.6423545,infraestrutura_e_dados
51,63.0705007,37.512498,28.725344600000003,26.802442,infraestrutura_e_dados
52,69.5279717,33.8898893,30.6562151,25.8119442,infraestrutura_e_dados
53,61.9389506,31.189646999999997,30.297788799999996,20.7287203,infraestrutura_e_dados
54,62.4139191,33.6220882,31.2115957,21.969006999999998,infraestrutura_e_dados
55,65.9069353,29.6101878,30.875233899999998,21.1388677,infraestrutura_e_dados
56,74.2567413,33.9776151,23.051807699999998,20.8745599,infraestrutura_e_dados
57,67.2545513,35.3677599,24.7431686,19.6423545,infraestrutura_e_dados
58,63.0705007,37.512498,28.725344600000003,26.802442,infraestrutura_e_dados
59,69.5279717,33.8898893,30.6562151,25.8119442,infraestrutura_e_dados
60,61.9389506,31.189646999999997,30.297788799999996,20.7287203,infraestrutura_e_dados
61,62.4139191,33.6220882,31.2115957,21.969006999999998,infraestrutura_e_dados
62,65.9069353,29.6101878,30.875233899999998,21.1388677,infraestrutura_e_dados
63,74.2567413,33.9776151,23.051807699999998,20.8745599,infraestrutura_e_dados
64,67.2545513,35.3677599,24.7431686,19.6423545,infraestrutura_e_dados
65,63.0705007,37.512498,28.725344600000003,26.802442,infraestrutura_e_dados
66,69.5279717,33.8898893,30.6562151,25.8119442,infraestrutura_e_dados
67,61.9389506,31.189646999999997,30.297788799999996,20.7287203,infraestrutura_e_dados
68,62.4139191,33.6220882,31.2115957,21.969006999999998,infraestrutura_e_dados
69,65.9069353,29.6101878,30.875233899999998,21.1388677,infraestrutura_e_dados
70,74.2567413,33.9776151,23.051807699999998,20.8745599,infraestrutura_e_dados
71,67.2545513,35.3677599,24.7431686,19.6423545,infraestrutura_e_dados
72,63.0705007,37.512498,28.725344600000003,26.802442,infraestrutura_e_dados
73,69.5279717,33.8898893,30.6562151,25.8119442,infraestrutura_e_dados
74,61.9389506,31.189646999999997,30.297788799999996,20.7287203,infraestrutura_e_dados
75,62.4139191,33.6220882,31.2115957,21.969006999999998,infraestrutura_e_dados
76,65.9069353,29.6101878,30.875233899999998,21.1388677,infraestrutura_e_dados
77,74.2567413,33.9776151,23.051807699999998,20.8745599,infraestrutura_e_dados
78,67.2545513,35.3677599,24.7431686,19.6423545,infraestrutura_e_dados
79,63.0705007,37.512498,28.725344600000003,26.802442,infraestrutura_e_dados
80,69.5279717,33.8898893,30.6562151,25.8119442,infraestrutura_e_dados
81,61.9389506,31.189646999999997,30.297788799999996,20.7287203,infraestrutura_e_dados
82,62.4139191,33.6220882,31.2115957,21.969006999999998,infraestrutura_e_dados
83,65.9069353,29.6101878,30.875233899999998,21.1388677,infraestrutura_e_dados
84,74.2567413,33.9776151,23.051807699999998,20.8745599,infraestrutura_e_dados
85,67.2545513,35.3677599,24.7431686,19.6423545,infraestrutura_e_dados
86,63.0705007,37.512498,28.725344600000003,26.802442,infraestrutura_e_dados
87,69.5279717,33.8898893,30.6562151,25.8119442,infraestrutura_e_dados
88,61.9389506,31.189646999999997,30.297788799999996,20.7287203,infraestrutura_e_dados
89,62.4139191,33.6220882,31.2115957,21.969006999999998,infraestrutura_e_dados
90,65.9069353,29.6101878,30.875233899999998,21.1388677,infraestrutura_e_dados
91,74.2567413,33.9776151,23.051807699999998,20.8745599,infraestrutura_e_dados
92,67.2545513,35.3677599,24.7431686,19.6423545,infraestrutura_e_dados
93,63.0705007,37.512498,28.725344600000003,26.802442,infraestrutura_e_dados
94,69.5279717,33.8898893,30.6562151,25.8119442,infraestrutura_e_dados
95,61.9389506,31.189646999999997,30.297788799999996,20.7287203,infraestrutura_e_dados
96,62.4139191,33.6220882,31.2115957,21.969006999999998,infraestrutura_e_dados
97,65.9069353,29.6101878,30.875233899999998,21.1388677,infraestrutura_e_dados
98,74.2567413,33.9776151,23.051807699999998,20.8745599,infraestrutura_e_dados
99,67.2545513,35.3677599,24.7431686,19.6423545,infraestrutura_e_dados
100,63.0705007,37.512498,28.725344600000003,26.802442,infraestrutura_e_dados
101,69.5279717,33.8898893,30.6562151,25.8119442,infraestrutura_e_dados
102,61.9389506,31.189646999999997,30.297788799999996,20.7287203,infraestrutura_e_dados
103,62.4139191,33.6220882,31.2115957,21.969006999999998,infraestrutura_e_dados
104,65.9069353,29.6101878,30.875233899999998,21.1388677,infraestrutura_e_dados
105,74.2567413,33.9776151,23.051807699999998,20.8745599,infraestrutura_e_dados
106,67.2545513,35.3677599,24.7431686,19.6423545,infraestrutura_e_dados
107,63.0705007,37.512498,28.725344600000003,26.802442,infraestrutura_e_dados
108,69.5279717,33.8898893,30.6562151,25.8119442,infraestrutura_e_dados
109,61.9389506,31.189646999999997,30.297788799999996,20.7287203,infraestrutura_e_dados
110,62.4139191,33.6220882,31.2115957,21.969006999999998,infraestrutura_e_dados
111,65.9069353,29.6101878,30.875233899999998,21.1388677,infraestrutura_e_dados
112,74.2567413,33.9776151,23.051807699999998,20.8745599,infraestrutura_e_dados
113,67.2545513,35.3677599,24.7431686,19.6423545,infraestrutura_e_dados
114,63.0705007,37.512498,28.725344600000003,26.802442,infraestrutura_e_dados
115,69.5279717,33.8898893,30.6562151,25.8119442,infraestrutura_e_dados
116,61.9389506,31.189646999999997,30.297788799999996,20.7287203,infraestrutura_e_dados
117,62.4139191,33.6220882,31.2115957,21.969006999999998,infraestrutura_e_dados
118,65.9069353,29.6101878,30.875233899999998,21.1388677,infraestrutura_e_dados
119,74.2567413,33.9776151,23.051807699999998,20.8745599,infraestrutura_e_dados
120,67.2545513,35.3677599,24.7431686,19.6423545,infraestrutura_e_dados
121,63.0705007,37.512498,28.725344600000003,26.802442,infraestrutura_e_dados
122,69.5279717,33.8898893,30.6562151,25.8119442,infraestrutura_e_dados
123,61.9389506,31.189646999999997,30.297788799999996,20.7287203,infraestrutura_e_dados
124,62.4139191,33.6220882,31.2115957,21.969006999999998,infraestrutura_e_dados
125,65.9069353,29.6101878,30.875233899999998,21.1388677,infraestrutura_e_dados
126,74.2567413,33.9776151,23.051807699999998,20.8745599,infraestrutura_e_dados
127,67.2545513,35.3677599,24.7431686,19.6423545,infraestrutura_e_dados
128,63.0705007,37.512498,28.725344600000003,26.802442,infraestrutura_e_dados
129,69.5279717,33.8898893,30.6562151,25.8119442,infraestrutura_e_dados
130,61.9389506,31.189646999999997,30.297788799999996,20.7287203,infraestrutura_e_dados
131,62.4139191,33.6220882,31.2115957,21.969006999999998,infraestrutura_e_dados
132,65.9069353,29.6101878,30.875233899999998,21.1388677,infraestrutura_e_dados
133,74.2567413,33.9776151,23.051807699999998,20.8745599,infraestrutura_e_dados
134,67.2545513,35.3677599,24.7431686,19.6423545,infraestrutura_e_dados
135,63.0705007,37.512498,28.725344600000003,26.802442,infraestrutura_e_dados
136,69.5279717,33.8898893,30.6562151,25.8119442,infraestrutura_e_dados
137,61.9389506,31.189646999999997,30.297788799999996,20.7287203,infraestrutura_e_dados
138,62.4139191,33.6220882,31.2115957,21.969006999999998,infraestrutura_e_dados
139,65.9069353,29.6101878,30.875233899999998,21.1388677,infraestrutura_e_dados
140,74.2567413,33.9776151,23.051807699999998,20.8745599,infraestrutura_e_dados
141,67.2545513,35.3677599,24.7431686,19.6423545,infraestrutura_e_dados
142,63.0705007,37.512498,28.725344600000003,26.802442,infraestrutura_e_dados
143,69.5279717,33.8898893,30.6562151,25.8119442,infraestrutura_e_dados
144,61.9389506,31.189646999999997,30.297788799999996,20.7287203,infraestrutura_e_dados
145,62.4139191,33.6220882,31.2115957,21.969006999999998,infraestrutura_e_dados
146,65.9069353,29.6101878,30.875233899999998,21.1388677,infraestrutura_e_dados
147,74.2567413,33.9776151,23.051807699999998,20.8745599,infraestrutura_e_dados
148,67.2545513,35.3677599,24.7431686,19.6423545,infraestrutura_e_dados
149,63.0705007,37.512498,28.725344600000003,26.802442,infraestrutura_e_dados
150,69.5279717,33.8898893,30.6562151,25.8119442,infraestrutura_e_dados
151,61.9389506,31.189646999999997,30.297788799999996,20.7287203,infraestrutura_e_dados
152,62.4139191,33.6220882,31.2115957,21.969006999999998,infraestrutura_e_dados
153,65.9069353,29.6101878,30.875233899999998,21.1388677,infraestrutura_e_dados
154,74.2567413,33.9776151,23.051807699999998,20.8745599,infraestrutura_e_dados
155,67.2545513,35.3677599,24.7431686,19.6423545,infraestrutura_e_dados
156,63.0705007,37.512498,28.725344600000003,26.802442,infraestrutura_e_dados
157,69.5279717,33.8898893,30.6562151,25.8119442,infraestrutura_e_dados
158,61.9389506,31.189646999999997,30.297788799999996,20.7287203,infraestrutura_e_dados
159,62.4139191,33.6220882,31.2115957,21.969006999999998,infraestrutura_e_dados
160,65.9069353,29.6101878,30.875233899999998,21.1388677,infraestrutura_e_dados
161,74.2567413,33.9776151,23.051807699999998,20.8745599,infraestrutura_e_dados
162,67.2545513,35.3677599,24.7431686,19.6423545,infraestrutura_e_dados
163,63.0705007,37.512498,28.725344600000003,26.802442,infraestrutura_e_dados
164,69.5279717,33.8898893,30.6562151,25.8119442,infraestrutura_e_dados
165,61.9389506,31.189646999999997,30.297788799999996,20.7287203,infraestrutura_e_dados
166,62.4139191,33.6220882,31.2115957,21.969006999999998,infraestrutura_e_dados
167,65.9069353,29.6101878,30.875233899999998,21.1388677,infraestrutura_e_dados
168,74.2567413,33.9776151,23.051807699999998,20.8745599,infraestrutura_e_dados
169,67.2545513,35.3677599,24.7431686,19.6423545,infraestrutura_e_dados
170,63.0705007,37.512498,28.725344600000003,26.802442,infraestrutura_e_dados
171,69.5279717,33.8898893,30.6562151,25.8119442,infraestrutura_e_dados
172,61.9389506,31.189646999999997,30.297788799999996,20.7287203,infraestrutura_e_dados
173,62.4139191,33.6220882,31.2115957,21.969006999999998,infraestrutura_e_dados
174,65.9069353,29.6101878,30.875233899999998,21.1388677,infraestrutura_e_dados
175,74.2567413,33.9776151,23.051807699999998,20.8745599,infraestrutura_e_dados
176,67.2545513,35.3677599,24.7431686,19.6423545,infraestrutura_e_dados
177,63.0705007,37.512498,28.725344600000003,26.802442,infraestrutura_e_dados
178,69.5279717,33.8898893,30.6562151,25.8119442,infraestrutura_e_dados
179,61.9389506,31.189646999999997,30.297788799999996,20.7287203,infraestrutura_e_dados
180,62.4139191,33.6220882,31.2115957,21.969006999999998,infraestrutura_e_dados
181,65.9069353,29.6101878,30.875233899999998,21.1388677,infraestrutura_e_dados
182,74.2567413,33.9776151,23.051807699999998,20.8745599,infraestrutura_e_dados
183,67.2545513,35.3677599,24.7431686,19.6423545,infraestrutura_e_dados
184,63.0705007,37.512498,28.725344600000003,26.802442,infraestrutura_e_dados
185,69.5279717,33.8898893,30.6562151,25.8119442,infraestrutura_e_dados
186,61.9389506,31.189646999999997,30.297788799999996,20.7287203,infraestrutura_e_dados
187,62.4139191,33.6220882,31.2115957,21.969006999999998,infraestrutura_e_dados
188,65.9069353,29.6101878,30.875233899999998,21.1388677,infraestrutura_e_dados
189,74.2567413,33.9776151,23.051807699999998,20.8745599,infraestrutura_e_dados
190,67.2545513,35.3677599,24.7431686,19.6423545,infraestrutura_e_dados
191,63.0705007,37.512498,28.725344600000003,26.802442,infraestrutura_e_dados
192,69.5279717,33.8898893,30.6562151,25.8119442,infraestrutura_e_dados
193,61.9389506,31.189646999999997,30.297788799999996,20.7287203,infraestrutura_e_dados
194,62.4139191,33.6220882,31.2115957,21.969006999999998,infraestrutura_e_dados
195,65.9069353,29.6101878,30.875233899999998,21.1388677,infraestrutura_e_dados
196,74.2567413,33.9776151,23.051807699999998,20.8745599,infraestrutura_e_dados
197,67.2545513,35.3677599,24.7431686,19.6423545,infraestrutura_e_dados
198,63.0705007,37.512498,28.725344600000003,26.802442,infraestrutura_e_dados
199,69.5279717,33.8898893,30.6562151,25.8119442,infraestrutura_e_dados
200,61.9389506,31.189646999999997,30.297788799999996,20.7287203,infraestrutura_e_dados
201,62.4139191,33.6220882,31.2115957,21.969006999999998,infraestrutura_e_dados
202,65.9069353,29.6101878,30.875233899999998,21.1388677,infraestrutura_e_dados
203,74.2567413,33.9776151,23.051807699999998,20.8745599,infraestrutura_e_dados
204,67.2545513,35.3677599,24.7431686,19.6423545,infraestrutura_e_dados
205,63.0705007,37.512498,28.725344600000003,26.802442,infraestrutura_e_dados
206,69.5279717,33.8898893,30.6562151,25.8119442,infraestrutura_e_dados
207,61.9389506,31.189646999999997,30.297788799999996,20.7287203,infraestrutura_e_dados
208,62.4139191,33.6220882,31.2115957,21.969006999999998,infraestrutura_e_dados
209,65.9069353,29.6101878,30.875233899999998,21.1388677,infraestrutura_e_dados
210,74.2567413,33.9776151,23.051807699999998,20.8745599,infraestrutura_e_dados
211,67.2545513,35.3677599,24.7431686,19.6423545,infraestrutura_e_dados
212,63.0705007,37.512498,28.725344600000003,26.802442,infraestrutura_e_dados
213,69.5279717,33.8898893,30.6562151,25.8119442,infraestrutura_e_dados
214,61.9389506,31.189646999999997,30.297788799999996,20.7287203,infraestrutura_e_dados
215,62.4139191,33.6220882,31.2115957,21.969006999999998,infraestrutura_e_dados
216,65.9069353,29.6101878,30.875233899999998,21.1388677,infraestrutura_e_dados
217,74.2567413,33.9776151,23.051807699999998,20.8745599,infraestrutura_e_dados
218,67.2545513,35.3677599,24.7431686,19.6423545,infraestrutura_e_dados
219,63.0705007,37.512498,28.725344600000003,26.802442,infraestrutura_e_dados
220,69.5279717,33.8898893,30.6562151,25.8119442,infraestrutura_e_dados
221,61.9389506,31.189646999999997,30.297788799999996,20.7287203,infraestrutura_e_dados
222,62.4139191,33.6220882,31.2115957,21.969006999999998,infraestrutura_e_dados
223,65.9069353,29.6101878,30.875233899999998,21.1388677,infraestrutura_e_dados
224,74.2567413,33.9776151,23.051807699999998,20.8745599,infraestrutura_e_dados
225,67.2545513,35.3677599,24.7431686,19.6423545,infraestrutura_e_dados
226,63.0705007,37.512498,28.725344600000003,26.802442,infraestrutura_e_dados
227,69.5279717,33.8898893,30.6562151,25.8119442,infraestrutura_e_dados
228,61.9389506,31.189646999999997,30.297788799999996,20.7287203,infraestrutura_e_dados
229,62.4139191,33.6220882,31.2115957,21.969006999999998,infraestrutura_e_dados
230,65.9069353,29.6101878,30.875233899999998,21.1388677,infraestrutura_e_dados
231,74.2567413,33.9776151,23.051807699999998,20.8745599,infraestrutura_e_dados
232,67.2545513,35.3677599,24.7431686,19.6423545,infraestrutura_e_dados
233,63.0705007,37.512498,28.725344600000003,26.802442,infraestrutura_e_dados
234,69.5279717,33.8898893,30.6562151,25.8119442,infraestrutura_e_dados
235,61.9389506,31.189646999999997,30.297788799999996,20.7287203,infraestrutura_e_dados
236,62.4139191,33.6220882,31.2115957,21.969006999999998,infraestrutura_e_dados
237,65.9069353,29.6101878,30.875233899999998,21.1388677,infraestrutura_e_dados
238,74.2567413,33.9776151,23.051807699999998,20.8745599,infraestrutura_e_dados
239,67.2545513,35.3677599,24.7431686,19.6423545,infraestrutura_e_dados
240,63.0705007,37.512498,28.725344600000003,26.802442,infraestrutura_e_dados
241,69.5279717,33.8898893,30.6562151,25.8119442,infraestrutura_e_dados
242,61.9389506,31.189646999999997,30.297788799999996,20.7287203,infraestrutura_e_dados
243,62.4139191,33.6220882,31.2115957,21.969006999999998,infraestrutura_e_dados
244,65.9069353,29.6101878,30.875233899999998,21.1388677,infraestrutura_e_dados
245,74.2567413,33.9776151,23.051807699999998,20.8745599,infraestrutura_e_dados
246,67.2545513,35.3677599,24.7431686,19.6423545,infraestrutura_e_dados
247,63.0705007,37.512498,28.725344600000003,26.802442,infraestrutura_e_dados
248,69.5279717,33.8898893,30.6562151,25.8119442,infraestrutura_e_dados
249,61.9389506,31.189646999999997,30.297788799999996,20.7287203,infraestrutura_e_dados
250,62.4139191,33.6220882,31.2115957,21.969006999999998,infraestrutura_e_dados
251,65.9069353,29.6101878,30.875233899999998,21.1388677,infraestrutura_e_dados
252,74.2567413,33.9776151,23.051807699999998,20.8745599,infraestrutura_e_dados
253,67.2545513,35.3677599,24.7431686,19.6423545,infraestrutura_e_dados
254,63.0705007,37.512498,28.725344600000003,26.802442,infraestrutura_e_dados
255,69.5279717,33.8898893,30.6562151,25.8119442,infraestrutura_e_dados
256,61.9389506,31.189646999999997,30.297788799999996,20.7287203,infraestrutura_e_dados
257,62.4139191,33.6220882,31.2115957,21.969006999999998,infraestrutura_e_dados
258,65.9069353,29.6101878,30.875233899999998,21.1388677,infraestrutura_e_dados
259,74.2567413,33.9776151,23.051807699999998,20.8745599,infraestrutura_e_dados
260,67.2545513,35.3677599,24.7431686,19.6423545,infraestrutura_e_dados
261,63.0705007,37.512498,28.725344600000003,26.802442,infraestrutura_e_dados
262,69.5279717,33.8898893,30.6562151,25.8119442,infraestrutura_e_dados
263,61.9389506,31.189646999999997,30.297788799999996,20.7287203,infraestrutura_e_dados
264,62.4139191,33.6220882,31.2115957,21.969006999999998,infraestrutura_e_dados
265,65.9069353,29.6101878,30.875233899999998,21.1388677,infraestrutura_e_dados
266,74.2567413,33.9776151,23.051807699999998,20.8745599,infraestrutura_e_dados
267,67.2545513,35.3677599,24.7431686,19.6423545,infraestrutura_e_dados
268,63.0705007,37.512498,28.725344600000003,26.802442,infraestrutura_e_dados
269,69.5279717,33.8898893,30.6562151,25.8119442,infraestrutura_e_dados
270,61.9389506,31.189646999999997,30.297788799999996,20.7287203,infraestrutura_e_dados
271,62.4139191,33.6220882,31.2115957,21.969006999999998,infraestrutura_e_dados
272,65.9069353,29.6101878,30.875233899999998,21.1388677,infraestrutura_e_dados
273,74.2567413,33.9776151,23.051807699999998,20.8745599,infraestrutura_e_dados
274,67.2545513,35.3677599,24.7431686,19.6423545,infraestrutura_e_dados
275,63.0705007,37.512498,28.725344600000003,26.802442,infraestrutura_e_dados
276,69.5279717,33.8898893,30.6562151,25.8119442,infraestrutura_e_dados
277,61.9389506,31.189646999999997,30.297788799999996,20.7287203,infraestrutura_e_dados
278,62.4139191,33.6220882,31.2115957,21.969006999999998,infraestrutura_e_dados
279,65.9069353,29.6101878,30.875233899999998,21.1388677,infraestrutura_e_dados
280,74.2567413,33.9776151,23.051807699999998,20.8745599,infraestrutura_e_dados
281,67.2545513,35.3677599,24.7431686,19.6423545,infraestrutura_e_dados
282,63.0705007,37.512498,28.725344600000003,26.802442,infraestrutura_e_dados
283,69.5279717,33.8898893,30.6562151,25.8119442,infraestrutura_e_dados
284,61.9389506,31.189646999999997,30.297788799999996,20.7287203,infraestrutura_e_dados
285,62.4139191,33.6220882,31.2115957,21.969006999999998,infraestrutura_e_dados
286,65.9069353,29.6101878,30.875233899999998,21.1388677,infraestrutura_e_dados
287,74.2567413,33.9776151,23.051807699999998,20.8745599,infraestrutura_e_dados
288,67.2545513,35.3677599,24.7431686,19.6423545,infraestrutura_e_dados
289,63.0705007,37.512498,28.725344600000003,26.802442,infraestrutura_e_dados
290,69.5279717,33.8898893,30.6562151,25.8119442,infraestrutura_e_dados
291,61.9389506,31.189646999999997,30.297788799999996,20.7287203,infraestrutura_e_dados
292,62.4139191,33.6220882,31.2115957,21.969006999999998,infraestrutura_e_dados
293,65.9069353,29.6101878,30.875233899999998,21.1388677,infraestrutura_e_dados
294,74.2567413,33.9776151,23.051807699999998,20.8745599,infraestrutura_e_dados
295,67.2545513,35.3677599,24.7431686,19.6423545,infraestrutura_e_dados
296,63.0705007,37.512498,28.725344600000003,26.802442,infraestrutura_e_dados
297,69.5279717,33.8898893,30.6562151,25.8119442,infraestrutura_e_dados
298,61.9389506,31.189646999999997,30.297788799999996,20.7287203,infraestrutura_e_dados
299,62.4139191,33.6220882,31.2115957,21.969006999999998,infraestrutura_e_dados
300,65.9069353,29.6101878,30.875233899999998,21.1388677,infraestrutura_e_dados
301,74.2567413,33.9776151,23.051807699999998,20.8745599,infraestrutura_e_dados
302,67.2545513,35.3677599,24.7431686,19.6423545,infraestrutura_e_dados
303,63.0705007,37.512498,28.725344600000003,26.802442,infraestrutura_e_dados
304,69.5279717,33.8898893,30.6562151,25.8119442,infraestrutura_e_dados
305,61.9389506,31.189646999999997,30.297788799999996,20.7287203,infraestrutura_e_dados
306,62.4139191,33.6220882,31.2115957,21.969006999999998,infraestrutura_e_dados
307,65.9069353,29.6101878,30.875233899999998,21.1388677,infraestrutura_e_dados
308,74.2567413,33.9776151,23.051807699999998,20.8745599,infraestrutura_e_dados
309,67.2545513,35.3677599,24.7431686,19.6423545,infraestrutura_e_dados
310,63.0705007,37.512498,28.725344600000003,26.802442,infraestrutura_e_dados
311,69.5279717,33.8898893,30.6562151,25.8119442,infraestrutura_e_dados
312,61.9389506,31.189646999999997,30.297788799999996,20.7287203,infraestrutura_e_dados
313,62.4139191,33.6220882,31.2115957,21.969006999999998,infraestrutura_e_dados
314,65.9069353,29.6101878,30.875233899999998,21.1388677,infraestrutura_e_dados
315,74.2567413,33.9776151,23.051807699999998,20.8745599,infraestrutura_e_dados
316,67.2545513,35.3677599,24.7431686,19.6423545,infraestrutura_e_dados
317,63.0705007,37.512498,28.725344600000003,26.802442,infraestrutura_e_dados
318,69.5279717,33.8898893,30.6562151,25.8119442,infraestrutura_e_dados
319,61.9389506,31.189646999999997,30.297788799999996,20.7287203,infraestrutura_e_dados
320,62.4139191,33.6220882,31.2115957,21.969006999999998,infraestrutura_e_dados
321,65.9069353,29.6101878,30.875233899999998,21.1388677,infraestrutura_e_dados
322,74.2567413,33.9776151,23.051807699999998,20.8745599,infraestrutura_e_dados
323,67.2545513,35.3677599,24.7431686,19.6423545,infraestrutura_e_dados
324,63.0705007,37.512498,28.725344600000003,26.802442,infraestrutura_e_dados
325,69.5279717,33.8898893,30.6562151,25.8119442,infraestrutura_e_dados
326,61.9389506,31.189646999999997,30.297788799999996,20.7287203,infraestrutura_e_dados
327,62.4139191,33.6220882,31.2115957,21.969006999999998,infraestrutura_e_dados
328,65.9069353,29.6101878,30.875233899999998,21.1388677,infraestrutura_e_dados
329,74.2567413,33.9776151,23.051807699999998,20.8745599,infraestrutura_e_dados
330,67.2545513,35.3677599,24.7431686,19.6423545,infraestrutura_e_dados
331,63.0705007,37.512498,28.725344600000003,26.802442,infraestrutura_e_dados
332,69.5279717,33.8898893,30.6562151,25.8119442,infraestrutura_e_dados
333,61.9389506,31.189646999999997,30.297788799999996,20.7287203,infraestrutura_e_dados
334,62.4139191,33.6220882,31.2115957,21.969006999999998,infraestrutura_e_dados
335,65.9069353,29.6101878,30.875233899999998,21.1388677,infraestrutura_e_dados
336,74.2567413,33.9776151,23.051807699999998,20.8745599,infraestrutura_e_dados
337,67.2545513,35.3677599,24.7431686,19.6423545,infraestrutura_e_dados
338,63.0705007,37.512498,28.725344600000003,26.802442,infraestrutura_e_dados
339,69.5279717,33.8898893,30.6562151,25.8119442,infraestrutura_e_dados
340,61.9389506,31.189646999999997,30.297788799999996,20.7287203,infraestrutura_e_dados
341,62.4139191,33.6220882,31.2115957,21.969006999999998,infraestrutura_e_dados
342,65.9069353,29.6101878,30.875233899999998,21.1388677,infraestrutura_e_dados
343,74.2567413,33.9776151,23.051807699999998,20.8745599,infraestrutura_e_dados
344,67.2545513,35.3677599,24.7431686,19.6423545,infraestrutura_e_dados
345,63.0705007,37.512498,28.725344600000003,26.802442,infraestrutura_e_dados
346,69.5279717,33.8898893,30.6562151,25.8119442,infraestrutura_e_dados
347,61.9389506,31.189646999999997,30.297788799999996,20.7287203,infraestrutura_e_dados
348,62.4139191,33.6220882,31.2115957,21.969006999999998,infraestrutura_e_dados
349,65.9069353,29.6101878,30.875233899999998,21.1388677,infraestrutura_e_dados
350,74.2567413,33.9776151,23.051807699999998,20.8745599,infraestrutura_e_dados
351,67.2545513,35.3677599,24.7431686,19.6423545,infraestrutura_e_dados
352,63.0705007,37.512498,28.725344600000003,26.802442,infraestrutura_e_dados
353,69.5279717,33.8898893,30.6562151,25.8119442,infraestrutura_e_dados
354,61.9389506,31.189646999999997,30.297788799999996,20.7287203,infraestrutura_e_dados
355,62.4139191,33.6220882,31.2115957,21.969006999999998,infraestrutura_e_dados
356,65.9069353,29.6101878,30.875233899999998,21.1388677,infraestrutura_e_dados
357,74.2567413,33.9776151,23.051807699999998,20.8745599,infraestrutura_e_dados
358,67.2545513,35.3677599,24.7431686,19.6423545,infraestrutura_e_dados
359,63.0705007,37.512498,28.725344600000003,26.802442,infraestrutura_e_dados
360,69.5279717,33.8898893,30.6562151,25.8119442,infraestrutura_e_dados
361,61.9389506,31.189646999999997,30.297788799999996,20.7287203,infraestrutura_e_dados
362,62.4139191,33.6220882,31.2115957,21.969006999999998,infraestrutura_e_dados
363,65.9069353,29.6101878,30.875233899999998,21.1388677,infraestrutura_e_dados
364,74.2567413,33.9776151,23.051807699999998,20.8745599,infraestrutura_e_dados
365,67.2545513,35.3677599,24.7431686,19.6423545,infraestrutura_e_dados
366,63.0705007,37.512498,28.725344600000003,26.802442,infraestrutura_e_dados
367,69.5279717,33.8898893,30.6562151,25.8119442,infraestrutura_e_dados
368,61.9389506,31.189646999999997,30.297788799999996,20.7287203,infraestrutura_e_dados
369,62.4139191,33.6220882,31.2115957,21.969006999999998,infraestrutura_e_dados
370,65.9069353,29.6101878,30.875233899999998,21.1388677,infraestrutura_e_dados
371,74.2567413,33.9776151,23.051807699999998,20.8745599,infraestrutura_e_dados
372,67.2545513,35.3677599,24.7431686,19.6423545,infraestrutura_e_dados
373,63.0705007,37.512498,28.725344600000003,26.802442,infraestrutura_e_dados
374,69.5279717,33.8898893,30.6562151,25.8119442,infraestrutura_e_dados
375,61.9389506,31.189646999999997,30.297788799999996,20.7287203,infraestrutura_e_dados
376,62.4139191,33.6220882,31.2115957,21.969006999999998,infraestrutura_e_dados
377,65.9069353,29.6101878,30.875233899999998,21.1388677,infraestrutura_e_dados
378,74.2567413,33.9776151,23.051807699999998,20.8745599,infraestrutura_e_dados
379,67.2545513,35.3677599,24.7431686,19.6423545,infraestrutura_e_dados
380,63.0705007,37.512498,28.725344600000003,26.802442,infraestrutura_e_dados
381,69.5279717,33.8898893,30.6562151,25.8119442,infraestrutura_e_dados
382,61.9389506,31.189646999999997,30.297788799999996,20.7287203,infraestrutura_e_dados
383,62.4139191,33.6220882,31.2115957,21.969006999999998,infraestrutura_e_dados
384,65.9069353,29.6101878,30.875233899999998,21.1388677,infraestrutura_e_dados
385,74.2567413,33.9776151,23.051807699999998,20.8745599,infraestrutura_e_dados
386,67.2545513,35.3677599,24.7431686,19.6423545,infraestrutura_e_dados
387,63.0705007,37.512498,28.725344600000003,26.802442,infraestrutura_e_dados
388,69.5279717,33.8898893,30.6562151,25.8119442,infraestrutura_e_dados
389,61.9389506,31.189646999999997,30.297788799999996,20.7287203,infraestrutura_e_dados
390,62.4139191,33.6220882,31.2115957,21.969006999999998,infraestrutura_e_dados
391,65.9069353,29.6101878,30.875233899999998,21.1388677,infraestrutura_e_dados
392,74.2567413,33.9776151,23.051807699999998,20.8745599,infraestrutura_e_dados
393,67.2545513,35.3677599,24.7431686,19.6423545,infraestrutura_e_dados
394,63.0705007,37.512498,28.725344600000003,26.802442,infraestrutura_e_dados
395,69.5279717,33.8898893,30.6562151,25.8119442,infraestrutura_e_dados
396,61.9389506,31.189646999999997,30.297788799999996,20.7287203,infraestrutura_e_dados
397,62.4139191,33.6220882,31.2115957,21.969006999999998,infraestrutura_e_dados
398,65.9069353,29.6101878,30.875233899999998,21.1388677,infraestrutura_e_dados
399,74.2567413,33.9776151,23.051807699999998,20.8745599,infraestrutura_e_dados
400,67.2545513,35.3677599,24.7431686,19.6423545,infraestrutura_e_dados
401,63.0705007,37.512498,28.725344600000003,26.802442,infraestrutura_e_dados
402,69.5279717,33.8898893,30.6562151,25.8119442,infraestrutura_e_dados
403,61.9389506,31.189646999999997,30.297788799999996,20.7287203,infraestrutura_e_dados
404,62.4139191,33.6220882,31.2115957,21.969006999999998,infraestrutura_e_dados
405,65.9069353,29.6101878,30.875233899999998,21.1388677,infraestrutura_e_dados
406,74.2567413,33.9776151,23.051807699999998,20.8745599,infraestrutura_e_dados
407,67.2545513,35.3677599,24.7431686,19.6423545,infraestrutura_e_dados
408,63.0705007,37.512498,28.725344600000003,26.802442,infraestrutura_e_dados
409,69.5279717,33.8898893,30.6562151,25.8119442,infraestrutura_e_dados
410,61.9389506,31.189646999999997,30.297788799999996,20.7287203,infraestrutura_e_dados
411,62.4139191,33.6220882,31.2115957,21.969006999999998,infraestrutura_e_dados
412,65.9069353,29.6101878,30.875233899999998,21.1388677,infraestrutura_e_dados
413,74.2567413,33.9776151,23.051807699999998,20.8745599,infraestrutura_e_dados
414,67.2545513,35.3677599,24.7431686,19.6423545,infraestrutura_e_dados
415,63.0705007,37.512498,28.725344600000003,26.802442,infraestrutura_e_dados
416,69.5279717,33.8898893,30.6562151,25.8119442,infraestrutura_e_dados
417,61.9389506,31.189646999999997,30.297788799999996,20.7287203,infraestrutura_e_dados
418,62.4139191,33.6220882,31.2115957,21.969006999999998,infraestrutura_e_dados
419,65.9069353,29.6101878,30.875233899999998,21.1388677,infraestrutura_e_dados
420,74.2567413,33.9776151,23.051807699999998,20.8745599,infraestrutura_e_dados
421,67.2545513,35.3677599,24.7431686,19.6423545,infraestrutura_e_dados
422,63.0705007,37.512498,28.725344600000003,26.802442,infraestrutura_e_dados
423,69.5279717,33.8898893,30.6562151,25.8119442,infraestrutura_e_dados
424,74.2567413,33.9776151,23.051807699999998,20.8745599,infraestrutura_e_dados
425,67.2545513,35.3677599,24.7431686,19.6423545,infraestrutura_e_dados
426,63.0705007,37.512498,28.725344600000003,26.802442,infraestrutura_e_dados
427,69.5279717,33.8898893,30.6562151,25.8119442,infraestrutura_e_dados
428,61.9389506,31.189646999999997,30.297788799999996,20.7287203,infraestrutura_e_dados
429,62.4139191,33.6220882,31.2115957,21.969006999999998,infraestrutura_e_dados
430,65.9069353,29.6101878,30.875233899999998,21.1388677,infraestrutura_e_dados
431,74.2567413,33.9776151,23.051807699999998,20.8745599,infraestrutura_e_dados
432,67.2545513,35.3677599,24.7431686,19.6423545,infraestrutura_e_dados
433,63.0705007,37.512498,28.725344600000003,26.802442,infraestrutura_e_dados
434,69.5279717,33.8898893,30.6562151,25.8119442,infraestrutura_e_dados
435,61.9389506,31.189646999999997,30.297788799999996,20.7287203,infraestrutura_e_dados
436,62.4139191,33.6220882,31.2115957,21.969006999999998,infraestrutura_e_dados
437,65.9069353,29.6101878,30.875233899999998,21.1388677,infraestrutura_e_dados
438,74.2567413,33.9776151,23.051807699999998,20.8745599,infraestrutura_e_dados
439,67.2545513,35.3677599,24.7431686,19.6423545,infraestrutura_e_dados
440,63.0705007,37.512498,28.725344600000003,26.802442,infraestrutura_e_dados
441,69.5279717,33.8898893,30.6562151,25.8119442,infraestrutura_e_dados
442,61.9389506,31.189646999999997,30.297788799999996,20.7287203,infraestrutura_e_dados
443,62.4139191,33.6220882,31.2115957,21.969006999999998,infraestrutura_e_dados
444,65.9069353,29.6101878,30.875233899999998,21.1388677,infraestrutura_e_dados
445,74.2567413,33.9776151,23.051807699999998,20.8745599,infraestrutura_e_dados
446,67.2545513,35.3677599,24.7431686,19.6423545,infraestrutura_e_dados
447,63.0705007,37.512498,28.725344600000003,26.802442,infraestrutura_e_dados
448,69.5279717,33.8898893,30.6562151,25.8119442,infraestrutura_e_dados
449,61.9389506,31.189646999999997,30.297788799999996,20.7287203,infraestrutura_e_dados
450,62.4139191,33.6220882,31.2115957,21.969006999999998,infraestrutura_e_dados
451,65.9069353,29.6101878,30.875233899999998,21.1388677,infraestrutura_e_dados
452,74.2567413,33.9776151,23.051807699999998,20.8745599,infraestrutura_e_dados
453,67.2545513,35.3677599,24.7431686,19.6423545,infraestrutura_e_dados
454,63.0705007,37.512498,28.725344600000003,26.802442,infraestrutura_e_dados
455,69.5279717,33.8898893,30.6562151,25.8119442,infraestrutura_e_dados
456,61.9389506,31.189646999999997,30.297788799999996,20.7287203,infraestrutura_e_dados
457,62.4139191,33.6220882,31.2115957,21.969006999999998,infraestrutura_e_dados
458,65.9069353,29.6101878,30.875233899999998,21.1388677,infraestrutura_e_dados
459,74.2567413,33.9776151,23.051807699999998,20.8745599,infraestrutura_e_dados
460,67.2545513,35.3677599,24.7431686,19.6423545,infraestrutura_e_dados
461,63.0705007,37.512498,28.725344600000003,26.802442,infraestrutura_e_dados
462,69.5279717,33.8898893,30.6562151,25.8119442,infraestrutura_e_dados
463,61.9389506,31.189646999999997,30.297788799999996,20.7287203,infraestrutura_e_dados
464,62.4139191,33.6220882,31.2115957,21.969006999999998,infraestrutura_e_dados
465,65.9069353,29.6101878,30.875233899999998,21.1388677,infraestrutura_e_dados
466,74.2567413,33.9776151,23.051807699999998,20.8745599,infraestrutura_e_dados
467,67.2545513,35.3677599,24.7431686,19.6423545,infraestrutura_e_dados
468,63.0705007,37.512498,28.725344600000003,26.802442,infraestrutura_e_dados
469,69.5279717,33.8898893,30.6562151,25.8119442,infraestrutura_e_dados
470,61.9389506,31.189646999999997,30.297788799999996,20.7287203,infraestrutura_e_dados
471,62.4139191,33.6220882,31.2115957,21.969006999999998,infraestrutura_e_dados
472,65.9069353,29.6101878,30.875233899999998,21.1388677,infraestrutura_e_dados
473,74.2567413,33.9776151,23.051807699999998,20.8745599,infraestrutura_e_dados
474,67.2545513,35.3677599,24.7431686,19.6423545,infraestrutura_e_dados
475,63.0705007,37.512498,28.725344600000003,26.802442,infraestrutura_e_dados
476,69.5279717,33.8898893,30.6562151,25.8119442,infraestrutura_e_dados
477,61.9389506,31.189646999999997,30.297788799999996,20.7287203,infraestrutura_e_dados
478,62.4139191,33.6220882,31.2115957,21.969006999999998,infraestrutura_e_dados
479,65.9069353,29.6101878,30.875233899999998,21.1388677,infraestrutura_e_dados
480,74.2567413,33.9776151,23.051807699999998,20.8745599,infraestrutura_e_dados
481,67.2545513,35.3677599,24.7431686,19.6423545,infraestrutura_e_dados
482,63.0705007,37.512498,28.725344600000003,26.802442,infraestrutura_e_dados
483,69.5279717,33.8898893,30.6562151,25.8119442,infraestrutura_e_dados
484,61.9389506,31.189646999999997,30.297788799999996,20.7287203,infraestrutura_e_dados
485,62.4139191,33.6220882,31.2115957,21.969006999999998,infraestrutura_e_dados
486,65.9069353,29.6101878,30.875233899999998,21.1388677,infraestrutura_e_dados
487,74.2567413,33.9776151,23.051807699999998,20.8745599,infraestrutura_e_dados
488,67.2545513,35.3677599,24.7431686,19.6423545,infraestrutura_e_dados
489,63.0705007,37.512498,28.725344600000003,26.802442,infraestrutura_e_dados
490,69.5279717,33.8898893,30.6562151,25.8119442,infraestrutura_e_dados
491,61.9389506,31.189646999999997,30.297788799999996,20.7287203,infraestrutura_e_dados
492,62.4139191,33.6220882,31.2115957,21.969006999999998,infraestrutura_e_dados
493,65.9069353,29.6101878,30.875233899999998,21.1388677,infraestrutura_e_dados
494,74.2567413,33.9776151,23.051807699999998,20.8745599,infraestrutura_e_dados
495,67.2545513,35.3677599,24.7431686,19.6423545,infraestrutura_e_dados
496,63.0705007,37.512498,28.725344600000003,26.802442,infraestrutura_e_dados
497,69.5279717,33.8898893,30.6562151,25.8119442,infraestrutura_e_dados
498,61.9389506,31.189646999999997,30.297788799999996,20.7287203,infraestrutura_e_dados
499,62.4139191,33.6220882,31.2115957,21.969006999999998,infraestrutura_e_dados
500,65.9069353,29.6101878,30.875233899999998,21.1388677,infraestrutura_e_dados
501,74.2567413,33.9776151,23.051807699999998,20.8745599,infraestrutura_e_dados
502,67.2545513,35.3677599,24.7431686,19.6423545,infraestrutura_e_dados
503,63.0705007,37.512498,28.725344600000003,26.802442,infraestrutura_e_dados
504,69.5279717,33.8898893,30.6562151,25.8119442,infraestrutura_e_dados
505,61.9389506,31.189646999999997,30.297788799999996,20.7287203,infraestrutura_e_dados
506,62.4139191,33.6220882,31.2115957,21.969006999999998,infraestrutura_e_dados
507,65.9069353,29.6101878,30.875233899999998,21.1388677,infraestrutura_e_dados
508,74.2567413,33.9776151,23.051807699999998,20.8745599,infraestrutura_e_dados
509,67.2545513,35.3677599,24.7431686,19.6423545,infraestrutura_e_dados
510,63.0705007,37.512498,28.725344600000003,26.802442,infraestrutura_e_dados
511,69.5279717,33.8898893,30.6562151,25.8119442,infraestrutura_e_dados
512,61.9389506,31.189646999999997,30.297788799999996,20.7287203,infraestrutura_e_dados
513,62.4139191,33.6220882,31.2115957,21.969006999999998,infraestrutura_e_dados
514,65.9069353,29.6101878,30.875233899999998,21.1388677,infraestrutura_e_dados
515,74.2567413,33.9776151,23.051807699999998,20.8745599,infraestrutura_e_dados
516,67.2545513,35.3677599,24.7431686,19.6423545,infraestrutura_e_dados
517,63.0705007,37.512498,28.725344600000003,26.802442,infraestrutura_e_dados
518,69.5279717,33.8898893,30.6562151,25.8119442,infraestrutura_e_dados
519,61.9389506,31.189646999999997,30.297788799999996,20.7287203,infraestrutura_e_dados
520,62.4139191,33.6220882,31.2115957,21.969006999999998,infraestrutura_e_dados
521,65.9069353,29.6101878,30.875233899999998,21.1388677,infraestrutura_e_dados
522,74.2567413,33.9776151,23.051807699999998,20.8745599,infraestrutura_e_dados
523,67.2545513,35.3677599,24.7431686,19.6423545,infraestrutura_e_dados
524,63.0705007,37.512498,28.725344600000003,26.802442,infraestrutura_e_dados
525,69.5279717,33.8898893,30.6562151,25.8119442,infraestrutura_e_dados
526,61.9389506,31.189646999999997,30.297788799999996,20.7287203,infraestrutura_e_dados
527,62.4139191,33.6220882,31.2115957,21.969006999999998,infraestrutura_e_dados
528,65.9069353,29.6101878,30.875233899999998,21.1388677,infraestrutura_e_dados
529,74.2567413,33.9776151,23.051807699999998,20.8745599,infraestrutura_e_dados
530,67.2545513,35.3677599,24.7431686,19.6423545,infraestrutura_e_dados
531,63.0705007,37.512498,28.725344600000003,26.802442,infraestrutura_e_dados
532,69.5279717,33.8898893,30.6562151,25.8119442,infraestrutura_e_dados
533,61.9389506,31.189646999999997,30.297788799999996,20.7287203,infraestrutura_e_dados
534,62.4139191,33.6220882,31.2115957,21.969006999999998,infraestrutura_e_dados
535,65.9069353,29.6101878,30.875233899999998,21.1388677,infraestrutura_e_dados
536,74.2567413,33.9776151,23.051807699999998,20.8745599,infraestrutura_e_dados
537,67.2545513,35.3677599,24.7431686,19.6423545,infraestrutura_e_dados
538,63.0705007,37.512498,28.725344600000003,26.802442,infraestrutura_e_dados
539,69.5279717,33.8898893,30.6562151,25.8119442,infraestrutura_e_dados
540,63.1497733,34.104449100000004,29.915490700000003,17.5266599,desenvolvimento_e_engenharia_de_produto
541,59.1029025,39.256068,27.2280117,24.2369918,desenvolvimento_e_engenharia_de_produto
542,48.0454565,47.3793463,30.649635600000003,22.8445626,desenvolvimento_e_engenharia_de_produto
543,62.7532204,32.968859,24.7679587,29.453476699999996,desenvolvimento_e_engenharia_de_produto
544,66.38067939999999,25.3705946,31.8438732,28.6176696,desenvolvimento_e_engenharia_de_produto
545,63.1497733,34.104449100000004,29.915490700000003,17.5266599,desenvolvimento_e_engenharia_de_produto
546,59.1029025,39.256068,27.2280117,24.2369918,desenvolvimento_e_engenharia_de_produto
547,48.0454565,47.3793463,30.649635600000003,22.8445626,desenvolvimento_e_engenharia_de_produto
548,62.7532204,32.968859,24.7679587,29.453476699999996,desenvolvimento_e_engenharia_de_produto
549,66.38067939999999,25.3705946,31.8438732,28.6176696,desenvolvimento_e_engenharia_de_produto
550,63.1497733,34.104449100000004,29.915490700000003,17.5266599,desenvolvimento_e_engenharia_de_produto
551,59.1029025,39.256068,27.2280117,24.2369918,desenvolvimento_e_engenharia_de_produto
552,48.0454565,47.3793463,30.649635600000003,22.8445626,desenvolvimento_e_engenharia_de_produto
553,62.7532204,32.968859,24.7679587,29.453476699999996,desenvolvimento_e_engenharia_de_produto
554,66.38067939999999,25.3705946,31.8438732,28.6176696,desenvolvimento_e_engenharia_de_produto
555,63.1497733,34.104449100000004,29.915490700000003,17.5266599,desenvolvimento_e_engenharia_de_produto
556,59.1029025,39.256068,27.2280117,24.2369918,desenvolvimento_e_engenharia_de_produto
557,48.0454565,47.3793463,30.649635600000003,22.8445626,desenvolvimento_e_engenharia_de_produto
558,62.7532204,32.968859,24.7679587,29.453476699999996,desenvolvimento_e_engenharia_de_produto
559,66.38067939999999,25.3705946,31.8438732,28.6176696,desenvolvimento_e_engenharia_de_produto
560,63.1497733,34.104449100000004,29.915490700000003,17.5266599,desenvolvimento_e_engenharia_de_produto
561,59.1029025,39.256068,27.2280117,24.2369918,desenvolvimento_e_engenharia_de_produto
562,48.0454565,47.3793463,30.649635600000003,22.8445626,desenvolvimento_e_engenharia_de_produto
563,62.7532204,32.968859,24.7679587,29.453476699999996,desenvolvimento_e_engenharia_de_produto
564,66.38067939999999,25.3705946,31.8438732,28.6176696,desenvolvimento_e_engenharia_de_produto
565,63.1497733,34.104449100000004,29.915490700000003,17.5266599,desenvolvimento_e_engenharia_de_produto
566,59.1029025,39.256068,27.2280117,24.2369918,desenvolvimento_e_engenharia_de_produto
567,48.0454565,47.3793463,30.649635600000003,22.8445626,desenvolvimento_e_engenharia_de_produto
568,62.7532204,32.968859,24.7679587,29.453476699999996,desenvolvimento_e_engenharia_de_produto
569,66.38067939999999,25.3705946,31.8438732,28.6176696,desenvolvimento_e_engenharia_de_produto
570,63.1497733,34.104449100000004,29.915490700000003,17.5266599,desenvolvimento_e_engenharia_de_produto
571,59.1029025,39.256068,27.2280117,24.2369918,desenvolvimento_e_engenharia_de_produto
572,48.0454565,47.3793463,30.649635600000003,22.8445626,desenvolvimento_e_engenharia_de_produto
573,62.7532204,32.968859,24.7679587,29.453476699999996,desenvolvimento_e_engenharia_de_produto
574,66.38067939999999,25.3705946,31.8438732,28.6176696,desenvolvimento_e_engenharia_de_produto
575,63.1497733,34.104449100000004,29.915490700000003,17.5266599,desenvolvimento_e_engenharia_de_produto
576,59.1029025,39.256068,27.2280117,24.2369918,desenvolvimento_e_engenharia_de_produto
577,48.0454565,47.3793463,30.649635600000003,22.8445626,desenvolvimento_e_engenharia_de_produto
578,62.7532204,32.968859,24.7679587,29.453476699999996,desenvolvimento_e_engenharia_de_produto
579,66.38067939999999,25.3705946,31.8438732,28.6176696,desenvolvimento_e_engenharia_de_produto
580,63.1497733,34.104449100000004,29.915490700000003,17.5266599,desenvolvimento_e_engenharia_de_produto
581,59.1029025,39.256068,27.2280117,24.2369918,desenvolvimento_e_engenharia_de_produto
582,48.0454565,47.3793463,30.649635600000003,22.8445626,desenvolvimento_e_engenharia_de_produto
583,62.7532204,32.968859,24.7679587,29.453476699999996,desenvolvimento_e_engenharia_de_produto
584,66.38067939999999,25.3705946,31.8438732,28.6176696,desenvolvimento_e_engenharia_de_produto
585,63.1497733,34.104449100000004,29.915490700000003,17.5266599,desenvolvimento_e_engenharia_de_produto
586,59.1029025,39.256068,27.2280117,24.2369918,desenvolvimento_e_engenharia_de_produto
587,48.0454565,47.3793463,30.649635600000003,22.8445626,desenvolvimento_e_engenharia_de_produto
588,62.7532204,32.968859,24.7679587,29.453476699999996,desenvolvimento_e_engenharia_de_produto
589,66.38067939999999,25.3705946,31.8438732,28.6176696,desenvolvimento_e_engenharia_de_produto
590,63.1497733,34.104449100000004,29.915490700000003,17.5266599,desenvolvimento_e_engenharia_de_produto
591,59.1029025,39.256068,27.2280117,24.2369918,desenvolvimento_e_engenharia_de_produto
592,48.0454565,47.3793463,30.649635600000003,22.8445626,desenvolvimento_e_engenharia_de_produto
593,62.7532204,32.968859,24.7679587,29.453476699999996,desenvolvimento_e_engenharia_de_produto
594,66.38067939999999,25.3705946,31.8438732,28.6176696,desenvolvimento_e_engenharia_de_produto
595,63.1497733,34.104449100000004,29.915490700000003,17.5266599,desenvolvimento_e_engenharia_de_produto
596,59.1029025,39.256068,27.2280117,24.2369918,desenvolvimento_e_engenharia_de_produto
597,48.0454565,47.3793463,30.649635600000003,22.8445626,desenvolvimento_e_engenharia_de_produto
598,62.7532204,32.968859,24.7679587,29.453476699999996,desenvolvimento_e_engenharia_de_produto
599,66.38067939999999,25.3705946,31.8438732,28.6176696,desenvolvimento_e_engenharia_de_produto
600,63.1497733,34.104449100000004,29.915490700000003,17.5266599,desenvolvimento_e_engenharia_de_produto
601,59.1029025,39.256068,27.2280117,24.2369918,desenvolvimento_e_engenharia_de_produto
602,48.0454565,47.3793463,30.649635600000003,22.8445626,desenvolvimento_e_engenharia_de_produto
603,62.7532204,32.968859,24.7679587,29.453476699999996,desenvolvimento_e_engenharia_de_produto
604,66.38067939999999,25.3705946,31.8438732,28.6176696,desenvolvimento_e_engenharia_de_produto
605,63.1497733,34.104449100000004,29.915490700000003,17.5266599,desenvolvimento_e_engenharia_de_produto
606,59.1029025,39.256068,27.2280117,24.2369918,desenvolvimento_e_engenharia_de_produto
607,48.0454565,47.3793463,30.649635600000003,22.8445626,desenvolvimento_e_engenharia_de_produto
608,62.7532204,32.968859,24.7679587,29.453476699999996,desenvolvimento_e_engenharia_de_produto
609,66.38067939999999,25.3705946,31.8438732,28.6176696,desenvolvimento_e_engenharia_de_produto
610,63.1497733,34.104449100000004,29.915490700000003,17.5266599,desenvolvimento_e_engenharia_de_produto
611,59.1029025,39.256068,27.2280117,24.2369918,desenvolvimento_e_engenharia_de_produto
612,48.0454565,47.3793463,30.649635600000003,22.8445626,desenvolvimento_e_engenharia_de_produto
613,62.7532204,32.968859,24.7679587,29.453476699999996,desenvolvimento_e_engenharia_de_produto
614,66.38067939999999,25.3705946,31.8438732,28.6176696,desenvolvimento_e_engenharia_de_produto
615,63.1497733,34.104449100000004,29.915490700000003,17.5266599,desenvolvimento_e_engenharia_de_produto
616,59.1029025,39.256068,27.2280117,24.2369918,desenvolvimento_e_engenharia_de_produto
617,48.0454565,47.3793463,30.649635600000003,22.8445626,desenvolvimento_e_engenharia_de_produto
618,62.7532204,32.968859,24.7679587,29.453476699999996,desenvolvimento_e_engenharia_de_produto
619,66.38067939999999,25.3705946,31.8438732,28.6176696,desenvolvimento_e_engenharia_de_produto
620,63.1497733,34.104449100000004,29.915490700000003,17.5266599,desenvolvimento_e_engenharia_de_produto
621,59.1029025,39.256068,27.2280117,24.2369918,desenvolvimento_e_engenharia_de_produto
622,48.0454565,47.3793463,30.649635600000003,22.8445626,desenvolvimento_e_engenharia_de_produto
623,62.7532204,32.968859,24.7679587,29.453476699999996,desenvolvimento_e_engenharia_de_produto
624,66.38067939999999,25.3705946,31.8438732,28.6176696,desenvolvimento_e_engenharia_de_produto
625,63.1497733,34.104449100000004,29.915490700000003,17.5266599,desenvolvimento_e_engenharia_de_produto
626,59.1029025,39.256068,27.2280117,24.2369918,desenvolvimento_e_engenharia_de_produto
627,48.0454565,47.3793463,30.649635600000003,22.8445626,desenvolvimento_e_engenharia_de_produto
628,62.7532204,32.968859,24.7679587,29.453476699999996,desenvolvimento_e_engenharia_de_produto
629,66.38067939999999,25.3705946,31.8438732,28.6176696,desenvolvimento_e_engenharia_de_produto
630,63.1497733,34.104449100000004,29.915490700000003,17.5266599,desenvolvimento_e_engenharia_de_produto
631,59.1029025,39.256068,27.2280117,24.2369918,desenvolvimento_e_engenharia_de_produto
632,48.0454565,47.3793463,30.649635600000003,22.8445626,desenvolvimento_e_engenharia_de_produto
633,62.7532204,32.968859,24.7679587,29.453476699999996,desenvolvimento_e_engenharia_de_produto
634,66.38067939999999,25.3705946,31.8438732,28.6176696,desenvolvimento_e_engenharia_de_produto
635,63.1497733,34.104449100000004,29.915490700000003,17.5266599,desenvolvimento_e_engenharia_de_produto
636,59.1029025,39.256068,27.2280117,24.2369918,desenvolvimento_e_engenharia_de_produto
637,48.0454565,47.3793463,30.649635600000003,22.8445626,desenvolvimento_e_engenharia_de_produto
638,62.7532204,32.968859,24.7679587,29.453476699999996,desenvolvimento_e_engenharia_de_produto
639,66.38067939999999,25.3705946,31.8438732,28.6176696,desenvolvimento_e_engenharia_de_produto
640,63.1497733,34.104449100000004,29.915490700000003,17.5266599,desenvolvimento_e_engenharia_de_produto
641,59.1029025,39.256068,27.2280117,24.2369918,desenvolvimento_e_engenharia_de_produto
642,48.0454565,47.3793463,30.649635600000003,22.8445626,desenvolvimento_e_engenharia_de_produto
643,62.7532204,32.968859,24.7679587,29.453476699999996,desenvolvimento_e_engenharia_de_produto
644,66.38067939999999,25.3705946,31.8438732,28.6176696,desenvolvimento_e_engenharia_de_produto
645,63.1497733,34.104449100000004,29.915490700000003,17.5266599,desenvolvimento_e_engenharia_de_produto
646,59.1029025,39.256068,27.2280117,24.2369918,desenvolvimento_e_engenharia_de_produto
647,48.0454565,47.3793463,30.649635600000003,22.8445626,desenvolvimento_e_engenharia_de_produto
648,62.7532204,32.968859,24.7679587,29.453476699999996,desenvolvimento_e_engenharia_de_produto
649,66.38067939999999,25.3705946,31.8438732,28.6176696,desenvolvimento_e_engenharia_de_produto
650,63.1497733,34.104449100000004,29.915490700000003,17.5266599,desenvolvimento_e_engenharia_de_produto
651,59.1029025,39.256068,27.2280117,24.2369918,desenvolvimento_e_engenharia_de_produto
652,48.0454565,47.3793463,30.649635600000003,22.8445626,desenvolvimento_e_engenharia_de_produto
653,62.7532204,32.968859,24.7679587,29.453476699999996,desenvolvimento_e_engenharia_de_produto
654,66.38067939999999,25.3705946,31.8438732,28.6176696,desenvolvimento_e_engenharia_de_produto
655,63.1497733,34.104449100000004,29.915490700000003,17.5266599,desenvolvimento_e_engenharia_de_produto
656,59.1029025,39.256068,27.2280117,24.2369918,desenvolvimento_e_engenharia_de_produto
657,48.0454565,47.3793463,30.649635600000003,22.8445626,desenvolvimento_e_engenharia_de_produto
658,62.7532204,32.968859,24.7679587,29.453476699999996,desenvolvimento_e_engenharia_de_produto
659,66.38067939999999,25.3705946,31.8438732,28.6176696,desenvolvimento_e_engenharia_de_produto
660,63.1497733,34.104449100000004,29.915490700000003,17.5266599,desenvolvimento_e_engenharia_de_produto
661,59.1029025,39.256068,27.2280117,24.2369918,desenvolvimento_e_engenharia_de_produto
662,48.0454565,47.3793463,30.649635600000003,22.8445626,desenvolvimento_e_engenharia_de_produto
663,62.7532204,32.968859,24.7679587,29.453476699999996,desenvolvimento_e_engenharia_de_produto
664,66.38067939999999,25.3705946,31.8438732,28.6176696,desenvolvimento_e_engenharia_de_produto
665,63.1497733,34.104449100000004,29.915490700000003,17.5266599,desenvolvimento_e_engenharia_de_produto
666,59.1029025,39.256068,27.2280117,24.2369918,desenvolvimento_e_engenharia_de_produto
667,48.0454565,47.3793463,30.649635600000003,22.8445626,desenvolvimento_e_engenharia_de_produto
668,62.7532204,32.968859,24.7679587,29.453476699999996,desenvolvimento_e_engenharia_de_produto
669,66.38067939999999,25.3705946,31.8438732,28.6176696,desenvolvimento_e_engenharia_de_produto
670,63.1497733,34.104449100000004,29.915490700000003,17.5266599,desenvolvimento_e_engenharia_de_produto
671,59.1029025,39.256068,27.2280117,24.2369918,desenvolvimento_e_engenharia_de_produto
672,48.0454565,47.3793463,30.649635600000003,22.8445626,desenvolvimento_e_engenharia_de_produto
673,62.7532204,32.968859,24.7679587,29.453476699999996,desenvolvimento_e_engenharia_de_produto
674,66.38067939999999,25.3705946,31.8438732,28.6176696,desenvolvimento_e_engenharia_de_produto
675,63.1497733,34.104449100000004,29.915490700000003,17.5266599,desenvolvimento_e_engenharia_de_produto
676,59.1029025,39.256068,27.2280117,24.2369918,desenvolvimento_e_engenharia_de_produto
677,48.0454565,47.3793463,30.649635600000003,22.8445626,desenvolvimento_e_engenharia_de_produto
678,62.7532204,32.968859,24.7679587,29.453476699999996,desenvolvimento_e_engenharia_de_produto
679,66.38067939999999,25.3705946,31.8438732,28.6176696,desenvolvimento_e_engenharia_de_produto
680,63.1497733,34.104449100000004,29.915490700000003,17.5266599,desenvolvimento_e_engenharia_de_produto
681,59.1029025,39.256068,27.2280117,24.2369918,desenvolvimento_e_engenharia_de_produto
682,48.0454565,47.3793463,30.649635600000003,22.8445626,desenvolvimento_e_engenharia_de_produto
683,62.7532204,32.968859,24.7679587,29.453476699999996,desenvolvimento_e_engenharia_de_produto
684,66.38067939999999,25.3705946,31.8438732,28.6176696,desenvolvimento_e_engenharia_de_produto
685,63.1497733,34.104449100000004,29.915490700000003,17.5266599,desenvolvimento_e_engenharia_de_produto
686,59.1029025,39.256068,27.2280117,24.2369918,desenvolvimento_e_engenharia_de_produto
687,48.0454565,47.3793463,30.649635600000003,22.8445626,desenvolvimento_e_engenharia_de_produto
688,62.7532204,32.968859,24.7679587,29.453476699999996,desenvolvimento_e_engenharia_de_produto
689,66.38067939999999,25.3705946,31.8438732,28.6176696,desenvolvimento_e_engenharia_de_produto
690,63.1497733,34.104449100000004,29.915490700000003,17.5266599,desenvolvimento_e_engenharia_de_produto
691,59.1029025,39.256068,27.2280117,24.2369918,desenvolvimento_e_engenharia_de_produto
692,48.0454565,47.3793463,30.649635600000003,22.8445626,desenvolvimento_e_engenharia_de_produto
693,62.7532204,32.968859,24.7679587,29.453476699999996,desenvolvimento_e_engenharia_de_produto
694,66.38067939999999,25.3705946,31.8438732,28.6176696,desenvolvimento_e_engenharia_de_produto
695,63.1497733,34.104449100000004,29.915490700000003,17.5266599,desenvolvimento_e_engenharia_de_produto
696,59.1029025,39.256068,27.2280117,24.2369918,desenvolvimento_e_engenharia_de_produto
697,48.0454565,47.3793463,30.649635600000003,22.8445626,desenvolvimento_e_engenharia_de_produto
698,62.7532204,32.968859,24.7679587,29.453476699999996,desenvolvimento_e_engenharia_de_produto
699,66.38067939999999,25.3705946,31.8438732,28.6176696,desenvolvimento_e_engenharia_de_produto
700,63.1497733,34.104449100000004,29.915490700000003,17.5266599,desenvolvimento_e_engenharia_de_produto
701,59.1029025,39.256068,27.2280117,24.2369918,desenvolvimento_e_engenharia_de_produto
702,48.0454565,47.3793463,30.649635600000003,22.8445626,desenvolvimento_e_engenharia_de_produto
703,62.7532204,32.968859,24.7679587,29.453476699999996,desenvolvimento_e_engenharia_de_produto
704,66.38067939999999,25.3705946,31.8438732,28.6176696,desenvolvimento_e_engenharia_de_produto
705,63.1497733,34.104449100000004,29.915490700000003,17.5266599,desenvolvimento_e_engenharia_de_produto
706,59.1029025,39.256068,27.2280117,24.2369918,desenvolvimento_e_engenharia_de_produto
707,48.0454565,47.3793463,30.649635600000003,22.8445626,desenvolvimento_e_engenharia_de_produto
708,62.7532204,32.968859,24.7679587,29.453476699999996,desenvolvimento_e_engenharia_de_produto
709,66.38067939999999,25.3705946,31.8438732,28.6176696,desenvolvimento_e_engenharia_de_produto
710,63.1497733,34.104449100000004,29.915490700000003,17.5266599,desenvolvimento_e_engenharia_de_produto
711,59.1029025,39.256068,27.2280117,24.2369918,desenvolvimento_e_engenharia_de_produto
712,48.0454565,47.3793463,30.649635600000003,22.8445626,desenvolvimento_e_engenharia_de_produto
713,62.7532204,32.968859,24.7679587,29.453476699999996,desenvolvimento_e_engenharia_de_produto
714,66.38067939999999,25.3705946,31.8438732,28.6176696,desenvolvimento_e_engenharia_de_produto
715,63.1497733,34.104449100000004,29.915490700000003,17.5266599,desenvolvimento_e_engenharia_de_produto
716,59.1029025,39.256068,27.2280117,24.2369918,desenvolvimento_e_engenharia_de_produto
717,48.0454565,47.3793463,30.649635600000003,22.8445626,desenvolvimento_e_engenharia_de_produto
718,62.7532204,32.968859,24.7679587,29.453476699999996,desenvolvimento_e_engenharia_de_produto
719,66.38067939999999,25.3705946,31.8438732,28.6176696,desenvolvimento_e_engenharia_de_produto
720,63.1497733,34.104449100000004,29.915490700000003,17.5266599,desenvolvimento_e_engenharia_de_produto
721,59.1029025,39.256068,27.2280117,24.2369918,desenvolvimento_e_engenharia_de_produto
722,48.0454565,47.3793463,30.649635600000003,22.8445626,desenvolvimento_e_engenharia_de_produto
723,62.7532204,32.968859,24.7679587,29.453476699999996,desenvolvimento_e_engenharia_de_produto
724,66.38067939999999,25.3705946,31.8438732,28.6176696,desenvolvimento_e_engenharia_de_produto
725,63.1497733,34.104449100000004,29.915490700000003,17.5266599,desenvolvimento_e_engenharia_de_produto
726,59.1029025,39.256068,27.2280117,24.2369918,desenvolvimento_e_engenharia_de_produto
727,48.0454565,47.3793463,30.649635600000003,22.8445626,desenvolvimento_e_engenharia_de_produto
728,62.7532204,32.968859,24.7679587,29.453476699999996,desenvolvimento_e_engenharia_de_produto
729,66.38067939999999,25.3705946,31.8438732,28.6176696,desenvolvimento_e_engenharia_de_produto
730,63.1497733,34.104449100000004,29.915490700000003,17.5266599,desenvolvimento_e_engenharia_de_produto
731,59.1029025,39.256068,27.2280117,24.2369918,desenvolvimento_e_engenharia_de_produto
732,48.0454565,47.3793463,30.649635600000003,22.8445626,desenvolvimento_e_engenharia_de_produto
733,62.7532204,32.968859,24.7679587,29.453476699999996,desenvolvimento_e_engenharia_de_produto
734,66.38067939999999,25.3705946,31.8438732,28.6176696,desenvolvimento_e_engenharia_de_produto
735,63.1497733,34.104449100000004,29.915490700000003,17.5266599,desenvolvimento_e_engenharia_de_produto
736,59.1029025,39.256068,27.2280117,24.2369918,desenvolvimento_e_engenharia_de_produto
737,48.0454565,47.3793463,30.649635600000003,22.8445626,desenvolvimento_e_engenharia_de_produto
738,62.7532204,32.968859,24.7679587,29.453476699999996,desenvolvimento_e_engenharia_de_produto
739,66.38067939999999,25.3705946,31.8438732,28.6176696,desenvolvimento_e_engenharia_de_produto
740,63.1497733,34.104449100000004,29.915490700000003,17.5266599,desenvolvimento_e_engenharia_de_produto
741,59.1029025,39.256068,27.2280117,24.2369918,desenvolvimento_e_engenharia_de_produto
742,48.0454565,47.3793463,30.649635600000003,22.8445626,desenvolvimento_e_engenharia_de_produto
743,62.7532204,32.968859,24.7679587,29.453476699999996,desenvolvimento_e_engenharia_de_produto
744,66.38067939999999,25.3705946,31.8438732,28.6176696,desenvolvimento_e_engenharia_de_produto
745,63.1497733,34.104449100000004,29.915490700000003,17.5266599,desenvolvimento_e_engenharia_de_produto
746,59.1029025,39.256068,27.2280117,24.2369918,desenvolvimento_e_engenharia_de_produto
747,48.0454565,47.3793463,30.649635600000003,22.8445626,desenvolvimento_e_engenharia_de_produto
748,62.7532204,32.968859,24.7679587,29.453476699999996,desenvolvimento_e_engenharia_de_produto
749,66.38067939999999,25.3705946,31.8438732,28.6176696,desenvolvimento_e_engenharia_de_produto
750,63.1497733,34.104449100000004,29.915490700000003,17.5266599,desenvolvimento_e_engenharia_de_produto
751,59.1029025,39.256068,27.2280117,24.2369918,desenvolvimento_e_engenharia_de_produto
752,48.0454565,47.3793463,30.649635600000003,22.8445626,desenvolvimento_e_engenharia_de_produto
753,62.7532204,32.968859,24.7679587,29.453476699999996,desenvolvimento_e_engenharia_de_produto
754,66.38067939999999,25.3705946,31.8438732,28.6176696,desenvolvimento_e_engenharia_de_produto
755,63.1497733,34.104449100000004,29.915490700000003,17.5266599,desenvolvimento_e_engenharia_de_produto
756,59.1029025,39.256068,27.2280117,24.2369918,desenvolvimento_e_engenharia_de_produto
757,48.0454565,47.3793463,30.649635600000003,22.8445626,desenvolvimento_e_engenharia_de_produto
758,62.7532204,32.968859,24.7679587,29.453476699999996,desenvolvimento_e_engenharia_de_produto
759,66.38067939999999,25.3705946,31.8438732,28.6176696,desenvolvimento_e_engenharia_de_produto
760,63.1497733,34.104449100000004,29.915490700000003,17.5266599,desenvolvimento_e_engenharia_de_produto
761,59.1029025,39.256068,27.2280117,24.2369918,desenvolvimento_e_engenharia_de_produto
762,48.0454565,47.3793463,30.649635600000003,22.8445626,desenvolvimento_e_engenharia_de_produto
763,62.7532204,32.968859,24.7679587,29.453476699999996,desenvolvimento_e_engenharia_de_produto
764,66.38067939999999,25.3705946,31.8438732,28.6176696,desenvolvimento_e_engenharia_de_produto
765,63.1497733,34.104449100000004,29.915490700000003,17.5266599,desenvolvimento_e_engenharia_de_produto
766,59.1029025,39.256068,27.2280117,24.2369918,desenvolvimento_e_engenharia_de_produto
767,48.0454565,47.3793463,30.649635600000003,22.8445626,desenvolvimento_e_engenharia_de_produto
768,62.7532204,32.968859,24.7679587,29.453476699999996,desenvolvimento_e_engenharia_de_produto
769,66.38067939999999,25.3705946,31.8438732,28.6176696,desenvolvimento_e_engenharia_de_produto
770,63.1497733,34.104449100000004,29.915490700000003,17.5266599,desenvolvimento_e_engenharia_de_produto
771,59.1029025,39.256068,27.2280117,24.2369918,desenvolvimento_e_engenharia_de_produto
772,48.0454565,47.3793463,30.649635600000003,22.8445626,desenvolvimento_e_engenharia_de_produto
773,62.7532204,32.968859,24.7679587,29.453476699999996,desenvolvimento_e_engenharia_de_produto
774,66.38067939999999,25.3705946,31.8438732,28.6176696,desenvolvimento_e_engenharia_de_produto
775,63.1497733,34.104449100000004,29.915490700000003,17.5266599,desenvolvimento_e_engenharia_de_produto
776,59.1029025,39.256068,27.2280117,24.2369918,desenvolvimento_e_engenharia_de_produto
777,48.0454565,47.3793463,30.649635600000003,22.8445626,desenvolvimento_e_engenharia_de_produto
778,62.7532204,32.968859,24.7679587,29.453476699999996,desenvolvimento_e_engenharia_de_produto
779,66.38067939999999,25.3705946,31.8438732,28.6176696,desenvolvimento_e_engenharia_de_produto
780,63.1497733,34.104449100000004,29.915490700000003,17.5266599,desenvolvimento_e_engenharia_de_produto
781,59.1029025,39.256068,27.2280117,24.2369918,desenvolvimento_e_engenharia_de_produto
782,48.0454565,47.3793463,30.649635600000003,22.8445626,desenvolvimento_e_engenharia_de_produto
783,62.7532204,32.968859,24.7679587,29.453476699999996,desenvolvimento_e_engenharia_de_produto
784,66.38067939999999,25.3705946,31.8438732,28.6176696,desenvolvimento_e_engenharia_de_produto
785,63.1497733,34.104449100000004,29.915490700000003,17.5266599,desenvolvimento_e_engenharia_de_produto
786,59.1029025,39.256068,27.2280117,24.2369918,desenvolvimento_e_engenharia_de_produto
787,48.0454565,47.3793463,30.649635600000003,22.8445626,desenvolvimento_e_engenharia_de_produto
788,62.7532204,32.968859,24.7679587,29.453476699999996,desenvolvimento_e_engenharia_de_produto
789,66.38067939999999,25.3705946,31.8438732,28.6176696,desenvolvimento_e_engenharia_de_produto
790,63.1497733,34.104449100000004,29.915490700000003,17.5266599,desenvolvimento_e_engenharia_de_produto
791,59.1029025,39.256068,27.2280117,24.2369918,desenvolvimento_e_engenharia_de_produto
792,48.0454565,47.3793463,30.649635600000003,22.8445626,desenvolvimento_e_engenharia_de_produto
793,62.7532204,32.968859,24.7679587,29.453476699999996,desenvolvimento_e_engenharia_de_produto
794,66.38067939999999,25.3705946,31.8438732,28.6176696,desenvolvimento_e_engenharia_de_produto
795,63.1497733,34.104449100000004,29.915490700000003,17.5266599,desenvolvimento_e_engenharia_de_produto
796,59.1029025,39.256068,27.2280117,24.2369918,desenvolvimento_e_engenharia_de_produto
797,48.0454565,47.3793463,30.649635600000003,22.8445626,desenvolvimento_e_engenharia_de_produto
798,62.7532204,32.968859,24.7679587,29.453476699999996,desenvolvimento_e_engenharia_de_produto
799,66.38067939999999,25.3705946,31.8438732,28.6176696,desenvolvimento_e_engenharia_de_produto
800,63.1497733,34.104449100000004,29.915490700000003,17.5266599,desenvolvimento_e_engenharia_de_produto
801,59.1029025,39.256068,27.2280117,24.2369918,desenvolvimento_e_engenharia_de_produto
802,48.0454565,47.3793463,30.649635600000003,22.8445626,desenvolvimento_e_engenharia_de_produto
803,62.7532204,32.968859,24.7679587,29.453476699999996,desenvolvimento_e_engenharia_de_produto
804,66.38067939999999,25.3705946,31.8438732,28.6176696,desenvolvimento_e_engenharia_de_produto
805,63.1497733,34.104449100000004,29.915490700000003,17.5266599,desenvolvimento_e_engenharia_de_produto
806,59.1029025,39.256068,27.2280117,24.2369918,desenvolvimento_e_engenharia_de_produto
807,48.0454565,47.3793463,30.649635600000003,22.8445626,desenvolvimento_e_engenharia_de_produto
808,62.7532204,32.968859,24.7679587,29.453476699999996,desenvolvimento_e_engenharia_de_produto
809,66.38067939999999,25.3705946,31.8438732,28.6176696,desenvolvimento_e_engenharia_de_produto
810,63.1497733,34.104449100000004,29.915490700000003,17.5266599,desenvolvimento_e_engenharia_de_produto
811,59.1029025,39.256068,27.2280117,24.2369918,desenvolvimento_e_engenharia_de_produto
812,48.0454565,47.3793463,30.649635600000003,22.8445626,desenvolvimento_e_engenharia_de_produto
813,62.7532204,32.968859,24.7679587,29.453476699999996,desenvolvimento_e_engenharia_de_produto
814,66.38067939999999,25.3705946,31.8438732,28.6176696,desenvolvimento_e_engenharia_de_produto
815,63.1497733,34.104449100000004,29.915490700000003,17.5266599,desenvolvimento_e_engenharia_de_produto
816,59.1029025,39.256068,27.2280117,24.2369918,desenvolvimento_e_engenharia_de_produto
817,48.0454565,47.3793463,30.649635600000003,22.8445626,desenvolvimento_e_engenharia_de_produto
818,62.7532204,32.968859,24.7679587,29.453476699999996,desenvolvimento_e_engenharia_de_produto
819,66.38067939999999,25.3705946,31.8438732,28.6176696,desenvolvimento_e_engenharia_de_produto
820,63.1497733,34.104449100000004,29.915490700000003,17.5266599,desenvolvimento_e_engenharia_de_produto
821,59.1029025,39.256068,27.2280117,24.2369918,desenvolvimento_e_engenharia_de_produto
822,48.0454565,47.3793463,30.649635600000003,22.8445626,desenvolvimento_e_engenharia_de_produto
823,62.7532204,32.968859,24.7679587,29.453476699999996,desenvolvimento_e_engenharia_de_produto
824,66.38067939999999,25.3705946,31.8438732,28.6176696,desenvolvimento_e_engenharia_de_produto
825,63.1497733,34.104449100000004,29.915490700000003,17.5266599,desenvolvimento_e_engenharia_de_produto
826,59.1029025,39.256068,27.2280117,24.2369918,desenvolvimento_e_engenharia_de_produto
827,48.0454565,47.3793463,30.649635600000003,22.8445626,desenvolvimento_e_engenharia_de_produto
828,62.7532204,32.968859,24.7679587,29.453476699999996,desenvolvimento_e_engenharia_de_produto
829,66.38067939999999,25.3705946,31.8438732,28.6176696,desenvolvimento_e_engenharia_de_produto
830,63.1497733,34.104449100000004,29.915490700000003,17.5266599,desenvolvimento_e_engenharia_de_produto
831,59.1029025,39.256068,27.2280117,24.2369918,desenvolvimento_e_engenharia_de_produto
832,48.0454565,47.3793463,30.649635600000003,22.8445626,desenvolvimento_e_engenharia_de_produto
833,62.7532204,32.968859,24.7679587,29.453476699999996,desenvolvimento_e_engenharia_de_produto
834,66.38067939999999,25.3705946,31.8438732,28.6176696,desenvolvimento_e_engenharia_de_produto
835,63.1497733,34.104449100000004,29.915490700000003,17.5266599,desenvolvimento_e_engenharia_de_produto
836,59.1029025,39.256068,27.2280117,24.2369918,desenvolvimento_e_engenharia_de_produto
837,48.0454565,47.3793463,30.649635600000003,22.8445626,desenvolvimento_e_engenharia_de_produto
838,62.7532204,32.968859,24.7679587,29.453476699999996,desenvolvimento_e_engenharia_de_produto
839,66.38067939999999,25.3705946,31.8438732,28.6176696,desenvolvimento_e_engenharia_de_produto
840,63.1497733,34.104449100000004,29.915490700000003,17.5266599,desenvolvimento_e_engenharia_de_produto
841,59.1029025,39.256068,27.2280117,24.2369918,desenvolvimento_e_engenharia_de_produto
842,48.0454565,47.3793463,30.649635600000003,22.8445626,desenvolvimento_e_engenharia_de_produto
843,62.7532204,32.968859,24.7679587,29.453476699999996,desenvolvimento_e_engenharia_de_produto
844,66.38067939999999,25.3705946,31.8438732,28.6176696,desenvolvimento_e_engenharia_de_produto
845,63.1497733,34.104449100000004,29.915490700000003,17.5266599,desenvolvimento_e_engenharia_de_produto
846,59.1029025,39.256068,27.2280117,24.2369918,desenvolvimento_e_engenharia_de_produto
847,48.0454565,47.3793463,30.649635600000003,22.8445626,desenvolvimento_e_engenharia_de_produto
848,62.7532204,32.968859,24.7679587,29.453476699999996,desenvolvimento_e_engenharia_de_produto
849,66.38067939999999,25.3705946,31.8438732,28.6176696,desenvolvimento_e_engenharia_de_produto
850,63.1497733,34.104449100000004,29.915490700000003,17.5266599,desenvolvimento_e_engenharia_de_produto
851,59.1029025,39.256068,27.2280117,24.2369918,desenvolvimento_e_engenharia_de_produto
852,48.0454565,47.3793463,30.649635600000003,22.8445626,desenvolvimento_e_engenharia_de_produto
853,62.7532204,32.968859,24.7679587,29.453476699999996,desenvolvimento_e_engenharia_de_produto
854,66.38067939999999,25.3705946,31.8438732,28.6176696,desenvolvimento_e_engenharia_de_produto
855,63.1497733,34.104449100000004,29.915490700000003,17.5266599,desenvolvimento_e_engenharia_de_produto
856,59.1029025,39.256068,27.2280117,24.2369918,desenvolvimento_e_engenharia_de_produto
857,48.0454565,47.3793463,30.649635600000003,22.8445626,desenvolvimento_e_engenharia_de_produto
858,62.7532204,32.968859,24.7679587,29.453476699999996,desenvolvimento_e_engenharia_de_produto
859,66.38067939999999,25.3705946,31.8438732,28.6176696,desenvolvimento_e_engenharia_de_produto
860,63.1497733,34.104449100000004,29.915490700000003,17.5266599,desenvolvimento_e_engenharia_de_produto
861,59.1029025,39.256068,27.2280117,24.2369918,desenvolvimento_e_engenharia_de_produto
862,48.0454565,47.3793463,30.649635600000003,22.8445626,desenvolvimento_e_engenharia_de_produto
863,62.7532204,32.968859,24.7679587,29.453476699999996,desenvolvimento_e_engenharia_de_produto
864,66.38067939999999,25.3705946,31.8438732,28.6176696,desenvolvimento_e_engenharia_de_produto
865,63.1497733,34.104449100000004,29.915490700000003,17.5266599,desenvolvimento_e_engenharia_de_produto
866,59.1029025,39.256068,27.2280117,24.2369918,desenvolvimento_e_engenharia_de_produto
867,48.0454565,47.3793463,30.649635600000003,22.8445626,desenvolvimento_e_engenharia_de_produto
868,62.7532204,32.968859,24.7679587,29.453476699999996,desenvolvimento_e_engenharia_de_produto
869,66.38067939999999,25.3705946,31.8438732,28.6176696,desenvolvimento_e_engenharia_de_produto
870,63.1497733,34.104449100000004,29.915490700000003,17.5266599,desenvolvimento_e_engenharia_de_produto
871,59.1029025,39.256068,27.2280117,24.2369918,desenvolvimento_e_engenharia_de_produto
872,48.0454565,47.3793463,30.649635600000003,22.8445626,desenvolvimento_e_engenharia_de_produto
873,62.7532204,32.968859,24.7679587,29.453476699999996,desenvolvimento_e_engenharia_de_produto
874,66.38067939999999,25.3705946,31.8438732,28.6176696,desenvolvimento_e_engenharia_de_produto
875,63.1497733,34.104449100000004,29.915490700000003,17.5266599,desenvolvimento_e_engenharia_de_produto
876,59.1029025,39.256068,27.2280117,24.2369918,desenvolvimento_e_engenharia_de_produto
877,48.0454565,47.3793463,30.649635600000003,22.8445626,desenvolvimento_e_engenharia_de_produto
878,62.7532204,32.968859,24.7679587,29.453476699999996,desenvolvimento_e_engenharia_de_produto
879,66.38067939999999,25.3705946,31.8438732,28.6176696,desenvolvimento_e_engenharia_de_produto
880,63.1497733,34.104449100000004,29.915490700000003,17.5266599,desenvolvimento_e_engenharia_de_produto
881,59.1029025,39.256068,27.2280117,24.2369918,desenvolvimento_e_engenharia_de_produto
882,48.0454565,47.3793463,30.649635600000003,22.8445626,desenvolvimento_e_engenharia_de_produto
883,62.7532204,32.968859,24.7679587,29.453476699999996,desenvolvimento_e_engenharia_de_produto
884,66.38067939999999,25.3705946,31.8438732,28.6176696,desenvolvimento_e_engenharia_de_produto
885,63.1497733,34.104449100000004,29.915490700000003,17.5266599,desenvolvimento_e_engenharia_de_produto
886,59.1029025,39.256068,27.2280117,24.2369918,desenvolvimento_e_engenharia_de_produto
887,48.0454565,47.3793463,30.649635600000003,22.8445626,desenvolvimento_e_engenharia_de_produto
888,62.7532204,32.968859,24.7679587,29.453476699999996,desenvolvimento_e_engenharia_de_produto
889,66.38067939999999,25.3705946,31.8438732,28.6176696,desenvolvimento_e_engenharia_de_produto
890,63.1497733,34.104449100000004,29.915490700000003,17.5266599,desenvolvimento_e_engenharia_de_produto
891,59.1029025,39.256068,27.2280117,24.2369918,desenvolvimento_e_engenharia_de_produto
892,48.0454565,47.3793463,30.649635600000003,22.8445626,desenvolvimento_e_engenharia_de_produto
893,62.7532204,32.968859,24.7679587,29.453476699999996,desenvolvimento_e_engenharia_de_produto
894,66.38067939999999,25.3705946,31.8438732,28.6176696,desenvolvimento_e_engenharia_de_produto
895,63.1497733,34.104449100000004,29.915490700000003,17.5266599,desenvolvimento_e_engenharia_de_produto
896,59.1029025,39.256068,27.2280117,24.2369918,desenvolvimento_e_engenharia_de_produto
897,48.0454565,47.3793463,30.649635600000003,22.8445626,desenvolvimento_e_engenharia_de_produto
898,62.7532204,32.968859,24.7679587,29.453476699999996,desenvolvimento_e_engenharia_de_produto
899,66.38067939999999,25.3705946,31.8438732,28.6176696,desenvolvimento_e_engenharia_de_produto
900,63.1497733,34.104449100000004,29.915490700000003,17.5266599,desenvolvimento_e_engenharia_de_produto
901,59.1029025,39.256068,27.2280117,24.2369918,desenvolvimento_e_engenharia_de_produto
902,48.0454565,47.3793463,30.649635600000003,22.8445626,desenvolvimento_e_engenharia_de_produto
903,62.7532204,32.968859,24.7679587,29.453476699999996,desenvolvimento_e_engenharia_de_produto
904,66.38067939999999,25.3705946,31.8438732,28.6176696,desenvolvimento_e_engenharia_de_produto
905,63.1497733,34.104449100000004,29.915490700000003,17.5266599,desenvolvimento_e_engenharia_de_produto
906,59.1029025,39.256068,27.2280117,24.2369918,desenvolvimento_e_engenharia_de_produto
907,48.0454565,47.3793463,30.649635600000003,22.8445626,desenvolvimento_e_engenharia_de_produto
908,62.7532204,32.968859,24.7679587,29.453476699999996,desenvolvimento_e_engenharia_de_produto
909,66.38067939999999,25.3705946,31.8438732,28.6176696,desenvolvimento_e_engenharia_de_produto
910,63.1497733,34.104449100000004,29.915490700000003,17.5266599,desenvolvimento_e_engenharia_de_produto
911,59.1029025,39.256068,27.2280117,24.2369918,desenvolvimento_e_engenharia_de_produto
912,48.0454565,47.3793463,30.649635600000003,22.8445626,desenvolvimento_e_engenharia_de_produto
913,62.7532204,32.968859,24.7679587,29.453476699999996,desenvolvimento_e_engenharia_de_produto
914,66.38067939999999,25.3705946,31.8438732,28.6176696,desenvolvimento_e_engenharia_de_produto
915,63.1497733,34.104449100000004,29.915490700000003,17.5266599,desenvolvimento_e_engenharia_de_produto
916,59.1029025,39.256068,27.2280117,24.2369918,desenvolvimento_e_engenharia_de_produto
917,48.0454565,47.3793463,30.649635600000003,22.8445626,desenvolvimento_e_engenharia_de_produto
918,62.7532204,32.968859,24.7679587,29.453476699999996,desenvolvimento_e_engenharia_de_produto
919,66.38067939999999,25.3705946,31.8438732,28.6176696,desenvolvimento_e_engenharia_de_produto
920,63.1497733,34.104449100000004,29.915490700000003,17.5266599,desenvolvimento_e_engenharia_de_produto
921,59.1029025,39.256068,27.2280117,24.2369918,desenvolvimento_e_engenharia_de_produto
922,48.0454565,47.3793463,30.649635600000003,22.8445626,desenvolvimento_e_engenharia_de_produto
923,62.7532204,32.968859,24.7679587,29.453476699999996,desenvolvimento_e_engenharia_de_produto
924,66.38067939999999,25.3705946,31.8438732,28.6176696,desenvolvimento_e_engenharia_de_produto
925,63.1497733,34.104449100000004,29.915490700000003,17.5266599,desenvolvimento_e_engenharia_de_produto
926,59.1029025,39.256068,27.2280117,24.2369918,desenvolvimento_e_engenharia_de_produto
927,48.0454565,47.3793463,30.649635600000003,22.8445626,desenvolvimento_e_engenharia_de_produto
928,62.7532204,32.968859,24.7679587,29.453476699999996,desenvolvimento_e_engenharia_de_produto
929,66.38067939999999,25.3705946,31.8438732,28.6176696,desenvolvimento_e_engenharia_de_produto
930,63.1497733,34.104449100000004,29.915490700000003,17.5266599,desenvolvimento_e_engenharia_de_produto
931,59.1029025,39.256068,27.2280117,24.2369918,desenvolvimento_e_engenharia_de_produto
932,48.0454565,47.3793463,30.649635600000003,22.8445626,desenvolvimento_e_engenharia_de_produto
933,62.7532204,32.968859,24.7679587,29.453476699999996,desenvolvimento_e_engenharia_de_produto
934,66.38067939999999,25.3705946,31.8438732,28.6176696,desenvolvimento_e_engenharia_de_produto
935,63.1497733,34.104449100000004,29.915490700000003,17.5266599,desenvolvimento_e_engenharia_de_produto
936,59.1029025,39.256068,27.2280117,24.2369918,desenvolvimento_e_engenharia_de_produto
937,48.0454565,47.3793463,30.649635600000003,22.8445626,desenvolvimento_e_engenharia_de_produto
938,62.7532204,32.968859,24.7679587,29.453476699999996,desenvolvimento_e_engenharia_de_produto
939,66.38067939999999,25.3705946,31.8438732,28.6176696,desenvolvimento_e_engenharia_de_produto
940,63.1497733,34.104449100000004,29.915490700000003,17.5266599,desenvolvimento_e_engenharia_de_produto
941,59.1029025,39.256068,27.2280117,24.2369918,desenvolvimento_e_engenharia_de_produto
942,48.0454565,47.3793463,30.649635600000003,22.8445626,desenvolvimento_e_engenharia_de_produto
943,62.7532204,32.968859,24.7679587,29.453476699999996,desenvolvimento_e_engenharia_de_produto
944,66.38067939999999,25.3705946,31.8438732,28.6176696,desenvolvimento_e_engenharia_de_produto
945,63.1497733,34.104449100000004,29.915490700000003,17.5266599,desenvolvimento_e_engenharia_de_produto
946,59.1029025,39.256068,27.2280117,24.2369918,desenvolvimento_e_engenharia_de_produto
947,48.0454565,47.3793463,30.649635600000003,22.8445626,desenvolvimento_e_engenharia_de_produto
948,62.7532204,32.968859,24.7679587,29.453476699999996,desenvolvimento_e_engenharia_de_produto
949,66.38067939999999,25.3705946,31.8438732,28.6176696,desenvolvimento_e_engenharia_de_produto
950,63.1497733,34.104449100000004,29.915490700000003,17.5266599,desenvolvimento_e_engenharia_de_produto
951,59.1029025,39.256068,27.2280117,24.2369918,desenvolvimento_e_engenharia_de_produto
952,48.0454565,47.3793463,30.649635600000003,22.8445626,desenvolvimento_e_engenharia_de_produto
953,62.7532204,32.968859,24.7679587,29.453476699999996,desenvolvimento_e_engenharia_de_produto
954,66.38067939999999,25.3705946,31.8438732,28.6176696,desenvolvimento_e_engenharia_de_produto
955,63.1497733,34.104449100000004,29.915490700000003,17.5266599,desenvolvimento_e_engenharia_de_produto
956,59.1029025,39.256068,27.2280117,24.2369918,desenvolvimento_e_engenharia_de_produto
957,48.0454565,47.3793463,30.649635600000003,22.8445626,desenvolvimento_e_engenharia_de_produto
958,62.7532204,32.968859,24.7679587,29.453476699999996,desenvolvimento_e_engenharia_de_produto
959,66.38067939999999,25.3705946,31.8438732,28.6176696,desenvolvimento_e_engenharia_de_produto
960,63.1497733,34.104449100000004,29.915490700000003,17.5266599,desenvolvimento_e_engenharia_de_produto
961,59.1029025,39.256068,27.2280117,24.2369918,desenvolvimento_e_engenharia_de_produto
962,48.0454565,47.3793463,30.649635600000003,22.8445626,desenvolvimento_e_engenharia_de_produto
963,62.7532204,32.968859,24.7679587,29.453476699999996,desenvolvimento_e_engenharia_de_produto
964,66.38067939999999,25.3705946,31.8438732,28.6176696,desenvolvimento_e_engenharia_de_produto
965,63.1497733,34.104449100000004,29.915490700000003,17.5266599,desenvolvimento_e_engenharia_de_produto
966,59.1029025,39.256068,27.2280117,24.2369918,desenvolvimento_e_engenharia_de_produto
967,48.0454565,47.3793463,30.649635600000003,22.8445626,desenvolvimento_e_engenharia_de_produto
968,62.7532204,32.968859,24.7679587,29.453476699999996,desenvolvimento_e_engenharia_de_produto
969,66.38067939999999,25.3705946,31.8438732,28.6176696,desenvolvimento_e_engenharia_de_produto
970,63.1497733,34.104449100000004,29.915490700000003,17.5266599,desenvolvimento_e_engenharia_de_produto
971,59.1029025,39.256068,27.2280117,24.2369918,desenvolvimento_e_engenharia_de_produto
972,48.0454565,47.3793463,30.649635600000003,22.8445626,desenvolvimento_e_engenharia_de_produto
973,62.7532204,32.968859,24.7679587,29.453476699999996,desenvolvimento_e_engenharia_de_produto
974,66.38067939999999,25.3705946,31.8438732,28.6176696,desenvolvimento_e_engenharia_de_produto
975,63.1497733,34.104449100000004,29.915490700000003,17.5266599,desenvolvimento_e_engenharia_de_produto
976,59.1029025,39.256068,27.2280117,24.2369918,desenvolvimento_e_engenharia_de_produto
977,48.0454565,47.3793463,30.649635600000003,22.8445626,desenvolvimento_e_engenharia_de_produto
978,62.7532204,32.968859,24.7679587,29.453476699999996,desenvolvimento_e_engenharia_de_produto
979,66.38067939999999,25.3705946,31.8438732,28.6176696,desenvolvimento_e_engenharia_de_produto
980,63.1497733,34.104449100000004,29.915490700000003,17.5266599,desenvolvimento_e_engenharia_de_produto
981,59.1029025,39.256068,27.2280117,24.2369918,desenvolvimento_e_engenharia_de_produto
982,48.0454565,47.3793463,30.649635600000003,22.8445626,desenvolvimento_e_engenharia_de_produto
983,62.7532204,32.968859,24.7679587,29.453476699999996,desenvolvimento_e_engenharia_de_produto
984,66.38067939999999,25.3705946,31.8438732,28.6176696,desenvolvimento_e_engenharia_de_produto
985,63.1497733,34.104449100000004,29.915490700000003,17.5266599,desenvolvimento_e_engenharia_de_produto
986,59.1029025,39.256068,27.2280117,24.2369918,desenvolvimento_e_engenharia_de_produto
987,48.0454565,47.3793463,30.649635600000003,22.8445626,desenvolvimento_e_engenharia_de_produto
988,62.7532204,32.968859,24.7679587,29.453476699999996,desenvolvimento_e_engenharia_de_produto
989,66.38067939999999,25.3705946,31.8438732,28.6176696,desenvolvimento_e_engenharia_de_produto
990,63.1497733,34.104449100000004,29.915490700000003,17.5266599,desenvolvimento_e_engenharia_de_produto
991,59.1029025,39.256068,27.2280117,24.2369918,desenvolvimento_e_engenharia_de_produto
992,48.0454565,47.3793463,30.649635600000003,22.8445626,desenvolvimento_e_engenharia_de_produto
993,62.7532204,32.968859,24.7679587,29.453476699999996,desenvolvimento_e_engenharia_de_produto
994,66.38067939999999,25.3705946,31.8438732,28.6176696,desenvolvimento_e_engenharia_de_produto
995,63.1497733,34.104449100000004,29.915490700000003,17.5266599,desenvolvimento_e_engenharia_de_produto
996,59.1029025,39.256068,27.2280117,24.2369918,desenvolvimento_e_engenharia_de_produto
997,48.0454565,47.3793463,30.649635600000003,22.8445626,desenvolvimento_e_engenharia_de_produto
998,62.7532204,32.968859,24.7679587,29.453476699999996,desenvolvimento_e_engenharia_de_produto
999,66.38067939999999,25.3705946,31.8438732,28.6176696,desenvolvimento_e_engenharia_de_produto
1000,63.1497733,34.104449100000004,29.915490700000003,17.5266599,desenvolvimento_e_engenharia_de_produto
1001,59.1029025,39.256068,27.2280117,24.2369918,desenvolvimento_e_engenharia_de_produto
1002,48.0454565,47.3793463,30.649635600000003,22.8445626,desenvolvimento_e_engenharia_de_produto
1003,62.7532204,32.968859,24.7679587,29.453476699999996,desenvolvimento_e_engenharia_de_produto
1004,66.38067939999999,25.3705946,31.8438732,28.6176696,desenvolvimento_e_engenharia_de_produto
1005,63.1497733,34.104449100000004,29.915490700000003,17.5266599,desenvolvimento_e_engenharia_de_produto
1006,59.1029025,39.256068,27.2280117,24.2369918,desenvolvimento_e_engenharia_de_produto
1007,48.0454565,47.3793463,30.649635600000003,22.8445626,desenvolvimento_e_engenharia_de_produto
1008,62.7532204,32.968859,24.7679587,29.453476699999996,desenvolvimento_e_engenharia_de_produto
1009,66.38067939999999,25.3705946,31.8438732,28.6176696,desenvolvimento_e_engenharia_de_produto
1010,63.1497733,34.104449100000004,29.915490700000003,17.5266599,desenvolvimento_e_engenharia_de_produto
1011,59.1029025,39.256068,27.2280117,24.2369918,desenvolvimento_e_engenharia_de_produto
1012,48.0454565,47.3793463,30.649635600000003,22.8445626,desenvolvimento_e_engenharia_de_produto
1013,62.7532204,32.968859,24.7679587,29.453476699999996,desenvolvimento_e_engenharia_de_produto
1014,66.38067939999999,25.3705946,31.8438732,28.6176696,desenvolvimento_e_engenharia_de_produto
1015,63.1497733,34.104449100000004,29.915490700000003,17.5266599,desenvolvimento_e_engenharia_de_produto
1016,59.1029025,39.256068,27.2280117,24.2369918,desenvolvimento_e_engenharia_de_produto
1017,48.0454565,47.3793463,30.649635600000003,22.8445626,desenvolvimento_e_engenharia_de_produto
1018,62.7532204,32.968859,24.7679587,29.453476699999996,desenvolvimento_e_engenharia_de_produto
1019,66.38067939999999,25.3705946,31.8438732,28.6176696,desenvolvimento_e_engenharia_de_produto
1020,63.1497733,34.104449100000004,29.915490700000003,17.5266599,desenvolvimento_e_engenharia_de_produto
1021,59.1029025,39.256068,27.2280117,24.2369918,desenvolvimento_e_engenharia_de_produto
1022,48.0454565,47.3793463,30.649635600000003,22.8445626,desenvolvimento_e_engenharia_de_produto
1023,62.7532204,32.968859,24.7679587,29.453476699999996,desenvolvimento_e_engenharia_de_produto
1024,66.38067939999999,25.3705946,31.8438732,28.6176696,desenvolvimento_e_engenharia_de_produto
1025,63.1497733,34.104449100000004,29.915490700000003,17.5266599,desenvolvimento_e_engenharia_de_produto
1026,59.1029025,39.256068,27.2280117,24.2369918,desenvolvimento_e_engenharia_de_produto
1027,48.0454565,47.3793463,30.649635600000003,22.8445626,desenvolvimento_e_engenharia_de_produto
1028,62.7532204,32.968859,24.7679587,29.453476699999996,desenvolvimento_e_engenharia_de_produto
1029,66.38067939999999,25.3705946,31.8438732,28.6176696,desenvolvimento_e_engenharia_de_produto
1030,63.1497733,34.104449100000004,29.915490700000003,17.5266599,desenvolvimento_e_engenharia_de_produto
1031,59.1029025,39.256068,27.2280117,24.2369918,desenvolvimento_e_engenharia_de_produto
1032,48.0454565,47.3793463,30.649635600000003,22.8445626,desenvolvimento_e_engenharia_de_produto
1033,62.7532204,32.968859,24.7679587,29.453476699999996,desenvolvimento_e_engenharia_de_produto
1034,66.38067939999999,25.3705946,31.8438732,28.6176696,desenvolvimento_e_engenharia_de_produto
1035,63.1497733,34.104449100000004,29.915490700000003,17.5266599,desenvolvimento_e_engenharia_de_produto
1036,59.1029025,39.256068,27.2280117,24.2369918,desenvolvimento_e_engenharia_de_produto
1037,48.0454565,47.3793463,30.649635600000003,22.8445626,desenvolvimento_e_engenharia_de_produto
1038,62.7532204,32.968859,24.7679587,29.453476699999996,desenvolvimento_e_engenharia_de_produto
1039,66.38067939999999,25.3705946,31.8438732,28.6176696,desenvolvimento_e_engenharia_de_produto
1040,63.1497733,34.104449100000004,29.915490700000003,17.5266599,desenvolvimento_e_engenharia_de_produto
1041,59.1029025,39.256068,27.2280117,24.2369918,desenvolvimento_e_engenharia_de_produto
1042,48.0454565,47.3793463,30.649635600000003,22.8445626,desenvolvimento_e_engenharia_de_produto
1043,62.7532204,32.968859,24.7679587,29.453476699999996,desenvolvimento_e_engenharia_de_produto
1044,66.38067939999999,25.3705946,31.8438732,28.6176696,desenvolvimento_e_engenharia_de_produto
1045,63.1497733,34.104449100000004,29.915490700000003,17.5266599,desenvolvimento_e_engenharia_de_produto
1046,59.1029025,39.256068,27.2280117,24.2369918,desenvolvimento_e_engenharia_de_produto
1047,48.0454565,47.3793463,30.649635600000003,22.8445626,desenvolvimento_e_engenharia_de_produto
1048,62.7532204,32.968859,24.7679587,29.453476699999996,desenvolvimento_e_engenharia_de_produto
1049,66.38067939999999,25.3705946,31.8438732,28.6176696,desenvolvimento_e_engenharia_de_produto
1050,63.1497733,34.104449100000004,29.915490700000003,17.5266599,desenvolvimento_e_engenharia_de_produto
1051,59.1029025,39.256068,27.2280117,24.2369918,desenvolvimento_e_engenharia_de_produto
1052,48.0454565,47.3793463,30.649635600000003,22.8445626,desenvolvimento_e_engenharia_de_produto
1053,62.7532204,32.968859,24.7679587,29.453476699999996,desenvolvimento_e_engenharia_de_produto
1054,66.38067939999999,25.3705946,31.8438732,28.6176696,desenvolvimento_e_engenharia_de_produto
1055,63.1497733,34.104449100000004,29.915490700000003,17.5266599,desenvolvimento_e_engenharia_de_produto
1056,59.1029025,39.256068,27.2280117,24.2369918,desenvolvimento_e_engenharia_de_produto
1057,48.0454565,47.3793463,30.649635600000003,22.8445626,desenvolvimento_e_engenharia_de_produto
1058,62.7532204,32.968859,24.7679587,29.453476699999996,desenvolvimento_e_engenharia_de_produto
1059,66.38067939999999,25.3705946,31.8438732,28.6176696,desenvolvimento_e_engenharia_de_produto
1060,63.1497733,34.104449100000004,29.915490700000003,17.5266599,desenvolvimento_e_engenharia_de_produto
1061,59.1029025,39.256068,27.2280117,24.2369918,desenvolvimento_e_engenharia_de_produto
1062,48.0454565,47.3793463,30.649635600000003,22.8445626,desenvolvimento_e_engenharia_de_produto
1063,62.7532204,32.968859,24.7679587,29.453476699999996,desenvolvimento_e_engenharia_de_produto
1064,66.38067939999999,25.3705946,31.8438732,28.6176696,desenvolvimento_e_engenharia_de_produto
1065,63.1497733,34.104449100000004,29.915490700000003,17.5266599,desenvolvimento_e_engenharia_de_produto
1066,59.1029025,39.256068,27.2280117,24.2369918,desenvolvimento_e_engenharia_de_produto
1067,48.0454565,47.3793463,30.649635600000003,22.8445626,desenvolvimento_e_engenharia_de_produto
1068,62.7532204,32.968859,24.7679587,29.453476699999996,desenvolvimento_e_engenharia_de_produto
1069,66.38067939999999,25.3705946,31.8438732,28.6176696,desenvolvimento_e_engenharia_de_produto
1070,63.1497733,34.104449100000004,29.915490700000003,17.5266599,desenvolvimento_e_engenharia_de_produto
1071,59.1029025,39.256068,27.2280117,24.2369918,desenvolvimento_e_engenharia_de_produto
1072,48.0454565,47.3793463,30.649635600000003,22.8445626,desenvolvimento_e_engenharia_de_produto
1073,62.7532204,32.968859,24.7679587,29.453476699999996,desenvolvimento_e_engenharia_de_produto
1074,66.38067939999999,25.3705946,31.8438732,28.6176696,desenvolvimento_e_engenharia_de_produto
1075,63.1497733,34.104449100000004,29.915490700000003,17.5266599,desenvolvimento_e_engenharia_de_produto
1076,59.1029025,39.256068,27.2280117,24.2369918,desenvolvimento_e_engenharia_de_produto
1077,48.0454565,47.3793463,30.649635600000003,22.8445626,desenvolvimento_e_engenharia_de_produto
1078,62.7532204,32.968859,24.7679587,29.453476699999996,desenvolvimento_e_engenharia_de_produto
1079,66.38067939999999,25.3705946,31.8438732,28.6176696,desenvolvimento_e_engenharia_de_produto
1080,60.3713112,35.8365749,27.623360400000003,22.2803578,infraestrutura_e_dados
1081,63.002155599999995,33.4642466,29.7740958,21.662206,infraestrutura_e_dados
1082,70.4415872,34.6117758,32.3296419,19.833470300000002,infraestrutura_e_dados
1083,60.755703800000006,53.455894,28.962847000000004,27.8651221,infraestrutura_e_dados
1084,67.2107372,41.474006,23.7029681,26.291905399999997,infraestrutura_e_dados
1085,68.9486226,41.0854647,36.8975729,20.9541051,infraestrutura_e_dados
1086,83.6944513,26.026297,30.8985073,24.2279915,infraestrutura_e_dados
1087,62.6898359,34.064901,27.4555449,22.8149285,infraestrutura_e_dados
1088,41.1261215,58.913536300000004,41.3984665,35.2882932,infraestrutura_e_dados
1089,59.4106658,35.401545,41.9351794,16.9019258,infraestrutura_e_dados
1090,61.1946452,47.7497992,30.3890332,30.7756876,infraestrutura_e_dados
1091,60.6177663,44.5118308,32.2257052,23.3826752,infraestrutura_e_dados
1092,61.7461693,38.5082319,25.303526100000003,21.4669262,infraestrutura_e_dados
1093,64.4714746,37.689042699999995,31.0435559,18.193633900000002,infraestrutura_e_dados
1094,64.2433965,39.2118157,30.8056525,24.207466699999998,infraestrutura_e_dados
1095,62.7421429,28.993026999999998,33.7547295,20.9181688,infraestrutura_e_dados
1096,55.8923805,33.288774599999996,26.9830502,21.562074,infraestrutura_e_dados
1097,51.566278499999996,35.6672148,38.4814687,23.4920517,infraestrutura_e_dados
1098,72.9184635,32.5447245,30.9944934,20.587248,infraestrutura_e_dados
1099,62.1021122,45.329221,30.2456518,29.268779700000003,infraestrutura_e_dados
1100,54.2376399,43.360408,33.4429899,23.2092022,infraestrutura_e_dados
1101,58.312490800000006,43.0397799,32.843505099999994,21.394942999999998,infraestrutura_e_dados
1102,56.95437450000001,45.6986636,51.0200715,10.8643236,infraestrutura_e_dados
1103,56.2021978,39.298369,33.0689026,21.2667589,infraestrutura_e_dados
1104,61.384722999999994,39.8803944,35.1153591,22.2227757,infraestrutura_e_dados
1105,51.8638272,51.2738504,32.706367400000005,27.3158641,infraestrutura_e_dados
1106,71.4051672,36.4782292,27.539130099999998,22.4039591,infraestrutura_e_dados
1107,72.6653899,47.824432300000005,25.2147315,42.8442277,infraestrutura_e_dados
1108,58.4363003,47.4651807,31.634666700000004,23.99473,infraestrutura_e_dados
1109,71.38667819999999,32.0151338,30.7393961,18.2960587,infraestrutura_e_dados
1110,69.8771239,22.9316879,18.1424919,19.5313719,infraestrutura_e_dados
1111,60.3713112,35.8365749,27.623360400000003,22.2803578,infraestrutura_e_dados
1112,63.002155599999995,33.4642466,29.7740958,21.662206,infraestrutura_e_dados
1113,70.4415872,34.6117758,32.3296419,19.833470300000002,infraestrutura_e_dados
1114,60.755703800000006,53.455894,28.962847000000004,27.8651221,infraestrutura_e_dados
1115,67.2107372,41.474006,23.7029681,26.291905399999997,infraestrutura_e_dados
1116,68.9486226,41.0854647,36.8975729,20.9541051,infraestrutura_e_dados
1117,83.6944513,26.026297,30.8985073,24.2279915,infraestrutura_e_dados
1118,62.6898359,34.064901,27.4555449,22.8149285,infraestrutura_e_dados
1119,41.1261215,58.913536300000004,41.3984665,35.2882932,infraestrutura_e_dados
1120,59.4106658,35.401545,41.9351794,16.9019258,infraestrutura_e_dados
1121,61.1946452,47.7497992,30.3890332,30.7756876,infraestrutura_e_dados
1122,60.6177663,44.5118308,32.2257052,23.3826752,infraestrutura_e_dados
1123,61.7461693,38.5082319,25.303526100000003,21.4669262,infraestrutura_e_dados
1124,64.4714746,37.689042699999995,31.0435559,18.193633900000002,infraestrutura_e_dados
1125,64.2433965,39.2118157,30.8056525,24.207466699999998,infraestrutura_e_dados
1126,62.7421429,28.993026999999998,33.7547295,20.9181688,infraestrutura_e_dados
1127,55.8923805,33.288774599999996,26.9830502,21.562074,infraestrutura_e_dados
1128,51.566278499999996,35.6672148,38.4814687,23.4920517,infraestrutura_e_dados
1129,72.9184635,32.5447245,30.9944934,20.587248,infraestrutura_e_dados
1130,62.1021122,45.329221,30.2456518,29.268779700000003,infraestrutura_e_dados
1131,54.2376399,43.360408,33.4429899,23.2092022,infraestrutura_e_dados
1132,58.312490800000006,43.0397799,32.843505099999994,21.394942999999998,infraestrutura_e_dados
1133,56.95437450000001,45.6986636,51.0200715,10.8643236,infraestrutura_e_dados
1134,56.2021978,39.298369,33.0689026,21.2667589,infraestrutura_e_dados
1135,61.384722999999994,39.8803944,35.1153591,22.2227757,infraestrutura_e_dados
1136,51.8638272,51.2738504,32.706367400000005,27.3158641,infraestrutura_e_dados
1137,71.4051672,36.4782292,27.539130099999998,22.4039591,infraestrutura_e_dados
1138,72.6653899,47.824432300000005,25.2147315,42.8442277,infraestrutura_e_dados
1139,58.4363003,47.4651807,31.634666700000004,23.99473,infraestrutura_e_dados
1140,71.38667819999999,32.0151338,30.7393961,18.2960587,infraestrutura_e_dados
1141,69.8771239,22.9316879,18.1424919,19.5313719,infraestrutura_e_dados
1142,60.3713112,35.8365749,27.623360400000003,22.2803578,infraestrutura_e_dados
1143,63.002155599999995,33.4642466,29.7740958,21.662206,infraestrutura_e_dados
1144,70.4415872,34.6117758,32.3296419,19.833470300000002,infraestrutura_e_dados
1145,60.755703800000006,53.455894,28.962847000000004,27.8651221,infraestrutura_e_dados
1146,67.2107372,41.474006,23.7029681,26.291905399999997,infraestrutura_e_dados
1147,68.9486226,41.0854647,36.8975729,20.9541051,infraestrutura_e_dados
1148,83.6944513,26.026297,30.8985073,24.2279915,infraestrutura_e_dados
1149,62.6898359,34.064901,27.4555449,22.8149285,infraestrutura_e_dados
1150,41.1261215,58.913536300000004,41.3984665,35.2882932,infraestrutura_e_dados
1151,59.4106658,35.401545,41.9351794,16.9019258,infraestrutura_e_dados
1152,61.1946452,47.7497992,30.3890332,30.7756876,infraestrutura_e_dados
1153,60.6177663,44.5118308,32.2257052,23.3826752,infraestrutura_e_dados
1154,61.7461693,38.5082319,25.303526100000003,21.4669262,infraestrutura_e_dados
1155,64.4714746,37.689042699999995,31.0435559,18.193633900000002,infraestrutura_e_dados
1156,64.2433965,39.2118157,30.8056525,24.207466699999998,infraestrutura_e_dados
1157,62.7421429,28.993026999999998,33.7547295,20.9181688,infraestrutura_e_dados
1158,55.8923805,33.288774599999996,26.9830502,21.562074,infraestrutura_e_dados
1159,51.566278499999996,35.6672148,38.4814687,23.4920517,infraestrutura_e_dados
1160,72.9184635,32.5447245,30.9944934,20.587248,infraestrutura_e_dados
1161,62.1021122,45.329221,30.2456518,29.268779700000003,infraestrutura_e_dados
1162,54.2376399,43.360408,33.4429899,23.2092022,infraestrutura_e_dados
1163,58.312490800000006,43.0397799,32.843505099999994,21.394942999999998,infraestrutura_e_dados
1164,56.95437450000001,45.6986636,51.0200715,10.8643236,infraestrutura_e_dados
1165,56.2021978,39.298369,33.0689026,21.2667589,infraestrutura_e_dados
1166,61.384722999999994,39.8803944,35.1153591,22.2227757,infraestrutura_e_dados
1167,51.8638272,51.2738504,32.706367400000005,27.3158641,infraestrutura_e_dados
1168,71.4051672,36.4782292,27.539130099999998,22.4039591,infraestrutura_e_dados
1169,72.6653899,47.824432300000005,25.2147315,42.8442277,infraestrutura_e_dados
1170,58.4363003,47.4651807,31.634666700000004,23.99473,infraestrutura_e_dados
1171,71.38667819999999,32.0151338,30.7393961,18.2960587,infraestrutura_e_dados
1172,69.8771239,22.9316879,18.1424919,19.5313719,infraestrutura_e_dados
1173,60.3713112,35.8365749,27.623360400000003,22.2803578,infraestrutura_e_dados
1174,63.002155599999995,33.4642466,29.7740958,21.662206,infraestrutura_e_dados
1175,70.4415872,34.6117758,32.3296419,19.833470300000002,infraestrutura_e_dados
1176,60.755703800000006,53.455894,28.962847000000004,27.8651221,infraestrutura_e_dados
1177,67.2107372,41.474006,23.7029681,26.291905399999997,infraestrutura_e_dados
1178,68.9486226,41.0854647,36.8975729,20.9541051,infraestrutura_e_dados
1179,83.6944513,26.026297,30.8985073,24.2279915,infraestrutura_e_dados
1180,62.6898359,34.064901,27.4555449,22.8149285,infraestrutura_e_dados
1181,41.1261215,58.913536300000004,41.3984665,35.2882932,infraestrutura_e_dados
1182,59.4106658,35.401545,41.9351794,16.9019258,infraestrutura_e_dados
1183,61.1946452,47.7497992,30.3890332,30.7756876,infraestrutura_e_dados
1184,60.6177663,44.5118308,32.2257052,23.3826752,infraestrutura_e_dados
1185,61.7461693,38.5082319,25.303526100000003,21.4669262,infraestrutura_e_dados
1186,64.4714746,37.689042699999995,31.0435559,18.193633900000002,infraestrutura_e_dados
1187,64.2433965,39.2118157,30.8056525,24.207466699999998,infraestrutura_e_dados
1188,62.7421429,28.993026999999998,33.7547295,20.9181688,infraestrutura_e_dados
1189,55.8923805,33.288774599999996,26.9830502,21.562074,infraestrutura_e_dados
1190,51.566278499999996,35.6672148,38.4814687,23.4920517,infraestrutura_e_dados
1191,72.9184635,32.5447245,30.9944934,20.587248,infraestrutura_e_dados
1192,62.1021122,45.329221,30.2456518,29.268779700000003,infraestrutura_e_dados
1193,54.2376399,43.360408,33.4429899,23.2092022,infraestrutura_e_dados
1194,58.312490800000006,43.0397799,32.843505099999994,21.394942999999998,infraestrutura_e_dados
1195,56.95437450000001,45.6986636,51.0200715,10.8643236,infraestrutura_e_dados
1196,56.2021978,39.298369,33.0689026,21.2667589,infraestrutura_e_dados
1197,61.384722999999994,39.8803944,35.1153591,22.2227757,infraestrutura_e_dados
1198,51.8638272,51.2738504,32.706367400000005,27.3158641,infraestrutura_e_dados
1199,71.4051672,36.4782292,27.539130099999998,22.4039591,infraestrutura_e_dados
1200,72.6653899,47.824432300000005,25.2147315,42.8442277,infraestrutura_e_dados
1201,58.4363003,47.4651807,31.634666700000004,23.99473,infraestrutura_e_dados
1202,71.38667819999999,32.0151338,30.7393961,18.2960587,infraestrutura_e_dados
1203,69.8771239,22.9316879,18.1424919,19.5313719,infraestrutura_e_dados
1204,60.3713112,35.8365749,27.623360400000003,22.2803578,infraestrutura_e_dados
1205,63.002155599999995,33.4642466,29.7740958,21.662206,infraestrutura_e_dados
1206,70.4415872,34.6117758,32.3296419,19.833470300000002,infraestrutura_e_dados
1207,60.755703800000006,53.455894,28.962847000000004,27.8651221,infraestrutura_e_dados
1208,67.2107372,41.474006,23.7029681,26.291905399999997,infraestrutura_e_dados
1209,68.9486226,41.0854647,36.8975729,20.9541051,infraestrutura_e_dados
1210,83.6944513,26.026297,30.8985073,24.2279915,infraestrutura_e_dados
1211,62.6898359,34.064901,27.4555449,22.8149285,infraestrutura_e_dados
1212,41.1261215,58.913536300000004,41.3984665,35.2882932,infraestrutura_e_dados
1213,59.4106658,35.401545,41.9351794,16.9019258,infraestrutura_e_dados
1214,61.1946452,47.7497992,30.3890332,30.7756876,infraestrutura_e_dados
1215,60.6177663,44.5118308,32.2257052,23.3826752,infraestrutura_e_dados
1216,61.7461693,38.5082319,25.303526100000003,21.4669262,infraestrutura_e_dados
1217,64.4714746,37.689042699999995,31.0435559,18.193633900000002,infraestrutura_e_dados
1218,64.2433965,39.2118157,30.8056525,24.207466699999998,infraestrutura_e_dados
1219,62.7421429,28.993026999999998,33.7547295,20.9181688,infraestrutura_e_dados
1220,55.8923805,33.288774599999996,26.9830502,21.562074,infraestrutura_e_dados
1221,51.566278499999996,35.6672148,38.4814687,23.4920517,infraestrutura_e_dados
1222,72.9184635,32.5447245,30.9944934,20.587248,infraestrutura_e_dados
1223,62.1021122,45.329221,30.2456518,29.268779700000003,infraestrutura_e_dados
1224,54.2376399,43.360408,33.4429899,23.2092022,infraestrutura_e_dados
1225,58.312490800000006,43.0397799,32.843505099999994,21.394942999999998,infraestrutura_e_dados
1226,56.95437450000001,45.6986636,51.0200715,10.8643236,infraestrutura_e_dados
1227,56.2021978,39.298369,33.0689026,21.2667589,infraestrutura_e_dados
1228,61.384722999999994,39.8803944,35.1153591,22.2227757,infraestrutura_e_dados
1229,51.8638272,51.2738504,32.706367400000005,27.3158641,infraestrutura_e_dados
1230,71.4051672,36.4782292,27.539130099999998,22.4039591,infraestrutura_e_dados
1231,72.6653899,47.824432300000005,25.2147315,42.8442277,infraestrutura_e_dados
1232,58.4363003,47.4651807,31.634666700000004,23.99473,infraestrutura_e_dados
1233,71.38667819999999,32.0151338,30.7393961,18.2960587,infraestrutura_e_dados
1234,69.8771239,22.9316879,18.1424919,19.5313719,infraestrutura_e_dados
1235,60.3713112,35.8365749,27.623360400000003,22.2803578,infraestrutura_e_dados
1236,63.002155599999995,33.4642466,29.7740958,21.662206,infraestrutura_e_dados
1237,70.4415872,34.6117758,32.3296419,19.833470300000002,infraestrutura_e_dados
1238,60.755703800000006,53.455894,28.962847000000004,27.8651221,infraestrutura_e_dados
1239,67.2107372,41.474006,23.7029681,26.291905399999997,infraestrutura_e_dados
1240,68.9486226,41.0854647,36.8975729,20.9541051,infraestrutura_e_dados
1241,83.6944513,26.026297,30.8985073,24.2279915,infraestrutura_e_dados
1242,62.6898359,34.064901,27.4555449,22.8149285,infraestrutura_e_dados
1243,41.1261215,58.913536300000004,41.3984665,35.2882932,infraestrutura_e_dados
1244,59.4106658,35.401545,41.9351794,16.9019258,infraestrutura_e_dados
1245,61.1946452,47.7497992,30.3890332,30.7756876,infraestrutura_e_dados
1246,60.6177663,44.5118308,32.2257052,23.3826752,infraestrutura_e_dados
1247,61.7461693,38.5082319,25.303526100000003,21.4669262,infraestrutura_e_dados
1248,64.4714746,37.689042699999995,31.0435559,18.193633900000002,infraestrutura_e_dados
1249,64.2433965,39.2118157,30.8056525,24.207466699999998,infraestrutura_e_dados
1250,62.7421429,28.993026999999998,33.7547295,20.9181688,infraestrutura_e_dados
1251,55.8923805,33.288774599999996,26.9830502,21.562074,infraestrutura_e_dados
1252,51.566278499999996,35.6672148,38.4814687,23.4920517,infraestrutura_e_dados
1253,72.9184635,32.5447245,30.9944934,20.587248,infraestrutura_e_dados
1254,62.1021122,45.329221,30.2456518,29.268779700000003,infraestrutura_e_dados
1255,54.2376399,43.360408,33.4429899,23.2092022,infraestrutura_e_dados
1256,58.312490800000006,43.0397799,32.843505099999994,21.394942999999998,infraestrutura_e_dados
1257,56.95437450000001,45.6986636,51.0200715,10.8643236,infraestrutura_e_dados
1258,56.2021978,39.298369,33.0689026,21.2667589,infraestrutura_e_dados
1259,61.384722999999994,39.8803944,35.1153591,22.2227757,infraestrutura_e_dados
1260,51.8638272,51.2738504,32.706367400000005,27.3158641,infraestrutura_e_dados
1261,71.4051672,36.4782292,27.539130099999998,22.4039591,infraestrutura_e_dados
1262,72.6653899,47.824432300000005,25.2147315,42.8442277,infraestrutura_e_dados
1263,58.4363003,47.4651807,31.634666700000004,23.99473,infraestrutura_e_dados
1264,71.38667819999999,32.0151338,30.7393961,18.2960587,infraestrutura_e_dados
1265,69.8771239,22.9316879,18.1424919,19.5313719,infraestrutura_e_dados
1266,60.3713112,35.8365749,27.623360400000003,22.2803578,infraestrutura_e_dados
1267,63.002155599999995,33.4642466,29.7740958,21.662206,infraestrutura_e_dados
1268,70.4415872,34.6117758,32.3296419,19.833470300000002,infraestrutura_e_dados
1269,60.755703800000006,53.455894,28.962847000000004,27.8651221,infraestrutura_e_dados
1270,67.2107372,41.474006,23.7029681,26.291905399999997,infraestrutura_e_dados
1271,68.9486226,41.0854647,36.8975729,20.9541051,infraestrutura_e_dados
1272,83.6944513,26.026297,30.8985073,24.2279915,infraestrutura_e_dados
1273,62.6898359,34.064901,27.4555449,22.8149285,infraestrutura_e_dados
1274,41.1261215,58.913536300000004,41.3984665,35.2882932,infraestrutura_e_dados
1275,59.4106658,35.401545,41.9351794,16.9019258,infraestrutura_e_dados
1276,61.1946452,47.7497992,30.3890332,30.7756876,infraestrutura_e_dados
1277,60.6177663,44.5118308,32.2257052,23.3826752,infraestrutura_e_dados
1278,61.7461693,38.5082319,25.303526100000003,21.4669262,infraestrutura_e_dados
1279,64.4714746,37.689042699999995,31.0435559,18.193633900000002,infraestrutura_e_dados
1280,64.2433965,39.2118157,30.8056525,24.207466699999998,infraestrutura_e_dados
1281,62.7421429,28.993026999999998,33.7547295,20.9181688,infraestrutura_e_dados
1282,55.8923805,33.288774599999996,26.9830502,21.562074,infraestrutura_e_dados
1283,51.566278499999996,35.6672148,38.4814687,23.4920517,infraestrutura_e_dados
1284,72.9184635,32.5447245,30.9944934,20.587248,infraestrutura_e_dados
1285,62.1021122,45.329221,30.2456518,29.268779700000003,infraestrutura_e_dados
1286,54.2376399,43.360408,33.4429899,23.2092022,infraestrutura_e_dados
1287,58.312490800000006,43.0397799,32.843505099999994,21.394942999999998,infraestrutura_e_dados
1288,56.95437450000001,45.6986636,51.0200715,10.8643236,infraestrutura_e_dados
1289,56.2021978,39.298369,33.0689026,21.2667589,infraestrutura_e_dados
1290,61.384722999999994,39.8803944,35.1153591,22.2227757,infraestrutura_e_dados
1291,51.8638272,51.2738504,32.706367400000005,27.3158641,infraestrutura_e_dados
1292,71.4051672,36.4782292,27.539130099999998,22.4039591,infraestrutura_e_dados
1293,72.6653899,47.824432300000005,25.2147315,42.8442277,infraestrutura_e_dados
1294,58.4363003,47.4651807,31.634666700000004,23.99473,infraestrutura_e_dados
1295,71.38667819999999,32.0151338,30.7393961,18.2960587,infraestrutura_e_dados
1296,69.8771239,22.9316879,18.1424919,19.5313719,infraestrutura_e_dados
1297,60.3713112,35.8365749,27.623360400000003,22.2803578,infraestrutura_e_dados
1298,63.002155599999995,33.4642466,29.7740958,21.662206,infraestrutura_e_dados
1299,70.4415872,34.6117758,32.3296419,19.833470300000002,infraestrutura_e_dados
1300,60.755703800000006,53.455894,28.962847000000004,27.8651221,infraestrutura_e_dados
1301,67.2107372,41.474006,23.7029681,26.291905399999997,infraestrutura_e_dados
1302,68.9486226,41.0854647,36.8975729,20.9541051,infraestrutura_e_dados
1303,83.6944513,26.026297,30.8985073,24.2279915,infraestrutura_e_dados
1304,62.6898359,34.064901,27.4555449,22.8149285,infraestrutura_e_dados
1305,41.1261215,58.913536300000004,41.3984665,35.2882932,infraestrutura_e_dados
1306,59.4106658,35.401545,41.9351794,16.9019258,infraestrutura_e_dados
1307,61.1946452,47.7497992,30.3890332,30.7756876,infraestrutura_e_dados
1308,60.6177663,44.5118308,32.2257052,23.3826752,infraestrutura_e_dados
1309,61.7461693,38.5082319,25.303526100000003,21.4669262,infraestrutura_e_dados
1310,64.4714746,37.689042699999995,31.0435559,18.193633900000002,infraestrutura_e_dados
1311,64.2433965,39.2118157,30.8056525,24.207466699999998,infraestrutura_e_dados
1312,62.7421429,28.993026999999998,33.7547295,20.9181688,infraestrutura_e_dados
1313,55.8923805,33.288774599999996,26.9830502,21.562074,infraestrutura_e_dados
1314,51.566278499999996,35.6672148,38.4814687,23.4920517,infraestrutura_e_dados
1315,72.9184635,32.5447245,30.9944934,20.587248,infraestrutura_e_dados
1316,62.1021122,45.329221,30.2456518,29.268779700000003,infraestrutura_e_dados
1317,54.2376399,43.360408,33.4429899,23.2092022,infraestrutura_e_dados
1318,58.312490800000006,43.0397799,32.843505099999994,21.394942999999998,infraestrutura_e_dados
1319,56.95437450000001,45.6986636,51.0200715,10.8643236,infraestrutura_e_dados
1320,56.2021978,39.298369,33.0689026,21.2667589,infraestrutura_e_dados
1321,61.384722999999994,39.8803944,35.1153591,22.2227757,infraestrutura_e_dados
1322,51.8638272,51.2738504,32.706367400000005,27.3158641,infraestrutura_e_dados
1323,71.4051672,36.4782292,27.539130099999998,22.4039591,infraestrutura_e_dados
1324,72.6653899,47.824432300000005,25.2147315,42.8442277,infraestrutura_e_dados
1325,58.4363003,47.4651807,31.634666700000004,23.99473,infraestrutura_e_dados
1326,71.38667819999999,32.0151338,30.7393961,18.2960587,infraestrutura_e_dados
1327,69.8771239,22.9316879,18.1424919,19.5313719,infraestrutura_e_dados
1328,60.3713112,35.8365749,27.623360400000003,22.2803578,infraestrutura_e_dados
1329,63.002155599999995,33.4642466,29.7740958,21.662206,infraestrutura_e_dados
1330,70.4415872,34.6117758,32.3296419,19.833470300000002,infraestrutura_e_dados
1331,60.755703800000006,53.455894,28.962847000000004,27.8651221,infraestrutura_e_dados
1332,67.2107372,41.474006,23.7029681,26.291905399999997,infraestrutura_e_dados
1333,68.9486226,41.0854647,36.8975729,20.9541051,infraestrutura_e_dados
1334,83.6944513,26.026297,30.8985073,24.2279915,infraestrutura_e_dados
1335,62.6898359,34.064901,27.4555449,22.8149285,infraestrutura_e_dados
1336,41.1261215,58.913536300000004,41.3984665,35.2882932,infraestrutura_e_dados
1337,59.4106658,35.401545,41.9351794,16.9019258,infraestrutura_e_dados
1338,61.1946452,47.7497992,30.3890332,30.7756876,infraestrutura_e_dados
1339,60.6177663,44.5118308,32.2257052,23.3826752,infraestrutura_e_dados
1340,61.7461693,38.5082319,25.303526100000003,21.4669262,infraestrutura_e_dados
1341,64.4714746,37.689042699999995,31.0435559,18.193633900000002,infraestrutura_e_dados
1342,64.2433965,39.2118157,30.8056525,24.207466699999998,infraestrutura_e_dados
1343,62.7421429,28.993026999999998,33.7547295,20.9181688,infraestrutura_e_dados
1344,55.8923805,33.288774599999996,26.9830502,21.562074,infraestrutura_e_dados
1345,51.566278499999996,35.6672148,38.4814687,23.4920517,infraestrutura_e_dados
1346,72.9184635,32.5447245,30.9944934,20.587248,infraestrutura_e_dados
1347,62.1021122,45.329221,30.2456518,29.268779700000003,infraestrutura_e_dados
1348,54.2376399,43.360408,33.4429899,23.2092022,infraestrutura_e_dados
1349,58.312490800000006,43.0397799,32.843505099999994,21.394942999999998,infraestrutura_e_dados
1350,56.95437450000001,45.6986636,51.0200715,10.8643236,infraestrutura_e_dados
1351,56.2021978,39.298369,33.0689026,21.2667589,infraestrutura_e_dados
1352,61.384722999999994,39.8803944,35.1153591,22.2227757,infraestrutura_e_dados
1353,51.8638272,51.2738504,32.706367400000005,27.3158641,infraestrutura_e_dados
1354,71.4051672,36.4782292,27.539130099999998,22.4039591,infraestrutura_e_dados
1355,72.6653899,47.824432300000005,25.2147315,42.8442277,infraestrutura_e_dados
1356,58.4363003,47.4651807,31.634666700000004,23.99473,infraestrutura_e_dados
1357,71.38667819999999,32.0151338,30.7393961,18.2960587,infraestrutura_e_dados
1358,69.8771239,22.9316879,18.1424919,19.5313719,infraestrutura_e_dados
1359,60.3713112,35.8365749,27.623360400000003,22.2803578,infraestrutura_e_dados
1360,63.002155599999995,33.4642466,29.7740958,21.662206,infraestrutura_e_dados
1361,70.4415872,34.6117758,32.3296419,19.833470300000002,infraestrutura_e_dados
1362,60.755703800000006,53.455894,28.962847000000004,27.8651221,infraestrutura_e_dados
1363,67.2107372,41.474006,23.7029681,26.291905399999997,infraestrutura_e_dados
1364,68.9486226,41.0854647,36.8975729,20.9541051,infraestrutura_e_dados
1365,83.6944513,26.026297,30.8985073,24.2279915,infraestrutura_e_dados
1366,62.6898359,34.064901,27.4555449,22.8149285,infraestrutura_e_dados
1367,41.1261215,58.913536300000004,41.3984665,35.2882932,infraestrutura_e_dados
1368,59.4106658,35.401545,41.9351794,16.9019258,infraestrutura_e_dados
1369,61.1946452,47.7497992,30.3890332,30.7756876,infraestrutura_e_dados
1370,60.6177663,44.5118308,32.2257052,23.3826752,infraestrutura_e_dados
1371,61.7461693,38.5082319,25.303526100000003,21.4669262,infraestrutura_e_dados
1372,64.4714746,37.689042699999995,31.0435559,18.193633900000002,infraestrutura_e_dados
1373,64.2433965,39.2118157,30.8056525,24.207466699999998,infraestrutura_e_dados
1374,62.7421429,28.993026999999998,33.7547295,20.9181688,infraestrutura_e_dados
1375,55.8923805,33.288774599999996,26.9830502,21.562074,infraestrutura_e_dados
1376,51.566278499999996,35.6672148,38.4814687,23.4920517,infraestrutura_e_dados
1377,72.9184635,32.5447245,30.9944934,20.587248,infraestrutura_e_dados
1378,62.1021122,45.329221,30.2456518,29.268779700000003,infraestrutura_e_dados
1379,54.2376399,43.360408,33.4429899,23.2092022,infraestrutura_e_dados
1380,58.312490800000006,43.0397799,32.843505099999994,21.394942999999998,infraestrutura_e_dados
1381,56.95437450000001,45.6986636,51.0200715,10.8643236,infraestrutura_e_dados
1382,56.2021978,39.298369,33.0689026,21.2667589,infraestrutura_e_dados
1383,61.384722999999994,39.8803944,35.1153591,22.2227757,infraestrutura_e_dados
1384,51.8638272,51.2738504,32.706367400000005,27.3158641,infraestrutura_e_dados
1385,71.4051672,36.4782292,27.539130099999998,22.4039591,infraestrutura_e_dados
1386,72.6653899,47.824432300000005,25.2147315,42.8442277,infraestrutura_e_dados
1387,58.4363003,47.4651807,31.634666700000004,23.99473,infraestrutura_e_dados
1388,71.38667819999999,32.0151338,30.7393961,18.2960587,infraestrutura_e_dados
1389,69.8771239,22.9316879,18.1424919,19.5313719,infraestrutura_e_dados
1390,60.3713112,35.8365749,27.623360400000003,22.2803578,infraestrutura_e_dados
1391,63.002155599999995,33.4642466,29.7740958,21.662206,infraestrutura_e_dados
1392,70.4415872,34.6117758,32.3296419,19.833470300000002,infraestrutura_e_dados
1393,60.755703800000006,53.455894,28.962847000000004,27.8651221,infraestrutura_e_dados
1394,67.2107372,41.474006,23.7029681,26.291905399999997,infraestrutura_e_dados
1395,68.9486226,41.0854647,36.8975729,20.9541051,infraestrutura_e_dados
1396,83.6944513,26.026297,30.8985073,24.2279915,infraestrutura_e_dados
1397,62.6898359,34.064901,27.4555449,22.8149285,infraestrutura_e_dados
1398,41.1261215,58.913536300000004,41.3984665,35.2882932,infraestrutura_e_dados
1399,59.4106658,35.401545,41.9351794,16.9019258,infraestrutura_e_dados
1400,61.1946452,47.7497992,30.3890332,30.7756876,infraestrutura_e_dados
1401,60.6177663,44.5118308,32.2257052,23.3826752,infraestrutura_e_dados
1402,61.7461693,38.5082319,25.303526100000003,21.4669262,infraestrutura_e_dados
1403,64.4714746,37.689042699999995,31.0435559,18.193633900000002,infraestrutura_e_dados
1404,64.2433965,39.2118157,30.8056525,24.207466699999998,infraestrutura_e_dados
1405,62.7421429,28.993026999999998,33.7547295,20.9181688,infraestrutura_e_dados
1406,55.8923805,33.288774599999996,26.9830502,21.562074,infraestrutura_e_dados
1407,51.566278499999996,35.6672148,38.4814687,23.4920517,infraestrutura_e_dados
1408,72.9184635,32.5447245,30.9944934,20.587248,infraestrutura_e_dados
1409,62.1021122,45.329221,30.2456518,29.268779700000003,infraestrutura_e_dados
1410,54.2376399,43.360408,33.4429899,23.2092022,infraestrutura_e_dados
1411,58.312490800000006,43.0397799,32.843505099999994,21.394942999999998,infraestrutura_e_dados
1412,56.95437450000001,45.6986636,51.0200715,10.8643236,infraestrutura_e_dados
1413,56.2021978,39.298369,33.0689026,21.2667589,infraestrutura_e_dados
1414,61.384722999999994,39.8803944,35.1153591,22.2227757,infraestrutura_e_dados
1415,51.8638272,51.2738504,32.706367400000005,27.3158641,infraestrutura_e_dados
1416,71.4051672,36.4782292,27.539130099999998,22.4039591,infraestrutura_e_dados
1417,72.6653899,47.824432300000005,25.2147315,42.8442277,infraestrutura_e_dados
1418,58.4363003,47.4651807,31.634666700000004,23.99473,infraestrutura_e_dados
1419,71.38667819999999,32.0151338,30.7393961,18.2960587,infraestrutura_e_dados
1420,69.8771239,22.9316879,18.1424919,19.5313719,infraestrutura_e_dados
1421,60.3713112,35.8365749,27.623360400000003,22.2803578,infraestrutura_e_dados
1422,63.002155599999995,33.4642466,29.7740958,21.662206,infraestrutura_e_dados
1423,70.4415872,34.6117758,32.3296419,19.833470300000002,infraestrutura_e_dados
1424,60.755703800000006,53.455894,28.962847000000004,27.8651221,infraestrutura_e_dados
1425,67.2107372,41.474006,23.7029681,26.291905399999997,infraestrutura_e_dados
1426,68.9486226,41.0854647,36.8975729,20.9541051,infraestrutura_e_dados
1427,83.6944513,26.026297,30.8985073,24.2279915,infraestrutura_e_dados
1428,62.6898359,34.064901,27.4555449,22.8149285,infraestrutura_e_dados
1429,41.1261215,58.913536300000004,41.3984665,35.2882932,infraestrutura_e_dados
1430,59.4106658,35.401545,41.9351794,16.9019258,infraestrutura_e_dados
1431,61.1946452,47.7497992,30.3890332,30.7756876,infraestrutura_e_dados
1432,60.6177663,44.5118308,32.2257052,23.3826752,infraestrutura_e_dados
1433,61.7461693,38.5082319,25.303526100000003,21.4669262,infraestrutura_e_dados
1434,64.4714746,37.689042699999995,31.0435559,18.193633900000002,infraestrutura_e_dados
1435,64.2433965,39.2118157,30.8056525,24.207466699999998,infraestrutura_e_dados
1436,62.7421429,28.993026999999998,33.7547295,20.9181688,infraestrutura_e_dados
1437,55.8923805,33.288774599999996,26.9830502,21.562074,infraestrutura_e_dados
1438,51.566278499999996,35.6672148,38.4814687,23.4920517,infraestrutura_e_dados
1439,72.9184635,32.5447245,30.9944934,20.587248,infraestrutura_e_dados
1440,62.1021122,45.329221,30.2456518,29.268779700000003,infraestrutura_e_dados
1441,54.2376399,43.360408,33.4429899,23.2092022,infraestrutura_e_dados
1442,58.312490800000006,43.0397799,32.843505099999994,21.394942999999998,infraestrutura_e_dados
1443,56.95437450000001,45.6986636,51.0200715,10.8643236,infraestrutura_e_dados
1444,56.2021978,39.298369,33.0689026,21.2667589,infraestrutura_e_dados
1445,61.384722999999994,39.8803944,35.1153591,22.2227757,infraestrutura_e_dados
1446,51.8638272,51.2738504,32.706367400000005,27.3158641,infraestrutura_e_dados
1447,71.4051672,36.4782292,27.539130099999998,22.4039591,infraestrutura_e_dados
1448,72.6653899,47.824432300000005,25.2147315,42.8442277,infraestrutura_e_dados
1449,58.4363003,47.4651807,31.634666700000004,23.99473,infraestrutura_e_dados
1450,71.38667819999999,32.0151338,30.7393961,18.2960587,infraestrutura_e_dados
1451,69.8771239,22.9316879,18.1424919,19.5313719,infraestrutura_e_dados
1452,60.3713112,35.8365749,27.623360400000003,22.2803578,infraestrutura_e_dados
1453,63.002155599999995,33.4642466,29.7740958,21.662206,infraestrutura_e_dados
1454,70.4415872,34.6117758,32.3296419,19.833470300000002,infraestrutura_e_dados
1455,60.755703800000006,53.455894,28.962847000000004,27.8651221,infraestrutura_e_dados
1456,67.2107372,41.474006,23.7029681,26.291905399999997,infraestrutura_e_dados
1457,68.9486226,41.0854647,36.8975729,20.9541051,infraestrutura_e_dados
1458,83.6944513,26.026297,30.8985073,24.2279915,infraestrutura_e_dados
1459,62.6898359,34.064901,27.4555449,22.8149285,infraestrutura_e_dados
1460,41.1261215,58.913536300000004,41.3984665,35.2882932,infraestrutura_e_dados
1461,59.4106658,35.401545,41.9351794,16.9019258,infraestrutura_e_dados
1462,61.1946452,47.7497992,30.3890332,30.7756876,infraestrutura_e_dados
1463,60.6177663,44.5118308,32.2257052,23.3826752,infraestrutura_e_dados
1464,61.7461693,38.5082319,25.303526100000003,21.4669262,infraestrutura_e_dados
1465,64.4714746,37.689042699999995,31.0435559,18.193633900000002,infraestrutura_e_dados
1466,64.2433965,39.2118157,30.8056525,24.207466699999998,infraestrutura_e_dados
1467,62.7421429,28.993026999999998,33.7547295,20.9181688,infraestrutura_e_dados
1468,55.8923805,33.288774599999996,26.9830502,21.562074,infraestrutura_e_dados
1469,51.566278499999996,35.6672148,38.4814687,23.4920517,infraestrutura_e_dados
1470,72.9184635,32.5447245,30.9944934,20.587248,infraestrutura_e_dados
1471,62.1021122,45.329221,30.2456518,29.268779700000003,infraestrutura_e_dados
1472,54.2376399,43.360408,33.4429899,23.2092022,infraestrutura_e_dados
1473,58.312490800000006,43.0397799,32.843505099999994,21.394942999999998,infraestrutura_e_dados
1474,56.95437450000001,45.6986636,51.0200715,10.8643236,infraestrutura_e_dados
1475,56.2021978,39.298369,33.0689026,21.2667589,infraestrutura_e_dados
1476,61.384722999999994,39.8803944,35.1153591,22.2227757,infraestrutura_e_dados
1477,51.8638272,51.2738504,32.706367400000005,27.3158641,infraestrutura_e_dados
1478,71.4051672,36.4782292,27.539130099999998,22.4039591,infraestrutura_e_dados
1479,72.6653899,47.824432300000005,25.2147315,42.8442277,infraestrutura_e_dados
1480,58.4363003,47.4651807,31.634666700000004,23.99473,infraestrutura_e_dados
1481,71.38667819999999,32.0151338,30.7393961,18.2960587,infraestrutura_e_dados
1482,69.8771239,22.9316879,18.1424919,19.5313719,infraestrutura_e_dados
1483,60.3713112,35.8365749,27.623360400000003,22.2803578,infraestrutura_e_dados
1484,63.002155599999995,33.4642466,29.7740958,21.662206,infraestrutura_e_dados
1485,70.4415872,34.6117758,32.3296419,19.833470300000002,infraestrutura_e_dados
1486,60.755703800000006,53.455894,28.962847000000004,27.8651221,infraestrutura_e_dados
1487,67.2107372,41.474006,23.7029681,26.291905399999997,infraestrutura_e_dados
1488,68.9486226,41.0854647,36.8975729,20.9541051,infraestrutura_e_dados
1489,83.6944513,26.026297,30.8985073,24.2279915,infraestrutura_e_dados
1490,62.6898359,34.064901,27.4555449,22.8149285,infraestrutura_e_dados
1491,41.1261215,58.913536300000004,41.3984665,35.2882932,infraestrutura_e_dados
1492,59.4106658,35.401545,41.9351794,16.9019258,infraestrutura_e_dados
1493,61.1946452,47.7497992,30.3890332,30.7756876,infraestrutura_e_dados
1494,60.6177663,44.5118308,32.2257052,23.3826752,infraestrutura_e_dados
1495,61.7461693,38.5082319,25.303526100000003,21.4669262,infraestrutura_e_dados
1496,64.4714746,37.689042699999995,31.0435559,18.193633900000002,infraestrutura_e_dados
1497,64.2433965,39.2118157,30.8056525,24.207466699999998,infraestrutura_e_dados
1498,62.7421429,28.993026999999998,33.7547295,20.9181688,infraestrutura_e_dados
1499,55.8923805,33.288774599999996,26.9830502,21.562074,infraestrutura_e_dados
1500,51.566278499999996,35.6672148,38.4814687,23.4920517,infraestrutura_e_dados
1501,72.9184635,32.5447245,30.9944934,20.587248,infraestrutura_e_dados
1502,62.1021122,45.329221,30.2456518,29.268779700000003,infraestrutura_e_dados
1503,54.2376399,43.360408,33.4429899,23.2092022,infraestrutura_e_dados
1504,58.312490800000006,43.0397799,32.843505099999994,21.394942999999998,infraestrutura_e_dados
1505,56.95437450000001,45.6986636,51.0200715,10.8643236,infraestrutura_e_dados
1506,56.2021978,39.298369,33.0689026,21.2667589,infraestrutura_e_dados
1507,61.384722999999994,39.8803944,35.1153591,22.2227757,infraestrutura_e_dados
1508,51.8638272,51.2738504,32.706367400000005,27.3158641,infraestrutura_e_dados
1509,71.4051672,36.4782292,27.539130099999998,22.4039591,infraestrutura_e_dados
1510,72.6653899,47.824432300000005,25.2147315,42.8442277,infraestrutura_e_dados
1511,58.4363003,47.4651807,31.634666700000004,23.99473,infraestrutura_e_dados
1512,71.38667819999999,32.0151338,30.7393961,18.2960587,infraestrutura_e_dados
1513,69.8771239,22.9316879,18.1424919,19.5313719,infraestrutura_e_dados
1514,60.3713112,35.8365749,27.623360400000003,22.2803578,infraestrutura_e_dados
1515,63.002155599999995,33.4642466,29.7740958,21.662206,infraestrutura_e_dados
1516,70.4415872,34.6117758,32.3296419,19.833470300000002,infraestrutura_e_dados
1517,60.755703800000006,53.455894,28.962847000000004,27.8651221,infraestrutura_e_dados
1518,67.2107372,41.474006,23.7029681,26.291905399999997,infraestrutura_e_dados
1519,68.9486226,41.0854647,36.8975729,20.9541051,infraestrutura_e_dados
1520,83.6944513,26.026297,30.8985073,24.2279915,infraestrutura_e_dados
1521,62.6898359,34.064901,27.4555449,22.8149285,infraestrutura_e_dados
1522,41.1261215,58.913536300000004,41.3984665,35.2882932,infraestrutura_e_dados
1523,59.4106658,35.401545,41.9351794,16.9019258,infraestrutura_e_dados
1524,61.1946452,47.7497992,30.3890332,30.7756876,infraestrutura_e_dados
1525,60.6177663,44.5118308,32.2257052,23.3826752,infraestrutura_e_dados
1526,61.7461693,38.5082319,25.303526100000003,21.4669262,infraestrutura_e_dados
1527,64.4714746,37.689042699999995,31.0435559,18.193633900000002,infraestrutura_e_dados
1528,64.2433965,39.2118157,30.8056525,24.207466699999998,infraestrutura_e_dados
1529,62.7421429,28.993026999999998,33.7547295,20.9181688,infraestrutura_e_dados
1530,55.8923805,33.288774599999996,26.9830502,21.562074,infraestrutura_e_dados
1531,51.566278499999996,35.6672148,38.4814687,23.4920517,infraestrutura_e_dados
1532,72.9184635,32.5447245,30.9944934,20.587248,infraestrutura_e_dados
1533,62.1021122,45.329221,30.2456518,29.268779700000003,infraestrutura_e_dados
1534,54.2376399,43.360408,33.4429899,23.2092022,infraestrutura_e_dados
1535,58.312490800000006,43.0397799,32.843505099999994,21.394942999999998,infraestrutura_e_dados
1536,56.95437450000001,45.6986636,51.0200715,10.8643236,infraestrutura_e_dados
1537,56.2021978,39.298369,33.0689026,21.2667589,infraestrutura_e_dados
1538,61.384722999999994,39.8803944,35.1153591,22.2227757,infraestrutura_e_dados
1539,51.8638272,51.2738504,32.706367400000005,27.3158641,infraestrutura_e_dados
1540,71.4051672,36.4782292,27.539130099999998,22.4039591,infraestrutura_e_dados
1541,72.6653899,47.824432300000005,25.2147315,42.8442277,infraestrutura_e_dados
1542,58.4363003,47.4651807,31.634666700000004,23.99473,infraestrutura_e_dados
1543,71.38667819999999,32.0151338,30.7393961,18.2960587,infraestrutura_e_dados
1544,69.8771239,22.9316879,18.1424919,19.5313719,infraestrutura_e_dados
1545,60.3713112,35.8365749,27.623360400000003,22.2803578,infraestrutura_e_dados
1546,63.002155599999995,33.4642466,29.7740958,21.662206,infraestrutura_e_dados
1547,70.4415872,34.6117758,32.3296419,19.833470300000002,infraestrutura_e_dados
1548,60.755703800000006,53.455894,28.962847000000004,27.8651221,infraestrutura_e_dados
1549,67.2107372,41.474006,23.7029681,26.291905399999997,infraestrutura_e_dados
1550,68.9486226,41.0854647,36.8975729,20.9541051,infraestrutura_e_dados
1551,83.6944513,26.026297,30.8985073,24.2279915,infraestrutura_e_dados
1552,62.6898359,34.064901,27.4555449,22.8149285,infraestrutura_e_dados
1553,41.1261215,58.913536300000004,41.3984665,35.2882932,infraestrutura_e_dados
1554,59.4106658,35.401545,41.9351794,16.9019258,infraestrutura_e_dados
1555,61.1946452,47.7497992,30.3890332,30.7756876,infraestrutura_e_dados
1556,60.6177663,44.5118308,32.2257052,23.3826752,infraestrutura_e_dados
1557,61.7461693,38.5082319,25.303526100000003,21.4669262,infraestrutura_e_dados
1558,64.4714746,37.689042699999995,31.0435559,18.193633900000002,infraestrutura_e_dados
1559,64.2433965,39.2118157,30.8056525,24.207466699999998,infraestrutura_e_dados
1560,62.7421429,28.993026999999998,33.7547295,20.9181688,infraestrutura_e_dados
1561,55.8923805,33.288774599999996,26.9830502,21.562074,infraestrutura_e_dados
1562,51.566278499999996,35.6672148,38.4814687,23.4920517,infraestrutura_e_dados
1563,72.9184635,32.5447245,30.9944934,20.587248,infraestrutura_e_dados
1564,62.1021122,45.329221,30.2456518,29.268779700000003,infraestrutura_e_dados
1565,54.2376399,43.360408,33.4429899,23.2092022,infraestrutura_e_dados
1566,58.312490800000006,43.0397799,32.843505099999994,21.394942999999998,infraestrutura_e_dados
1567,56.95437450000001,45.6986636,51.0200715,10.8643236,infraestrutura_e_dados
1568,56.2021978,39.298369,33.0689026,21.2667589,infraestrutura_e_dados
1569,61.384722999999994,39.8803944,35.1153591,22.2227757,infraestrutura_e_dados
1570,51.8638272,51.2738504,32.706367400000005,27.3158641,infraestrutura_e_dados
1571,71.4051672,36.4782292,27.539130099999998,22.4039591,infraestrutura_e_dados
1572,72.6653899,47.824432300000005,25.2147315,42.8442277,infraestrutura_e_dados
1573,58.4363003,47.4651807,31.634666700000004,23.99473,infraestrutura_e_dados
1574,71.38667819999999,32.0151338,30.7393961,18.2960587,infraestrutura_e_dados
1575,69.8771239,22.9316879,18.1424919,19.5313719,infraestrutura_e_dados
1576,60.3713112,35.8365749,27.623360400000003,22.2803578,infraestrutura_e_dados
1577,63.002155599999995,33.4642466,29.7740958,21.662206,infraestrutura_e_dados
1578,70.4415872,34.6117758,32.3296419,19.833470300000002,infraestrutura_e_dados
1579,60.755703800000006,53.455894,28.962847000000004,27.8651221,infraestrutura_e_dados
1580,67.2107372,41.474006,23.7029681,26.291905399999997,infraestrutura_e_dados
1581,68.9486226,41.0854647,36.8975729,20.9541051,infraestrutura_e_dados
1582,83.6944513,26.026297,30.8985073,24.2279915,infraestrutura_e_dados
1583,62.6898359,34.064901,27.4555449,22.8149285,infraestrutura_e_dados
1584,41.1261215,58.913536300000004,41.3984665,35.2882932,infraestrutura_e_dados
1585,59.4106658,35.401545,41.9351794,16.9019258,infraestrutura_e_dados
1586,61.1946452,47.7497992,30.3890332,30.7756876,infraestrutura_e_dados
1587,60.6177663,44.5118308,32.2257052,23.3826752,infraestrutura_e_dados
1588,61.7461693,38.5082319,25.303526100000003,21.4669262,infraestrutura_e_dados
1589,64.4714746,37.689042699999995,31.0435559,18.193633900000002,infraestrutura_e_dados
1590,64.2433965,39.2118157,30.8056525,24.207466699999998,infraestrutura_e_dados
1591,62.7421429,28.993026999999998,33.7547295,20.9181688,infraestrutura_e_dados
1592,55.8923805,33.288774599999996,26.9830502,21.562074,infraestrutura_e_dados
1593,51.566278499999996,35.6672148,38.4814687,23.4920517,infraestrutura_e_dados
1594,72.9184635,32.5447245,30.9944934,20.587248,infraestrutura_e_dados
1595,62.1021122,45.329221,30.2456518,29.268779700000003,infraestrutura_e_dados
1596,54.2376399,43.360408,33.4429899,23.2092022,infraestrutura_e_dados
1597,58.312490800000006,43.0397799,32.843505099999994,21.394942999999998,infraestrutura_e_dados
1598,56.95437450000001,45.6986636,51.0200715,10.8643236,infraestrutura_e_dados
1599,56.2021978,39.298369,33.0689026,21.2667589,infraestrutura_e_dados
1600,61.384722999999994,39.8803944,35.1153591,22.2227757,infraestrutura_e_dados
1601,51.8638272,51.2738504,32.706367400000005,27.3158641,infraestrutura_e_dados
1602,71.4051672,36.4782292,27.539130099999998,22.4039591,infraestrutura_e_dados
1603,72.6653899,47.824432300000005,25.2147315,42.8442277,infraestrutura_e_dados
1604,58.4363003,47.4651807,31.634666700000004,23.99473,infraestrutura_e_dados
1605,71.38667819999999,32.0151338,30.7393961,18.2960587,infraestrutura_e_dados
1606,69.8771239,22.9316879,18.1424919,19.5313719,infraestrutura_e_dados
1607,60.3713112,35.8365749,27.623360400000003,22.2803578,infraestrutura_e_dados
1608,63.002155599999995,33.4642466,29.7740958,21.662206,infraestrutura_e_dados
1609,70.4415872,34.6117758,32.3296419,19.833470300000002,infraestrutura_e_dados
1610,60.755703800000006,53.455894,28.962847000000004,27.8651221,infraestrutura_e_dados
1611,67.2107372,41.474006,23.7029681,26.291905399999997,infraestrutura_e_dados
1612,68.9486226,41.0854647,36.8975729,20.9541051,infraestrutura_e_dados
1613,83.6944513,26.026297,30.8985073,24.2279915,infraestrutura_e_dados
1614,62.6898359,34.064901,27.4555449,22.8149285,infraestrutura_e_dados
1615,41.1261215,58.913536300000004,41.3984665,35.2882932,infraestrutura_e_dados
1616,59.4106658,35.401545,41.9351794,16.9019258,infraestrutura_e_dados
1617,61.1946452,47.7497992,30.3890332,30.7756876,infraestrutura_e_dados
1618,60.6177663,44.5118308,32.2257052,23.3826752,infraestrutura_e_dados
1619,61.7461693,38.5082319,25.303526100000003,21.4669262,infraestrutura_e_dados
1620,49.2855374,37.5834197,30.996512399999997,17.6919062,seguranca_e_qualidade
1621,63.6031495,33.7139472,22.7643229,18.164448399999998,seguranca_e_qualidade
1622,67.4104394,37.8105739,33.1166974,20.390754,seguranca_e_qualidade
1623,69.2900402,40.167936399999995,37.255946699999996,21.915153,seguranca_e_qualidade
1624,63.8532913,30.241628,17.0347628,9.3453377,seguranca_e_qualidade
1625,60.3283019,33.0406264,26.552123100000003,16.4046429,seguranca_e_qualidade
1626,60.484813,32.3492477,25.642656000000002,14.003057499999999,seguranca_e_qualidade
1627,68.81048050000001,34.1550672,19.843518399999997,11.2759573,seguranca_e_qualidade
1628,55.461797499999996,36.9792006,29.994022799999996,18.5469674,seguranca_e_qualidade
1629,59.782258600000006,35.7565792,31.393459699999998,19.632998500000003,seguranca_e_qualidade
1630,71.54899470000001,29.0572871,19.728945,12.8401826,seguranca_e_qualidade
1631,49.2855374,37.5834197,30.996512399999997,17.6919062,seguranca_e_qualidade
1632,63.6031495,33.7139472,22.7643229,18.164448399999998,seguranca_e_qualidade
1633,67.4104394,37.8105739,33.1166974,20.390754,seguranca_e_qualidade
1634,69.2900402,40.167936399999995,37.255946699999996,21.915153,seguranca_e_qualidade
1635,63.8532913,30.241628,17.0347628,9.3453377,seguranca_e_qualidade
1636,60.3283019,33.0406264,26.552123100000003,16.4046429,seguranca_e_qualidade
1637,60.484813,32.3492477,25.642656000000002,14.003057499999999,seguranca_e_qualidade
1638,68.81048050000001,34.1550672,19.843518399999997,11.2759573,seguranca_e_qualidade
1639,55.461797499999996,36.9792006,29.994022799999996,18.5469674,seguranca_e_qualidade
1640,59.782258600000006,35.7565792,31.393459699999998,19.632998500000003,seguranca_e_qualidade
1641,71.54899470000001,29.0572871,19.728945,12.8401826,seguranca_e_qualidade
1642,49.2855374,37.5834197,30.996512399999997,17.6919062,seguranca_e_qualidade
1643,63.6031495,33.7139472,22.7643229,18.164448399999998,seguranca_e_qualidade
1644,67.4104394,37.8105739,33.1166974,20.390754,seguranca_e_qualidade
1645,69.2900402,40.167936399999995,37.255946699999996,21.915153,seguranca_e_qualidade
1646,63.8532913,30.241628,17.0347628,9.3453377,seguranca_e_qualidade
1647,60.3283019,33.0406264,26.552123100000003,16.4046429,seguranca_e_qualidade
1648,60.484813,32.3492477,25.642656000000002,14.003057499999999,seguranca_e_qualidade
1649,68.81048050000001,34.1550672,19.843518399999997,11.2759573,seguranca_e_qualidade
1650,55.461797499999996,36.9792006,29.994022799999996,18.5469674,seguranca_e_qualidade
1651,59.782258600000006,35.7565792,31.393459699999998,19.632998500000003,seguranca_e_qualidade
1652,71.54899470000001,29.0572871,19.728945,12.8401826,seguranca_e_qualidade
1653,49.2855374,37.5834197,30.996512399999997,17.6919062,seguranca_e_qualidade
1654,63.6031495,33.7139472,22.7643229,18.164448399999998,seguranca_e_qualidade
1655,67.4104394,37.8105739,33.1166974,20.390754,seguranca_e_qualidade
1656,69.2900402,40.167936399999995,37.255946699999996,21.915153,seguranca_e_qualidade
1657,63.8532913,30.241628,17.0347628,9.3453377,seguranca_e_qualidade
1658,60.3283019,33.0406264,26.552123100000003,16.4046429,seguranca_e_qualidade
1659,60.484813,32.3492477,25.642656000000002,14.003057499999999,seguranca_e_qualidade
1660,68.81048050000001,34.1550672,19.843518399999997,11.2759573,seguranca_e_qualidade
1661,55.461797499999996,36.9792006,29.994022799999996,18.5469674,seguranca_e_qualidade
1662,59.782258600000006,35.7565792,31.393459699999998,19.632998500000003,seguranca_e_qualidade
1663,71.54899470000001,29.0572871,19.728945,12.8401826,seguranca_e_qualidade
1664,49.2855374,37.5834197,30.996512399999997,17.6919062,seguranca_e_qualidade
1665,63.6031495,33.7139472,22.7643229,18.164448399999998,seguranca_e_qualidade
1666,67.4104394,37.8105739,33.1166974,20.390754,seguranca_e_qualidade
1667,69.2900402,40.167936399999995,37.255946699999996,21.915153,seguranca_e_qualidade
1668,63.8532913,30.241628,17.0347628,9.3453377,seguranca_e_qualidade
1669,60.3283019,33.0406264,26.552123100000003,16.4046429,seguranca_e_qualidade
1670,60.484813,32.3492477,25.642656000000002,14.003057499999999,seguranca_e_qualidade
1671,68.81048050000001,34.1550672,19.843518399999997,11.2759573,seguranca_e_qualidade
1672,55.461797499999996,36.9792006,29.994022799999996,18.5469674,seguranca_e_qualidade
1673,59.782258600000006,35.7565792,31.393459699999998,19.632998500000003,seguranca_e_qualidade
1674,71.54899470000001,29.0572871,19.728945,12.8401826,seguranca_e_qualidade
1675,49.2855374,37.5834197,30.996512399999997,17.6919062,seguranca_e_qualidade
1676,63.6031495,33.7139472,22.7643229,18.164448399999998,seguranca_e_qualidade
1677,67.4104394,37.8105739,33.1166974,20.390754,seguranca_e_qualidade
1678,69.2900402,40.167936399999995,37.255946699999996,21.915153,seguranca_e_qualidade
1679,63.8532913,30.241628,17.0347628,9.3453377,seguranca_e_qualidade
1680,60.3283019,33.0406264,26.552123100000003,16.4046429,seguranca_e_qualidade
1681,60.484813,32.3492477,25.642656000000002,14.003057499999999,seguranca_e_qualidade
1682,68.81048050000001,34.1550672,19.843518399999997,11.2759573,seguranca_e_qualidade
1683,55.461797499999996,36.9792006,29.994022799999996,18.5469674,seguranca_e_qualidade
1684,59.782258600000006,35.7565792,31.393459699999998,19.632998500000003,seguranca_e_qualidade
1685,71.54899470000001,29.0572871,19.728945,12.8401826,seguranca_e_qualidade
1686,49.2855374,37.5834197,30.996512399999997,17.6919062,seguranca_e_qualidade
1687,63.6031495,33.7139472,22.7643229,18.164448399999998,seguranca_e_qualidade
1688,67.4104394,37.8105739,33.1166974,20.390754,seguranca_e_qualidade
1689,69.2900402,40.167936399999995,37.255946699999996,21.915153,seguranca_e_qualidade
1690,63.8532913,30.241628,17.0347628,9.3453377,seguranca_e_qualidade
1691,60.3283019,33.0406264,26.552123100000003,16.4046429,seguranca_e_qualidade
1692,60.484813,32.3492477,25.642656000000002,14.003057499999999,seguranca_e_qualidade
1693,68.81048050000001,34.1550672,19.843518399999997,11.2759573,seguranca_e_qualidade
1694,55.461797499999996,36.9792006,29.994022799999996,18.5469674,seguranca_e_qualidade
1695,59.782258600000006,35.7565792,31.393459699999998,19.632998500000003,seguranca_e_qualidade
1696,71.54899470000001,29.0572871,19.728945,12.8401826,seguranca_e_qualidade
1697,49.2855374,37.5834197,30.996512399999997,17.6919062,seguranca_e_qualidade
1698,63.6031495,33.7139472,22.7643229,18.164448399999998,seguranca_e_qualidade
1699,67.4104394,37.8105739,33.1166974,20.390754,seguranca_e_qualidade
1700,69.2900402,40.167936399999995,37.255946699999996,21.915153,seguranca_e_qualidade
1701,63.8532913,30.241628,17.0347628,9.3453377,seguranca_e_qualidade
1702,60.3283019,33.0406264,26.552123100000003,16.4046429,seguranca_e_qualidade
1703,60.484813,32.3492477,25.642656000000002,14.003057499999999,seguranca_e_qualidade
1704,68.81048050000001,34.1550672,19.843518399999997,11.2759573,seguranca_e_qualidade
1705,55.461797499999996,36.9792006,29.994022799999996,18.5469674,seguranca_e_qualidade
1706,59.782258600000006,35.7565792,31.393459699999998,19.632998500000003,seguranca_e_qualidade
1707,71.54899470000001,29.0572871,19.728945,12.8401826,seguranca_e_qualidade
1708,49.2855374,37.5834197,30.996512399999997,17.6919062,seguranca_e_qualidade
1709,63.6031495,33.7139472,22.7643229,18.164448399999998,seguranca_e_qualidade
1710,67.4104394,37.8105739,33.1166974,20.390754,seguranca_e_qualidade
1711,69.2900402,40.167936399999995,37.255946699999996,21.915153,seguranca_e_qualidade
1712,63.8532913,30.241628,17.0347628,9.3453377,seguranca_e_qualidade
1713,60.3283019,33.0406264,26.552123100000003,16.4046429,seguranca_e_qualidade
1714,60.484813,32.3492477,25.642656000000002,14.003057499999999,seguranca_e_qualidade
1715,68.81048050000001,34.1550672,19.843518399999997,11.2759573,seguranca_e_qualidade
1716,55.461797499999996,36.9792006,29.994022799999996,18.5469674,seguranca_e_qualidade
1717,59.782258600000006,35.7565792,31.393459699999998,19.632998500000003,seguranca_e_qualidade
1718,71.54899470000001,29.0572871,19.728945,12.8401826,seguranca_e_qualidade
1719,49.2855374,37.5834197,30.996512399999997,17.6919062,seguranca_e_qualidade
1720,63.6031495,33.7139472,22.7643229,18.164448399999998,seguranca_e_qualidade
1721,67.4104394,37.8105739,33.1166974,20.390754,seguranca_e_qualidade
1722,69.2900402,40.167936399999995,37.255946699999996,21.915153,seguranca_e_qualidade
1723,63.8532913,30.241628,17.0347628,9.3453377,seguranca_e_qualidade
1724,60.3283019,33.0406264,26.552123100000003,16.4046429,seguranca_e_qualidade
1725,60.484813,32.3492477,25.642656000000002,14.003057499999999,seguranca_e_qualidade
1726,68.81048050000001,34.1550672,19.843518399999997,11.2759573,seguranca_e_qualidade
1727,55.461797499999996,36.9792006,29.994022799999996,18.5469674,seguranca_e_qualidade
1728,59.782258600000006,35.7565792,31.393459699999998,19.632998500000003,seguranca_e_qualidade
1729,71.54899470000001,29.0572871,19.728945,12.8401826,seguranca_e_qualidade
1730,49.2855374,37.5834197,30.996512399999997,17.6919062,seguranca_e_qualidade
1731,63.6031495,33.7139472,22.7643229,18.164448399999998,seguranca_e_qualidade
1732,67.4104394,37.8105739,33.1166974,20.390754,seguranca_e_qualidade
1733,69.2900402,40.167936399999995,37.255946699999996,21.915153,seguranca_e_qualidade
1734,63.8532913,30.241628,17.0347628,9.3453377,seguranca_e_qualidade
1735,60.3283019,33.0406264,26.552123100000003,16.4046429,seguranca_e_qualidade
1736,60.484813,32.3492477,25.642656000000002,14.003057499999999,seguranca_e_qualidade
1737,68.81048050000001,34.1550672,19.843518399999997,11.2759573,seguranca_e_qualidade
1738,55.461797499999996,36.9792006,29.994022799999996,18.5469674,seguranca_e_qualidade
1739,59.782258600000006,35.7565792,31.393459699999998,19.632998500000003,seguranca_e_qualidade
1740,71.54899470000001,29.0572871,19.728945,12.8401826,seguranca_e_qualidade
1741,49.2855374,37.5834197,30.996512399999997,17.6919062,seguranca_e_qualidade
1742,63.6031495,33.7139472,22.7643229,18.164448399999998,seguranca_e_qualidade
1743,67.4104394,37.8105739,33.1166974,20.390754,seguranca_e_qualidade
1744,69.2900402,40.167936399999995,37.255946699999996,21.915153,seguranca_e_qualidade
1745,63.8532913,30.241628,17.0347628,9.3453377,seguranca_e_qualidade
1746,60.3283019,33.0406264,26.552123100000003,16.4046429,seguranca_e_qualidade
1747,60.484813,32.3492477,25.642656000000002,14.003057499999999,seguranca_e_qualidade
1748,68.81048050000001,34.1550672,19.843518399999997,11.2759573,seguranca_e_qualidade
1749,55.461797499999996,36.9792006,29.994022799999996,18.5469674,seguranca_e_qualidade
1750,59.782258600000006,35.7565792,31.393459699999998,19.632998500000003,seguranca_e_qualidade
1751,71.54899470000001,29.0572871,19.728945,12.8401826,seguranca_e_qualidade
1752,49.2855374,37.5834197,30.996512399999997,17.6919062,seguranca_e_qualidade
1753,63.6031495,33.7139472,22.7643229,18.164448399999998,seguranca_e_qualidade
1754,67.4104394,37.8105739,33.1166974,20.390754,seguranca_e_qualidade
1755,69.2900402,40.167936399999995,37.255946699999996,21.915153,seguranca_e_qualidade
1756,63.8532913,30.241628,17.0347628,9.3453377,seguranca_e_qualidade
1757,60.3283019,33.0406264,26.552123100000003,16.4046429,seguranca_e_qualidade
1758,60.484813,32.3492477,25.642656000000002,14.003057499999999,seguranca_e_qualidade
1759,68.81048050000001,34.1550672,19.843518399999997,11.2759573,seguranca_e_qualidade
1760,55.461797499999996,36.9792006,29.994022799999996,18.5469674,seguranca_e_qualidade
1761,59.782258600000006,35.7565792,31.393459699999998,19.632998500000003,seguranca_e_qualidade
1762,71.54899470000001,29.0572871,19.728945,12.8401826,seguranca_e_qualidade
1763,49.2855374,37.5834197,30.996512399999997,17.6919062,seguranca_e_qualidade
1764,63.6031495,33.7139472,22.7643229,18.164448399999998,seguranca_e_qualidade
1765,67.4104394,37.8105739,33.1166974,20.390754,seguranca_e_qualidade
1766,69.2900402,40.167936399999995,37.255946699999996,21.915153,seguranca_e_qualidade
1767,63.8532913,30.241628,17.0347628,9.3453377,seguranca_e_qualidade
1768,60.3283019,33.0406264,26.552123100000003,16.4046429,seguranca_e_qualidade
1769,60.484813,32.3492477,25.642656000000002,14.003057499999999,seguranca_e_qualidade
1770,68.81048050000001,34.1550672,19.843518399999997,11.2759573,seguranca_e_qualidade
1771,55.461797499999996,36.9792006,29.994022799999996,18.5469674,seguranca_e_qualidade
1772,59.782258600000006,35.7565792,31.393459699999998,19.632998500000003,seguranca_e_qualidade
1773,71.54899470000001,29.0572871,19.728945,12.8401826,seguranca_e_qualidade
1774,49.2855374,37.5834197,30.996512399999997,17.6919062,seguranca_e_qualidade
1775,63.6031495,33.7139472,22.7643229,18.164448399999998,seguranca_e_qualidade
1776,67.4104394,37.8105739,33.1166974,20.390754,seguranca_e_qualidade
1777,69.2900402,40.167936399999995,37.255946699999996,21.915153,seguranca_e_qualidade
1778,63.8532913,30.241628,17.0347628,9.3453377,seguranca_e_qualidade
1779,60.3283019,33.0406264,26.552123100000003,16.4046429,seguranca_e_qualidade
1780,60.484813,32.3492477,25.642656000000002,14.003057499999999,seguranca_e_qualidade
1781,68.81048050000001,34.1550672,19.843518399999997,11.2759573,seguranca_e_qualidade
1782,55.461797499999996,36.9792006,29.994022799999996,18.5469674,seguranca_e_qualidade
1783,59.782258600000006,35.7565792,31.393459699999998,19.632998500000003,seguranca_e_qualidade
1784,71.54899470000001,29.0572871,19.728945,12.8401826,seguranca_e_qualidade
1785,49.2855374,37.5834197,30.996512399999997,17.6919062,seguranca_e_qualidade
1786,63.6031495,33.7139472,22.7643229,18.164448399999998,seguranca_e_qualidade
1787,67.4104394,37.8105739,33.1166974,20.390754,seguranca_e_qualidade
1788,69.2900402,40.167936399999995,37.255946699999996,21.915153,seguranca_e_qualidade
1789,63.8532913,30.241628,17.0347628,9.3453377,seguranca_e_qualidade
1790,60.3283019,33.0406264,26.552123100000003,16.4046429,seguranca_e_qualidade
1791,60.484813,32.3492477,25.642656000000002,14.003057499999999,seguranca_e_qualidade
1792,68.81048050000001,34.1550672,19.843518399999997,11.2759573,seguranca_e_qualidade
1793,55.461797499999996,36.9792006,29.994022799999996,18.5469674,seguranca_e_qualidade
1794,59.782258600000006,35.7565792,31.393459699999998,19.632998500000003,seguranca_e_qualidade
1795,71.54899470000001,29.0572871,19.728945,12.8401826,seguranca_e_qualidade
1796,49.2855374,37.5834197,30.996512399999997,17.6919062,seguranca_e_qualidade
1797,63.6031495,33.7139472,22.7643229,18.164448399999998,seguranca_e_qualidade
1798,67.4104394,37.8105739,33.1166974,20.390754,seguranca_e_qualidade
1799,69.2900402,40.167936399999995,37.255946699999996,21.915153,seguranca_e_qualidade
1800,63.8532913,30.241628,17.0347628,9.3453377,seguranca_e_qualidade
1801,60.3283019,33.0406264,26.552123100000003,16.4046429,seguranca_e_qualidade
1802,60.484813,32.3492477,25.642656000000002,14.003057499999999,seguranca_e_qualidade
1803,68.81048050000001,34.1550672,19.843518399999997,11.2759573,seguranca_e_qualidade
1804,55.461797499999996,36.9792006,29.994022799999996,18.5469674,seguranca_e_qualidade
1805,59.782258600000006,35.7565792,31.393459699999998,19.632998500000003,seguranca_e_qualidade
1806,71.54899470000001,29.0572871,19.728945,12.8401826,seguranca_e_qualidade
1807,49.2855374,37.5834197,30.996512399999997,17.6919062,seguranca_e_qualidade
1808,63.6031495,33.7139472,22.7643229,18.164448399999998,seguranca_e_qualidade
1809,67.4104394,37.8105739,33.1166974,20.390754,seguranca_e_qualidade
1810,69.2900402,40.167936399999995,37.255946699999996,21.915153,seguranca_e_qualidade
1811,63.8532913,30.241628,17.0347628,9.3453377,seguranca_e_qualidade
1812,60.3283019,33.0406264,26.552123100000003,16.4046429,seguranca_e_qualidade
1813,60.484813,32.3492477,25.642656000000002,14.003057499999999,seguranca_e_qualidade
1814,68.81048050000001,34.1550672,19.843518399999997,11.2759573,seguranca_e_qualidade
1815,55.461797499999996,36.9792006,29.994022799999996,18.5469674,seguranca_e_qualidade
1816,59.782258600000006,35.7565792,31.393459699999998,19.632998500000003,seguranca_e_qualidade
1817,71.54899470000001,29.0572871,19.728945,12.8401826,seguranca_e_qualidade
1818,49.2855374,37.5834197,30.996512399999997,17.6919062,seguranca_e_qualidade
1819,63.6031495,33.7139472,22.7643229,18.164448399999998,seguranca_e_qualidade
1820,67.4104394,37.8105739,33.1166974,20.390754,seguranca_e_qualidade
1821,69.2900402,40.167936399999995,37.255946699999996,21.915153,seguranca_e_qualidade
1822,63.8532913,30.241628,17.0347628,9.3453377,seguranca_e_qualidade
1823,60.3283019,33.0406264,26.552123100000003,16.4046429,seguranca_e_qualidade
1824,60.484813,32.3492477,25.642656000000002,14.003057499999999,seguranca_e_qualidade
1825,68.81048050000001,34.1550672,19.843518399999997,11.2759573,seguranca_e_qualidade
1826,55.461797499999996,36.9792006,29.994022799999996,18.5469674,seguranca_e_qualidade
1827,59.782258600000006,35.7565792,31.393459699999998,19.632998500000003,seguranca_e_qualidade
1828,71.54899470000001,29.0572871,19.728945,12.8401826,seguranca_e_qualidade
1829,49.2855374,37.5834197,30.996512399999997,17.6919062,seguranca_e_qualidade
1830,63.6031495,33.7139472,22.7643229,18.164448399999998,seguranca_e_qualidade
1831,67.4104394,37.8105739,33.1166974,20.390754,seguranca_e_qualidade
1832,69.2900402,40.167936399999995,37.255946699999996,21.915153,seguranca_e_qualidade
1833,63.8532913,30.241628,17.0347628,9.3453377,seguranca_e_qualidade
1834,60.3283019,33.0406264,26.552123100000003,16.4046429,seguranca_e_qualidade
1835,60.484813,32.3492477,25.642656000000002,14.003057499999999,seguranca_e_qualidade
1836,68.81048050000001,34.1550672,19.843518399999997,11.2759573,seguranca_e_qualidade
1837,55.461797499999996,36.9792006,29.994022799999996,18.5469674,seguranca_e_qualidade
1838,59.782258600000006,35.7565792,31.393459699999998,19.632998500000003,seguranca_e_qualidade
1839,71.54899470000001,29.0572871,19.728945,12.8401826,seguranca_e_qualidade
1840,49.2855374,37.5834197,30.996512399999997,17.6919062,seguranca_e_qualidade
1841,63.6031495,33.7139472,22.7643229,18.164448399999998,seguranca_e_qualidade
1842,67.4104394,37.8105739,33.1166974,20.390754,seguranca_e_qualidade
1843,69.2900402,40.167936399999995,37.255946699999996,21.915153,seguranca_e_qualidade
1844,63.8532913,30.241628,17.0347628,9.3453377,seguranca_e_qualidade
1845,60.3283019,33.0406264,26.552123100000003,16.4046429,seguranca_e_qualidade
1846,60.484813,32.3492477,25.642656000000002,14.003057499999999,seguranca_e_qualidade
1847,68.81048050000001,34.1550672,19.843518399999997,11.2759573,seguranca_e_qualidade
1848,55.461797499999996,36.9792006,29.994022799999996,18.5469674,seguranca_e_qualidade
1849,59.782258600000006,35.7565792,31.393459699999998,19.632998500000003,seguranca_e_qualidade
1850,71.54899470000001,29.0572871,19.728945,12.8401826,seguranca_e_qualidade
1851,49.2855374,37.5834197,30.996512399999997,17.6919062,seguranca_e_qualidade
1852,63.6031495,33.7139472,22.7643229,18.164448399999998,seguranca_e_qualidade
1853,67.4104394,37.8105739,33.1166974,20.390754,seguranca_e_qualidade
1854,69.2900402,40.167936399999995,37.255946699999996,21.915153,seguranca_e_qualidade
1855,63.8532913,30.241628,17.0347628,9.3453377,seguranca_e_qualidade
1856,60.3283019,33.0406264,26.552123100000003,16.4046429,seguranca_e_qualidade
1857,60.484813,32.3492477,25.642656000000002,14.003057499999999,seguranca_e_qualidade
1858,68.81048050000001,34.1550672,19.843518399999997,11.2759573,seguranca_e_qualidade
1859,55.461797499999996,36.9792006,29.994022799999996,18.5469674,seguranca_e_qualidade
1860,59.782258600000006,35.7565792,31.393459699999998,19.632998500000003,seguranca_e_qualidade
1861,71.54899470000001,29.0572871,19.728945,12.8401826,seguranca_e_qualidade
1862,49.2855374,37.5834197,30.996512399999997,17.6919062,seguranca_e_qualidade
1863,63.6031495,33.7139472,22.7643229,18.164448399999998,seguranca_e_qualidade
1864,67.4104394,37.8105739,33.1166974,20.390754,seguranca_e_qualidade
1865,69.2900402,40.167936399999995,37.255946699999996,21.915153,seguranca_e_qualidade
1866,63.8532913,30.241628,17.0347628,9.3453377,seguranca_e_qualidade
1867,60.3283019,33.0406264,26.552123100000003,16.4046429,seguranca_e_qualidade
1868,60.484813,32.3492477,25.642656000000002,14.003057499999999,seguranca_e_qualidade
1869,68.81048050000001,34.1550672,19.843518399999997,11.2759573,seguranca_e_qualidade
1870,55.461797499999996,36.9792006,29.994022799999996,18.5469674,seguranca_e_qualidade
1871,59.782258600000006,35.7565792,31.393459699999998,19.632998500000003,seguranca_e_qualidade
1872,71.54899470000001,29.0572871,19.728945,12.8401826,seguranca_e_qualidade
1873,49.2855374,37.5834197,30.996512399999997,17.6919062,seguranca_e_qualidade
1874,63.6031495,33.7139472,22.7643229,18.164448399999998,seguranca_e_qualidade
1875,67.4104394,37.8105739,33.1166974,20.390754,seguranca_e_qualidade
1876,69.2900402,40.167936399999995,37.255946699999996,21.915153,seguranca_e_qualidade
1877,63.8532913,30.241628,17.0347628,9.3453377,seguranca_e_qualidade
1878,60.3283019,33.0406264,26.552123100000003,16.4046429,seguranca_e_qualidade
1879,60.484813,32.3492477,25.642656000000002,14.003057499999999,seguranca_e_qualidade
1880,68.81048050000001,34.1550672,19.843518399999997,11.2759573,seguranca_e_qualidade
1881,55.461797499999996,36.9792006,29.994022799999996,18.5469674,seguranca_e_qualidade
1882,59.782258600000006,35.7565792,31.393459699999998,19.632998500000003,seguranca_e_qualidade
1883,71.54899470000001,29.0572871,19.728945,12.8401826,seguranca_e_qualidade
1884,49.2855374,37.5834197,30.996512399999997,17.6919062,seguranca_e_qualidade
1885,63.6031495,33.7139472,22.7643229,18.164448399999998,seguranca_e_qualidade
1886,67.4104394,37.8105739,33.1166974,20.390754,seguranca_e_qualidade
1887,69.2900402,40.167936399999995,37.255946699999996,21.915153,seguranca_e_qualidade
1888,63.8532913,30.241628,17.0347628,9.3453377,seguranca_e_qualidade
1889,60.3283019,33.0406264,26.552123100000003,16.4046429,seguranca_e_qualidade
1890,60.484813,32.3492477,25.642656000000002,14.003057499999999,seguranca_e_qualidade
1891,68.81048050000001,34.1550672,19.843518399999997,11.2759573,seguranca_e_qualidade
1892,55.461797499999996,36.9792006,29.994022799999996,18.5469674,seguranca_e_qualidade
1893,59.782258600000006,35.7565792,31.393459699999998,19.632998500000003,seguranca_e_qualidade
1894,71.54899470000001,29.0572871,19.728945,12.8401826,seguranca_e_qualidade
1895,49.2855374,37.5834197,30.996512399999997,17.6919062,seguranca_e_qualidade
1896,63.6031495,33.7139472,22.7643229,18.164448399999998,seguranca_e_qualidade
1897,67.4104394,37.8105739,33.1166974,20.390754,seguranca_e_qualidade
1898,69.2900402,40.167936399999995,37.255946699999996,21.915153,seguranca_e_qualidade
1899,63.8532913,30.241628,17.0347628,9.3453377,seguranca_e_qualidade
1900,60.3283019,33.0406264,26.552123100000003,16.4046429,seguranca_e_qualidade
1901,60.484813,32.3492477,25.642656000000002,14.003057499999999,seguranca_e_qualidade
1902,68.81048050000001,34.1550672,19.843518399999997,11.2759573,seguranca_e_qualidade
1903,55.461797499999996,36.9792006,29.994022799999996,18.5469674,seguranca_e_qualidade
1904,59.782258600000006,35.7565792,31.393459699999998,19.632998500000003,seguranca_e_qualidade
1905,71.54899470000001,29.0572871,19.728945,12.8401826,seguranca_e_qualidade
1906,49.2855374,37.5834197,30.996512399999997,17.6919062,seguranca_e_qualidade
1907,63.6031495,33.7139472,22.7643229,18.164448399999998,seguranca_e_qualidade
1908,67.4104394,37.8105739,33.1166974,20.390754,seguranca_e_qualidade
1909,69.2900402,40.167936399999995,37.255946699999996,21.915153,seguranca_e_qualidade
1910,63.8532913,30.241628,17.0347628,9.3453377,seguranca_e_qualidade
1911,60.3283019,33.0406264,26.552123100000003,16.4046429,seguranca_e_qualidade
1912,60.484813,32.3492477,25.642656000000002,14.003057499999999,seguranca_e_qualidade
1913,68.81048050000001,34.1550672,19.843518399999997,11.2759573,seguranca_e_qualidade
1914,55.461797499999996,36.9792006,29.994022799999996,18.5469674,seguranca_e_qualidade
1915,59.782258600000006,35.7565792,31.393459699999998,19.632998500000003,seguranca_e_qualidade
1916,71.54899470000001,29.0572871,19.728945,12.8401826,seguranca_e_qualidade
1917,49.2855374,37.5834197,30.996512399999997,17.6919062,seguranca_e_qualidade
1918,63.6031495,33.7139472,22.7643229,18.164448399999998,seguranca_e_qualidade
1919,67.4104394,37.8105739,33.1166974,20.390754,seguranca_e_qualidade
1920,69.2900402,40.167936399999995,37.255946699999996,21.915153,seguranca_e_qualidade
1921,63.8532913,30.241628,17.0347628,9.3453377,seguranca_e_qualidade
1922,60.3283019,33.0406264,26.552123100000003,16.4046429,seguranca_e_qualidade
1923,60.484813,32.3492477,25.642656000000002,14.003057499999999,seguranca_e_qualidade
1924,68.81048050000001,34.1550672,19.843518399999997,11.2759573,seguranca_e_qualidade
1925,55.461797499999996,36.9792006,29.994022799999996,18.5469674,seguranca_e_qualidade
1926,59.782258600000006,35.7565792,31.393459699999998,19.632998500000003,seguranca_e_qualidade
1927,71.54899470000001,29.0572871,19.728945,12.8401826,seguranca_e_qualidade
1928,49.2855374,37.5834197,30.996512399999997,17.6919062,seguranca_e_qualidade
1929,63.6031495,33.7139472,22.7643229,18.164448399999998,seguranca_e_qualidade
1930,67.4104394,37.8105739,33.1166974,20.390754,seguranca_e_qualidade
1931,69.2900402,40.167936399999995,37.255946699999996,21.915153,seguranca_e_qualidade
1932,63.8532913,30.241628,17.0347628,9.3453377,seguranca_e_qualidade
1933,60.3283019,33.0406264,26.552123100000003,16.4046429,seguranca_e_qualidade
1934,60.484813,32.3492477,25.642656000000002,14.003057499999999,seguranca_e_qualidade
1935,68.81048050000001,34.1550672,19.843518399999997,11.2759573,seguranca_e_qualidade
1936,55.461797499999996,36.9792006,29.994022799999996,18.5469674,seguranca_e_qualidade
1937,59.782258600000006,35.7565792,31.393459699999998,19.632998500000003,seguranca_e_qualidade
1938,71.54899470000001,29.0572871,19.728945,12.8401826,seguranca_e_qualidade
1939,49.2855374,37.5834197,30.996512399999997,17.6919062,seguranca_e_qualidade
1940,63.6031495,33.7139472,22.7643229,18.164448399999998,seguranca_e_qualidade
1941,67.4104394,37.8105739,33.1166974,20.390754,seguranca_e_qualidade
1942,69.2900402,40.167936399999995,37.255946699999996,21.915153,seguranca_e_qualidade
1943,63.8532913,30.241628,17.0347628,9.3453377,seguranca_e_qualidade
1944,60.3283019,33.0406264,26.552123100000003,16.4046429,seguranca_e_qualidade
1945,60.484813,32.3492477,25.642656000000002,14.003057499999999,seguranca_e_qualidade
1946,68.81048050000001,34.1550672,19.843518399999997,11.2759573,seguranca_e_qualidade
1947,55.461797499999996,36.9792006,29.994022799999996,18.5469674,seguranca_e_qualidade
1948,59.782258600000006,35.7565792,31.393459699999998,19.632998500000003,seguranca_e_qualidade
1949,71.54899470000001,29.0572871,19.728945,12.8401826,seguranca_e_qualidade
1950,49.2855374,37.5834197,30.996512399999997,17.6919062,seguranca_e_qualidade
1951,63.6031495,33.7139472,22.7643229,18.164448399999998,seguranca_e_qualidade
1952,67.4104394,37.8105739,33.1166974,20.390754,seguranca_e_qualidade
1953,69.2900402,40.167936399999995,37.255946699999996,21.915153,seguranca_e_qualidade
1954,63.8532913,30.241628,17.0347628,9.3453377,seguranca_e_qualidade
1955,60.3283019,33.0406264,26.552123100000003,16.4046429,seguranca_e_qualidade
1956,60.484813,32.3492477,25.642656000000002,14.003057499999999,seguranca_e_qualidade
1957,68.81048050000001,34.1550672,19.843518399999997,11.2759573,seguranca_e_qualidade
1958,55.461797499999996,36.9792006,29.994022799999996,18.5469674,seguranca_e_qualidade
1959,59.782258600000006,35.7565792,31.393459699999998,19.632998500000003,seguranca_e_qualidade
1960,71.54899470000001,29.0572871,19.728945,12.8401826,seguranca_e_qualidade
1961,49.2855374,37.5834197,30.996512399999997,17.6919062,seguranca_e_qualidade
1962,63.6031495,33.7139472,22.7643229,18.164448399999998,seguranca_e_qualidade
1963,67.4104394,37.8105739,33.1166974,20.390754,seguranca_e_qualidade
1964,69.2900402,40.167936399999995,37.255946699999996,21.915153,seguranca_e_qualidade
1965,63.8532913,30.241628,17.0347628,9.3453377,seguranca_e_qualidade
1966,60.3283019,33.0406264,26.552123100000003,16.4046429,seguranca_e_qualidade
1967,60.484813,32.3492477,25.642656000000002,14.003057499999999,seguranca_e_qualidade
1968,68.81048050000001,34.1550672,19.843518399999997,11.2759573,seguranca_e_qualidade
1969,55.461797499999996,36.9792006,29.994022799999996,18.5469674,seguranca_e_qualidade
1970,59.782258600000006,35.7565792,31.393459699999998,19.632998500000003,seguranca_e_qualidade
1971,71.54899470000001,29.0572871,19.728945,12.8401826,seguranca_e_qualidade
1972,49.2855374,37.5834197,30.996512399999997,17.6919062,seguranca_e_qualidade
1973,63.6031495,33.7139472,22.7643229,18.164448399999998,seguranca_e_qualidade
1974,67.4104394,37.8105739,33.1166974,20.390754,seguranca_e_qualidade
1975,69.2900402,40.167936399999995,37.255946699999996,21.915153,seguranca_e_qualidade
1976,63.8532913,30.241628,17.0347628,9.3453377,seguranca_e_qualidade
1977,60.3283019,33.0406264,26.552123100000003,16.4046429,seguranca_e_qualidade
1978,60.484813,32.3492477,25.642656000000002,14.003057499999999,seguranca_e_qualidade
1979,68.81048050000001,34.1550672,19.843518399999997,11.2759573,seguranca_e_qualidade
1980,55.461797499999996,36.9792006,29.994022799999996,18.5469674,seguranca_e_qualidade
1981,59.782258600000006,35.7565792,31.393459699999998,19.632998500000003,seguranca_e_qualidade
1982,71.54899470000001,29.0572871,19.728945,12.8401826,seguranca_e_qualidade
1983,49.2855374,37.5834197,30.996512399999997,17.6919062,seguranca_e_qualidade
1984,63.6031495,33.7139472,22.7643229,18.164448399999998,seguranca_e_qualidade
1985,67.4104394,37.8105739,33.1166974,20.390754,seguranca_e_qualidade
1986,69.2900402,40.167936399999995,37.255946699999996,21.915153,seguranca_e_qualidade
1987,63.8532913,30.241628,17.0347628,9.3453377,seguranca_e_qualidade
1988,60.3283019,33.0406264,26.552123100000003,16.4046429,seguranca_e_qualidade
1989,60.484813,32.3492477,25.642656000000002,14.003057499999999,seguranca_e_qualidade
1990,68.81048050000001,34.1550672,19.843518399999997,11.2759573,seguranca_e_qualidade
1991,55.461797499999996,36.9792006,29.994022799999996,18.5469674,seguranca_e_qualidade
1992,59.782258600000006,35.7565792,31.393459699999998,19.632998500000003,seguranca_e_qualidade
1993,71.54899470000001,29.0572871,19.728945,12.8401826,seguranca_e_qualidade
1994,49.2855374,37.5834197,30.996512399999997,17.6919062,seguranca_e_qualidade
1995,63.6031495,33.7139472,22.7643229,18.164448399999998,seguranca_e_qualidade
1996,67.4104394,37.8105739,33.1166974,20.390754,seguranca_e_qualidade
1997,69.2900402,40.167936399999995,37.255946699999996,21.915153,seguranca_e_qualidade
1998,63.8532913,30.241628,17.0347628,9.3453377,seguranca_e_qualidade
1999,60.3283019,33.0406264,26.552123100000003,16.4046429,seguranca_e_qualidade
2000,60.484813,32.3492477,25.642656000000002,14.003057499999999,seguranca_e_qualidade
2001,68.81048050000001,34.1550672,19.843518399999997,11.2759573,seguranca_e_qualidade
2002,55.461797499999996,36.9792006,29.994022799999996,18.5469674,seguranca_e_qualidade
2003,59.782258600000006,35.7565792,31.393459699999998,19.632998500000003,seguranca_e_qualidade
2004,71.54899470000001,29.0572871,19.728945,12.8401826,seguranca_e_qualidade
2005,49.2855374,37.5834197,30.996512399999997,17.6919062,seguranca_e_qualidade
2006,63.6031495,33.7139472,22.7643229,18.164448399999998,seguranca_e_qualidade
2007,67.4104394,37.8105739,33.1166974,20.390754,seguranca_e_qualidade
2008,69.2900402,40.167936399999995,37.255946699999996,21.915153,seguranca_e_qualidade
2009,63.8532913,30.241628,17.0347628,9.3453377,seguranca_e_qualidade
2010,60.3283019,33.0406264,26.552123100000003,16.4046429,seguranca_e_qualidade
2011,60.484813,32.3492477,25.642656000000002,14.003057499999999,seguranca_e_qualidade
2012,68.81048050000001,34.1550672,19.843518399999997,11.2759573,seguranca_e_qualidade
2013,55.461797499999996,36.9792006,29.994022799999996,18.5469674,seguranca_e_qualidade
2014,59.782258600000006,35.7565792,31.393459699999998,19.632998500000003,seguranca_e_qualidade
2015,71.54899470000001,29.0572871,19.728945,12.8401826,seguranca_e_qualidade
2016,49.2855374,37.5834197,30.996512399999997,17.6919062,seguranca_e_qualidade
2017,63.6031495,33.7139472,22.7643229,18.164448399999998,seguranca_e_qualidade
2018,67.4104394,37.8105739,33.1166974,20.390754,seguranca_e_qualidade
2019,69.2900402,40.167936399999995,37.255946699999996,21.915153,seguranca_e_qualidade
2020,63.8532913,30.241628,17.0347628,9.3453377,seguranca_e_qualidade
2021,60.3283019,33.0406264,26.552123100000003,16.4046429,seguranca_e_qualidade
2022,60.484813,32.3492477,25.642656000000002,14.003057499999999,seguranca_e_qualidade
2023,68.81048050000001,34.1550672,19.843518399999997,11.2759573,seguranca_e_qualidade
2024,55.461797499999996,36.9792006,29.994022799999996,18.5469674,seguranca_e_qualidade
2025,59.782258600000006,35.7565792,31.393459699999998,19.632998500000003,seguranca_e_qualidade
2026,71.54899470000001,29.0572871,19.728945,12.8401826,seguranca_e_qualidade
2027,49.2855374,37.5834197,30.996512399999997,17.6919062,seguranca_e_qualidade
2028,63.6031495,33.7139472,22.7643229,18.164448399999998,seguranca_e_qualidade
2029,67.4104394,37.8105739,33.1166974,20.390754,seguranca_e_qualidade
2030,69.2900402,40.167936399999995,37.255946699999996,21.915153,seguranca_e_qualidade
2031,63.8532913,30.241628,17.0347628,9.3453377,seguranca_e_qualidade
2032,60.3283019,33.0406264,26.552123100000003,16.4046429,seguranca_e_qualidade
2033,60.484813,32.3492477,25.642656000000002,14.003057499999999,seguranca_e_qualidade
2034,68.81048050000001,34.1550672,19.843518399999997,11.2759573,seguranca_e_qualidade
2035,55.461797499999996,36.9792006,29.994022799999996,18.5469674,seguranca_e_qualidade
2036,59.782258600000006,35.7565792,31.393459699999998,19.632998500000003,seguranca_e_qualidade
2037,71.54899470000001,29.0572871,19.728945,12.8401826,seguranca_e_qualidade
2038,49.2855374,37.5834197,30.996512399999997,17.6919062,seguranca_e_qualidade
2039,63.6031495,33.7139472,22.7643229,18.164448399999998,seguranca_e_qualidade
2040,67.4104394,37.8105739,33.1166974,20.390754,seguranca_e_qualidade
2041,69.2900402,40.167936399999995,37.255946699999996,21.915153,seguranca_e_qualidade
2042,63.8532913,30.241628,17.0347628,9.3453377,seguranca_e_qualidade
2043,60.3283019,33.0406264,26.552123100000003,16.4046429,seguranca_e_qualidade
2044,60.484813,32.3492477,25.642656000000002,14.003057499999999,seguranca_e_qualidade
2045,68.81048050000001,34.1550672,19.843518399999997,11.2759573,seguranca_e_qualidade
2046,55.461797499999996,36.9792006,29.994022799999996,18.5469674,seguranca_e_qualidade
2047,59.782258600000006,35.7565792,31.393459699999998,19.632998500000003,seguranca_e_qualidade
2048,71.54899470000001,29.0572871,19.728945,12.8401826,seguranca_e_qualidade
2049,49.2855374,37.5834197,30.996512399999997,17.6919062,seguranca_e_qualidade
2050,63.6031495,33.7139472,22.7643229,18.164448399999998,seguranca_e_qualidade
2051,67.4104394,37.8105739,33.1166974,20.390754,seguranca_e_qualidade
2052,69.2900402,40.167936399999995,37.255946699999996,21.915153,seguranca_e_qualidade
2053,63.8532913,30.241628,17.0347628,9.3453377,seguranca_e_qualidade
2054,60.3283019,33.0406264,26.552123100000003,16.4046429,seguranca_e_qualidade
2055,60.484813,32.3492477,25.642656000000002,14.003057499999999,seguranca_e_qualidade
2056,68.81048050000001,34.1550672,19.843518399999997,11.2759573,seguranca_e_qualidade
2057,55.461797499999996,36.9792006,29.994022799999996,18.5469674,seguranca_e_qualidade
2058,59.782258600000006,35.7565792,31.393459699999998,19.632998500000003,seguranca_e_qualidade
2059,71.54899470000001,29.0572871,19.728945,12.8401826,seguranca_e_qualidade
2060,49.2855374,37.5834197,30.996512399999997,17.6919062,seguranca_e_qualidade
2061,63.6031495,33.7139472,22.7643229,18.164448399999998,seguranca_e_qualidade
2062,67.4104394,37.8105739,33.1166974,20.390754,seguranca_e_qualidade
2063,69.2900402,40.167936399999995,37.255946699999996,21.915153,seguranca_e_qualidade
2064,63.8532913,30.241628,17.0347628,9.3453377,seguranca_e_qualidade
2065,60.3283019,33.0406264,26.552123100000003,16.4046429,seguranca_e_qualidade
2066,60.484813,32.3492477,25.642656000000002,14.003057499999999,seguranca_e_qualidade
2067,68.81048050000001,34.1550672,19.843518399999997,11.2759573,seguranca_e_qualidade
2068,55.461797499999996,36.9792006,29.994022799999996,18.5469674,seguranca_e_qualidade
2069,59.782258600000006,35.7565792,31.393459699999998,19.632998500000003,seguranca_e_qualidade
2070,71.54899470000001,29.0572871,19.728945,12.8401826,seguranca_e_qualidade
2071,49.2855374,37.5834197,30.996512399999997,17.6919062,seguranca_e_qualidade
2072,63.6031495,33.7139472,22.7643229,18.164448399999998,seguranca_e_qualidade
2073,67.4104394,37.8105739,33.1166974,20.390754,seguranca_e_qualidade
2074,69.2900402,40.167936399999995,37.255946699999996,21.915153,seguranca_e_qualidade
2075,63.8532913,30.241628,17.0347628,9.3453377,seguranca_e_qualidade
2076,60.3283019,33.0406264,26.552123100000003,16.4046429,seguranca_e_qualidade
2077,60.484813,32.3492477,25.642656000000002,14.003057499999999,seguranca_e_qualidade
2078,68.81048050000001,34.1550672,19.843518399999997,11.2759573,seguranca_e_qualidade
2079,55.461797499999996,36.9792006,29.994022799999996,18.5469674,seguranca_e_qualidade
2080,59.782258600000006,35.7565792,31.393459699999998,19.632998500000003,seguranca_e_qualidade
2081,71.54899470000001,29.0572871,19.728945,12.8401826,seguranca_e_qualidade
2082,49.2855374,37.5834197,30.996512399999997,17.6919062,seguranca_e_qualidade
2083,63.6031495,33.7139472,22.7643229,18.164448399999998,seguranca_e_qualidade
2084,67.4104394,37.8105739,33.1166974,20.390754,seguranca_e_qualidade
2085,69.2900402,40.167936399999995,37.255946699999996,21.915153,seguranca_e_qualidade
2086,63.8532913,30.241628,17.0347628,9.3453377,seguranca_e_qualidade
2087,60.3283019,33.0406264,26.552123100000003,16.4046429,seguranca_e_qualidade
2088,60.484813,32.3492477,25.642656000000002,14.003057499999999,seguranca_e_qualidade
2089,68.81048050000001,34.1550672,19.843518399999997,11.2759573,seguranca_e_qualidade
2090,55.461797499999996,36.9792006,29.994022799999996,18.5469674,seguranca_e_qualidade
2091,59.782258600000006,35.7565792,31.393459699999998,19.632998500000003,seguranca_e_qualidade
2092,71.54899470000001,29.0572871,19.728945,12.8401826,seguranca_e_qualidade
2093,49.2855374,37.5834197,30.996512399999997,17.6919062,seguranca_e_qualidade
2094,63.6031495,33.7139472,22.7643229,18.164448399999998,seguranca_e_qualidade
2095,67.4104394,37.8105739,33.1166974,20.390754,seguranca_e_qualidade
2096,69.2900402,40.167936399999995,37.255946699999996,21.915153,seguranca_e_qualidade
2097,63.8532913,30.241628,17.0347628,9.3453377,seguranca_e_qualidade
2098,60.3283019,33.0406264,26.552123100000003,16.4046429,seguranca_e_qualidade
2099,60.484813,32.3492477,25.642656000000002,14.003057499999999,seguranca_e_qualidade
2100,68.81048050000001,34.1550672,19.843518399999997,11.2759573,seguranca_e_qualidade
2101,55.461797499999996,36.9792006,29.994022799999996,18.5469674,seguranca_e_qualidade
2102,59.782258600000006,35.7565792,31.393459699999998,19.632998500000003,seguranca_e_qualidade
2103,71.54899470000001,29.0572871,19.728945,12.8401826,seguranca_e_qualidade
2104,49.2855374,37.5834197,30.996512399999997,17.6919062,seguranca_e_qualidade
2105,63.6031495,33.7139472,22.7643229,18.164448399999998,seguranca_e_qualidade
2106,67.4104394,37.8105739,33.1166974,20.390754,seguranca_e_qualidade
2107,69.2900402,40.167936399999995,37.255946699999996,21.915153,seguranca_e_qualidade
2108,63.8532913,30.241628,17.0347628,9.3453377,seguranca_e_qualidade
2109,60.3283019,33.0406264,26.552123100000003,16.4046429,seguranca_e_qualidade
2110,60.484813,32.3492477,25.642656000000002,14.003057499999999,seguranca_e_qualidade
2111,68.81048050000001,34.1550672,19.843518399999997,11.2759573,seguranca_e_qualidade
2112,55.461797499999996,36.9792006,29.994022799999996,18.5469674,seguranca_e_qualidade
2113,59.782258600000006,35.7565792,31.393459699999998,19.632998500000003,seguranca_e_qualidade
2114,71.54899470000001,29.0572871,19.728945,12.8401826,seguranca_e_qualidade
2115,49.2855374,37.5834197,30.996512399999997,17.6919062,seguranca_e_qualidade
2116,63.6031495,33.7139472,22.7643229,18.164448399999998,seguranca_e_qualidade
2117,67.4104394,37.8105739,33.1166974,20.390754,seguranca_e_qualidade
2118,69.2900402,40.167936399999995,37.255946699999996,21.915153,seguranca_e_qualidade
2119,63.8532913,30.241628,17.0347628,9.3453377,seguranca_e_qualidade
2120,60.3283019,33.0406264,26.552123100000003,16.4046429,seguranca_e_qualidade
2121,60.484813,32.3492477,25.642656000000002,14.003057499999999,seguranca_e_qualidade
2122,68.81048050000001,34.1550672,19.843518399999997,11.2759573,seguranca_e_qualidade
2123,55.461797499999996,36.9792006,29.994022799999996,18.5469674,seguranca_e_qualidade
2124,59.782258600000006,35.7565792,31.393459699999998,19.632998500000003,seguranca_e_qualidade
2125,71.54899470000001,29.0572871,19.728945,12.8401826,seguranca_e_qualidade
2126,49.2855374,37.5834197,30.996512399999997,17.6919062,seguranca_e_qualidade
2127,63.6031495,33.7139472,22.7643229,18.164448399999998,seguranca_e_qualidade
2128,67.4104394,37.8105739,33.1166974,20.390754,seguranca_e_qualidade
2129,69.2900402,40.167936399999995,37.255946699999996,21.915153,seguranca_e_qualidade
2130,63.8532913,30.241628,17.0347628,9.3453377,seguranca_e_qualidade
2131,60.3283019,33.0406264,26.552123100000003,16.4046429,seguranca_e_qualidade
2132,60.484813,32.3492477,25.642656000000002,14.003057499999999,seguranca_e_qualidade
2133,68.81048050000001,34.1550672,19.843518399999997,11.2759573,seguranca_e_qualidade
2134,55.461797499999996,36.9792006,29.994022799999996,18.5469674,seguranca_e_qualidade
2135,59.782258600000006,35.7565792,31.393459699999998,19.632998500000003,seguranca_e_qualidade
2136,71.54899470000001,29.0572871,19.728945,12.8401826,seguranca_e_qualidade
2137,49.2855374,37.5834197,30.996512399999997,17.6919062,seguranca_e_qualidade
2138,63.6031495,33.7139472,22.7643229,18.164448399999998,seguranca_e_qualidade
2139,67.4104394,37.8105739,33.1166974,20.390754,seguranca_e_qualidade
2140,69.2900402,40.167936399999995,37.255946699999996,21.915153,seguranca_e_qualidade
2141,63.8532913,30.241628,17.0347628,9.3453377,seguranca_e_qualidade
2142,60.3283019,33.0406264,26.552123100000003,16.4046429,seguranca_e_qualidade
2143,60.484813,32.3492477,25.642656000000002,14.003057499999999,seguranca_e_qualidade
2144,68.81048050000001,34.1550672,19.843518399999997,11.2759573,seguranca_e_qualidade
2145,55.461797499999996,36.9792006,29.994022799999996,18.5469674,seguranca_e_qualidade
2146,59.782258600000006,35.7565792,31.393459699999998,19.632998500000003,seguranca_e_qualidade
2147,71.54899470000001,29.0572871,19.728945,12.8401826,seguranca_e_qualidade
2148,49.2855374,37.5834197,30.996512399999997,17.6919062,seguranca_e_qualidade
2149,63.6031495,33.7139472,22.7643229,18.164448399999998,seguranca_e_qualidade
2150,67.4104394,37.8105739,33.1166974,20.390754,seguranca_e_qualidade
2151,69.2900402,40.167936399999995,37.255946699999996,21.915153,seguranca_e_qualidade
2152,63.8532913,30.241628,17.0347628,9.3453377,seguranca_e_qualidade
2153,60.3283019,33.0406264,26.552123100000003,16.4046429,seguranca_e_qualidade
2154,60.484813,32.3492477,25.642656000000002,14.003057499999999,seguranca_e_qualidade
2155,68.81048050000001,34.1550672,19.843518399999997,11.2759573,seguranca_e_qualidade
2156,55.461797499999996,36.9792006,29.994022799999996,18.5469674,seguranca_e_qualidade
2157,59.782258600000006,35.7565792,31.393459699999998,19.632998500000003,seguranca_e_qualidade
2158,71.54899470000001,29.0572871,19.728945,12.8401826,seguranca_e_qualidade
2159,49.2855374,37.5834197,30.996512399999997,17.6919062,seguranca_e_qualidade
2160,70.9695034,42.971929599999996,34.444885400000004,24.4516634,infraestrutura_e_dados
2161,57.0653584,38.9072441,36.6024015,22.2767245,infraestrutura_e_dados
2162,69.9767875,45.026243199999996,38.0718342,27.5377048,infraestrutura_e_dados
2163,68.0854912,33.157924,29.159296400000002,24.0848018,infraestrutura_e_dados
2164,82.9171388,18.7177329,41.6590999,13.908656599999999,infraestrutura_e_dados
2165,64.990286,36.8235361,34.3266396,22.1510668,infraestrutura_e_dados
2166,66.5571786,35.7657139,37.388841299999996,20.3629742,infraestrutura_e_dados
2167,53.4072659,51.5419517,30.5892497,29.118501600000002,infraestrutura_e_dados
2168,59.7063578,43.5768458,42.9891456,32.9922239,infraestrutura_e_dados
2169,70.72236960000001,37.9567027,31.855488100000002,24.5027458,infraestrutura_e_dados
2170,60.2204741,34.2423238,28.103051699999998,27.978635899999997,infraestrutura_e_dados
2171,53.446161999999994,41.8310504,42.7178449,23.803870099999997,infraestrutura_e_dados
2172,51.743937900000006,40.7990512,40.2459011,24.284648,infraestrutura_e_dados
2173,64.1077464,40.6371221,30.7623368,20.5455866,infraestrutura_e_dados
2174,65.881155,33.9466408,25.993349100000003,23.477413,infraestrutura_e_dados
2175,62.6285729,39.9570697,32.5431113,19.6687537,infraestrutura_e_dados
2176,63.174419400000005,44.5127985,31.483760399999998,29.1764519,infraestrutura_e_dados
2177,54.66811620000001,41.2547105,34.5287187,29.0439304,infraestrutura_e_dados
2178,60.373147599999996,37.5550325,38.198246000000005,19.8990644,infraestrutura_e_dados
2179,70.9695034,42.971929599999996,34.444885400000004,24.4516634,infraestrutura_e_dados
2180,57.0653584,38.9072441,36.6024015,22.2767245,infraestrutura_e_dados
2181,69.9767875,45.026243199999996,38.0718342,27.5377048,infraestrutura_e_dados
2182,68.0854912,33.157924,29.159296400000002,24.0848018,infraestrutura_e_dados
2183,82.9171388,18.7177329,41.6590999,13.908656599999999,infraestrutura_e_dados
2184,64.990286,36.8235361,34.3266396,22.1510668,infraestrutura_e_dados
2185,66.5571786,35.7657139,37.388841299999996,20.3629742,infraestrutura_e_dados
2186,53.4072659,51.5419517,30.5892497,29.118501600000002,infraestrutura_e_dados
2187,59.7063578,43.5768458,42.9891456,32.9922239,infraestrutura_e_dados
2188,70.72236960000001,37.9567027,31.855488100000002,24.5027458,infraestrutura_e_dados
2189,60.2204741,34.2423238,28.103051699999998,27.978635899999997,infraestrutura_e_dados
2190,53.446161999999994,41.8310504,42.7178449,23.803870099999997,infraestrutura_e_dados
2191,51.743937900000006,40.7990512,40.2459011,24.284648,infraestrutura_e_dados
2192,64.1077464,40.6371221,30.7623368,20.5455866,infraestrutura_e_dados
2193,65.881155,33.9466408,25.993349100000003,23.477413,infraestrutura_e_dados
2194,62.6285729,39.9570697,32.5431113,19.6687537,infraestrutura_e_dados
2195,63.174419400000005,44.5127985,31.483760399999998,29.1764519,infraestrutura_e_dados
2196,54.66811620000001,41.2547105,34.5287187,29.0439304,infraestrutura_e_dados
2197,60.373147599999996,37.5550325,38.198246000000005,19.8990644,infraestrutura_e_dados
2198,70.9695034,42.971929599999996,34.444885400000004,24.4516634,infraestrutura_e_dados
2199,57.0653584,38.9072441,36.6024015,22.2767245,infraestrutura_e_dados
2200,69.9767875,45.026243199999996,38.0718342,27.5377048,infraestrutura_e_dados
2201,68.0854912,33.157924,29.159296400000002,24.0848018,infraestrutura_e_dados
2202,82.9171388,18.7177329,41.6590999,13.908656599999999,infraestrutura_e_dados
2203,64.990286,36.8235361,34.3266396,22.1510668,infraestrutura_e_dados
2204,66.5571786,35.7657139,37.388841299999996,20.3629742,infraestrutura_e_dados
2205,53.4072659,51.5419517,30.5892497,29.118501600000002,infraestrutura_e_dados
2206,59.7063578,43.5768458,42.9891456,32.9922239,infraestrutura_e_dados
2207,70.72236960000001,37.9567027,31.855488100000002,24.5027458,infraestrutura_e_dados
2208,60.2204741,34.2423238,28.103051699999998,27.978635899999997,infraestrutura_e_dados
2209,53.446161999999994,41.8310504,42.7178449,23.803870099999997,infraestrutura_e_dados
2210,51.743937900000006,40.7990512,40.2459011,24.284648,infraestrutura_e_dados
2211,64.1077464,40.6371221,30.7623368,20.5455866,infraestrutura_e_dados
2212,65.881155,33.9466408,25.993349100000003,23.477413,infraestrutura_e_dados
2213,62.6285729,39.9570697,32.5431113,19.6687537,infraestrutura_e_dados
2214,63.174419400000005,44.5127985,31.483760399999998,29.1764519,infraestrutura_e_dados
2215,54.66811620000001,41.2547105,34.5287187,29.0439304,infraestrutura_e_dados
2216,60.373147599999996,37.5550325,38.198246000000005,19.8990644,infraestrutura_e_dados
2217,70.9695034,42.971929599999996,34.444885400000004,24.4516634,infraestrutura_e_dados
2218,57.0653584,38.9072441,36.6024015,22.2767245,infraestrutura_e_dados
2219,69.9767875,45.026243199999996,38.0718342,27.5377048,infraestrutura_e_dados
2220,68.0854912,33.157924,29.159296400000002,24.0848018,infraestrutura_e_dados
2221,82.9171388,18.7177329,41.6590999,13.908656599999999,infraestrutura_e_dados
2222,64.990286,36.8235361,34.3266396,22.1510668,infraestrutura_e_dados
2223,66.5571786,35.7657139,37.388841299999996,20.3629742,infraestrutura_e_dados
2224,53.4072659,51.5419517,30.5892497,29.118501600000002,infraestrutura_e_dados
2225,59.7063578,43.5768458,42.9891456,32.9922239,infraestrutura_e_dados
2226,70.72236960000001,37.9567027,31.855488100000002,24.5027458,infraestrutura_e_dados
2227,60.2204741,34.2423238,28.103051699999998,27.978635899999997,infraestrutura_e_dados
2228,53.446161999999994,41.8310504,42.7178449,23.803870099999997,infraestrutura_e_dados
2229,51.743937900000006,40.7990512,40.2459011,24.284648,infraestrutura_e_dados
2230,64.1077464,40.6371221,30.7623368,20.5455866,infraestrutura_e_dados
2231,65.881155,33.9466408,25.993349100000003,23.477413,infraestrutura_e_dados
2232,62.6285729,39.9570697,32.5431113,19.6687537,infraestrutura_e_dados
2233,63.174419400000005,44.5127985,31.483760399999998,29.1764519,infraestrutura_e_dados
2234,54.66811620000001,41.2547105,34.5287187,29.0439304,infraestrutura_e_dados
2235,60.373147599999996,37.5550325,38.198246000000005,19.8990644,infraestrutura_e_dados
2236,70.9695034,42.971929599999996,34.444885400000004,24.4516634,infraestrutura_e_dados
2237,57.0653584,38.9072441,36.6024015,22.2767245,infraestrutura_e_dados
2238,69.9767875,45.026243199999996,38.0718342,27.5377048,infraestrutura_e_dados
2239,68.0854912,33.157924,29.159296400000002,24.0848018,infraestrutura_e_dados
2240,82.9171388,18.7177329,41.6590999,13.908656599999999,infraestrutura_e_dados
2241,64.990286,36.8235361,34.3266396,22.1510668,infraestrutura_e_dados
2242,66.5571786,35.7657139,37.388841299999996,20.3629742,infraestrutura_e_dados
2243,53.4072659,51.5419517,30.5892497,29.118501600000002,infraestrutura_e_dados
2244,59.7063578,43.5768458,42.9891456,32.9922239,infraestrutura_e_dados
2245,70.72236960000001,37.9567027,31.855488100000002,24.5027458,infraestrutura_e_dados
2246,60.2204741,34.2423238,28.103051699999998,27.978635899999997,infraestrutura_e_dados
2247,53.446161999999994,41.8310504,42.7178449,23.803870099999997,infraestrutura_e_dados
2248,51.743937900000006,40.7990512,40.2459011,24.284648,infraestrutura_e_dados
2249,64.1077464,40.6371221,30.7623368,20.5455866,infraestrutura_e_dados
2250,65.881155,33.9466408,25.993349100000003,23.477413,infraestrutura_e_dados
2251,62.6285729,39.9570697,32.5431113,19.6687537,infraestrutura_e_dados
2252,63.174419400000005,44.5127985,31.483760399999998,29.1764519,infraestrutura_e_dados
2253,54.66811620000001,41.2547105,34.5287187,29.0439304,infraestrutura_e_dados
2254,60.373147599999996,37.5550325,38.198246000000005,19.8990644,infraestrutura_e_dados
2255,70.9695034,42.971929599999996,34.444885400000004,24.4516634,infraestrutura_e_dados
2256,57.0653584,38.9072441,36.6024015,22.2767245,infraestrutura_e_dados
2257,69.9767875,45.026243199999996,38.0718342,27.5377048,infraestrutura_e_dados
2258,68.0854912,33.157924,29.159296400000002,24.0848018,infraestrutura_e_dados
2259,82.9171388,18.7177329,41.6590999,13.908656599999999,infraestrutura_e_dados
2260,64.990286,36.8235361,34.3266396,22.1510668,infraestrutura_e_dados
2261,66.5571786,35.7657139,37.388841299999996,20.3629742,infraestrutura_e_dados
2262,53.4072659,51.5419517,30.5892497,29.118501600000002,infraestrutura_e_dados
2263,59.7063578,43.5768458,42.9891456,32.9922239,infraestrutura_e_dados
2264,70.72236960000001,37.9567027,31.855488100000002,24.5027458,infraestrutura_e_dados
2265,60.2204741,34.2423238,28.103051699999998,27.978635899999997,infraestrutura_e_dados
2266,53.446161999999994,41.8310504,42.7178449,23.803870099999997,infraestrutura_e_dados
2267,51.743937900000006,40.7990512,40.2459011,24.284648,infraestrutura_e_dados
2268,64.1077464,40.6371221,30.7623368,20.5455866,infraestrutura_e_dados
2269,65.881155,33.9466408,25.993349100000003,23.477413,infraestrutura_e_dados
2270,62.6285729,39.9570697,32.5431113,19.6687537,infraestrutura_e_dados
2271,63.174419400000005,44.5127985,31.483760399999998,29.1764519,infraestrutura_e_dados
2272,54.66811620000001,41.2547105,34.5287187,29.0439304,infraestrutura_e_dados
2273,60.373147599999996,37.5550325,38.198246000000005,19.8990644,infraestrutura_e_dados
2274,70.9695034,42.971929599999996,34.444885400000004,24.4516634,infraestrutura_e_dados
2275,57.0653584,38.9072441,36.6024015,22.2767245,infraestrutura_e_dados
2276,69.9767875,45.026243199999996,38.0718342,27.5377048,infraestrutura_e_dados
2277,68.0854912,33.157924,29.159296400000002,24.0848018,infraestrutura_e_dados
2278,82.9171388,18.7177329,41.6590999,13.908656599999999,infraestrutura_e_dados
2279,64.990286,36.8235361,34.3266396,22.1510668,infraestrutura_e_dados
2280,66.5571786,35.7657139,37.388841299999996,20.3629742,infraestrutura_e_dados
2281,53.4072659,51.5419517,30.5892497,29.118501600000002,infraestrutura_e_dados
2282,59.7063578,43.5768458,42.9891456,32.9922239,infraestrutura_e_dados
2283,70.72236960000001,37.9567027,31.855488100000002,24.5027458,infraestrutura_e_dados
2284,60.2204741,34.2423238,28.103051699999998,27.978635899999997,infraestrutura_e_dados
2285,53.446161999999994,41.8310504,42.7178449,23.803870099999997,infraestrutura_e_dados
2286,51.743937900000006,40.7990512,40.2459011,24.284648,infraestrutura_e_dados
2287,64.1077464,40.6371221,30.7623368,20.5455866,infraestrutura_e_dados
2288,65.881155,33.9466408,25.993349100000003,23.477413,infraestrutura_e_dados
2289,62.6285729,39.9570697,32.5431113,19.6687537,infraestrutura_e_dados
2290,63.174419400000005,44.5127985,31.483760399999998,29.1764519,infraestrutura_e_dados
2291,54.66811620000001,41.2547105,34.5287187,29.0439304,infraestrutura_e_dados
2292,60.373147599999996,37.5550325,38.198246000000005,19.8990644,infraestrutura_e_dados
2293,70.9695034,42.971929599999996,34.444885400000004,24.4516634,infraestrutura_e_dados
2294,57.0653584,38.9072441,36.6024015,22.2767245,infraestrutura_e_dados
2295,69.9767875,45.026243199999996,38.0718342,27.5377048,infraestrutura_e_dados
2296,68.0854912,33.157924,29.159296400000002,24.0848018,infraestrutura_e_dados
2297,82.9171388,18.7177329,41.6590999,13.908656599999999,infraestrutura_e_dados
2298,64.990286,36.8235361,34.3266396,22.1510668,infraestrutura_e_dados
2299,66.5571786,35.7657139,37.388841299999996,20.3629742,infraestrutura_e_dados
2300,53.4072659,51.5419517,30.5892497,29.118501600000002,infraestrutura_e_dados
2301,59.7063578,43.5768458,42.9891456,32.9922239,infraestrutura_e_dados
2302,70.72236960000001,37.9567027,31.855488100000002,24.5027458,infraestrutura_e_dados
2303,60.2204741,34.2423238,28.103051699999998,27.978635899999997,infraestrutura_e_dados
2304,53.446161999999994,41.8310504,42.7178449,23.803870099999997,infraestrutura_e_dados
2305,51.743937900000006,40.7990512,40.2459011,24.284648,infraestrutura_e_dados
2306,64.1077464,40.6371221,30.7623368,20.5455866,infraestrutura_e_dados
2307,65.881155,33.9466408,25.993349100000003,23.477413,infraestrutura_e_dados
2308,62.6285729,39.9570697,32.5431113,19.6687537,infraestrutura_e_dados
2309,63.174419400000005,44.5127985,31.483760399999998,29.1764519,infraestrutura_e_dados
2310,54.66811620000001,41.2547105,34.5287187,29.0439304,infraestrutura_e_dados
2311,60.373147599999996,37.5550325,38.198246000000005,19.8990644,infraestrutura_e_dados
2312,70.9695034,42.971929599999996,34.444885400000004,24.4516634,infraestrutura_e_dados
2313,57.0653584,38.9072441,36.6024015,22.2767245,infraestrutura_e_dados
2314,69.9767875,45.026243199999996,38.0718342,27.5377048,infraestrutura_e_dados
2315,68.0854912,33.157924,29.159296400000002,24.0848018,infraestrutura_e_dados
2316,82.9171388,18.7177329,41.6590999,13.908656599999999,infraestrutura_e_dados
2317,64.990286,36.8235361,34.3266396,22.1510668,infraestrutura_e_dados
2318,66.5571786,35.7657139,37.388841299999996,20.3629742,infraestrutura_e_dados
2319,53.4072659,51.5419517,30.5892497,29.118501600000002,infraestrutura_e_dados
2320,59.7063578,43.5768458,42.9891456,32.9922239,infraestrutura_e_dados
2321,70.72236960000001,37.9567027,31.855488100000002,24.5027458,infraestrutura_e_dados
2322,60.2204741,34.2423238,28.103051699999998,27.978635899999997,infraestrutura_e_dados
2323,53.446161999999994,41.8310504,42.7178449,23.803870099999997,infraestrutura_e_dados
2324,51.743937900000006,40.7990512,40.2459011,24.284648,infraestrutura_e_dados
2325,64.1077464,40.6371221,30.7623368,20.5455866,infraestrutura_e_dados
2326,65.881155,33.9466408,25.993349100000003,23.477413,infraestrutura_e_dados
2327,62.6285729,39.9570697,32.5431113,19.6687537,infraestrutura_e_dados
2328,63.174419400000005,44.5127985,31.483760399999998,29.1764519,infraestrutura_e_dados
2329,54.66811620000001,41.2547105,34.5287187,29.0439304,infraestrutura_e_dados
2330,60.373147599999996,37.5550325,38.198246000000005,19.8990644,infraestrutura_e_dados
2331,70.9695034,42.971929599999996,34.444885400000004,24.4516634,infraestrutura_e_dados
2332,57.0653584,38.9072441,36.6024015,22.2767245,infraestrutura_e_dados
2333,69.9767875,45.026243199999996,38.0718342,27.5377048,infraestrutura_e_dados
2334,68.0854912,33.157924,29.159296400000002,24.0848018,infraestrutura_e_dados
2335,82.9171388,18.7177329,41.6590999,13.908656599999999,infraestrutura_e_dados
2336,64.990286,36.8235361,34.3266396,22.1510668,infraestrutura_e_dados
2337,66.5571786,35.7657139,37.388841299999996,20.3629742,infraestrutura_e_dados
2338,53.4072659,51.5419517,30.5892497,29.118501600000002,infraestrutura_e_dados
2339,59.7063578,43.5768458,42.9891456,32.9922239,infraestrutura_e_dados
2340,70.72236960000001,37.9567027,31.855488100000002,24.5027458,infraestrutura_e_dados
2341,60.2204741,34.2423238,28.103051699999998,27.978635899999997,infraestrutura_e_dados
2342,53.446161999999994,41.8310504,42.7178449,23.803870099999997,infraestrutura_e_dados
2343,51.743937900000006,40.7990512,40.2459011,24.284648,infraestrutura_e_dados
2344,64.1077464,40.6371221,30.7623368,20.5455866,infraestrutura_e_dados
2345,65.881155,33.9466408,25.993349100000003,23.477413,infraestrutura_e_dados
2346,62.6285729,39.9570697,32.5431113,19.6687537,infraestrutura_e_dados
2347,63.174419400000005,44.5127985,31.483760399999998,29.1764519,infraestrutura_e_dados
2348,54.66811620000001,41.2547105,34.5287187,29.0439304,infraestrutura_e_dados
2349,60.373147599999996,37.5550325,38.198246000000005,19.8990644,infraestrutura_e_dados
2350,70.9695034,42.971929599999996,34.444885400000004,24.4516634,infraestrutura_e_dados
2351,57.0653584,38.9072441,36.6024015,22.2767245,infraestrutura_e_dados
2352,69.9767875,45.026243199999996,38.0718342,27.5377048,infraestrutura_e_dados
2353,68.0854912,33.157924,29.159296400000002,24.0848018,infraestrutura_e_dados
2354,82.9171388,18.7177329,41.6590999,13.908656599999999,infraestrutura_e_dados
2355,64.990286,36.8235361,34.3266396,22.1510668,infraestrutura_e_dados
2356,66.5571786,35.7657139,37.388841299999996,20.3629742,infraestrutura_e_dados
2357,53.4072659,51.5419517,30.5892497,29.118501600000002,infraestrutura_e_dados
2358,59.7063578,43.5768458,42.9891456,32.9922239,infraestrutura_e_dados
2359,70.72236960000001,37.9567027,31.855488100000002,24.5027458,infraestrutura_e_dados
2360,60.2204741,34.2423238,28.103051699999998,27.978635899999997,infraestrutura_e_dados
2361,53.446161999999994,41.8310504,42.7178449,23.803870099999997,infraestrutura_e_dados
2362,51.743937900000006,40.7990512,40.2459011,24.284648,infraestrutura_e_dados
2363,64.1077464,40.6371221,30.7623368,20.5455866,infraestrutura_e_dados
2364,65.881155,33.9466408,25.993349100000003,23.477413,infraestrutura_e_dados
2365,62.6285729,39.9570697,32.5431113,19.6687537,infraestrutura_e_dados
2366,63.174419400000005,44.5127985,31.483760399999998,29.1764519,infraestrutura_e_dados
2367,54.66811620000001,41.2547105,34.5287187,29.0439304,infraestrutura_e_dados
2368,60.373147599999996,37.5550325,38.198246000000005,19.8990644,infraestrutura_e_dados
2369,70.9695034,42.971929599999996,34.444885400000004,24.4516634,infraestrutura_e_dados
2370,57.0653584,38.9072441,36.6024015,22.2767245,infraestrutura_e_dados
2371,69.9767875,45.026243199999996,38.0718342,27.5377048,infraestrutura_e_dados
2372,68.0854912,33.157924,29.159296400000002,24.0848018,infraestrutura_e_dados
2373,82.9171388,18.7177329,41.6590999,13.908656599999999,infraestrutura_e_dados
2374,64.990286,36.8235361,34.3266396,22.1510668,infraestrutura_e_dados
2375,66.5571786,35.7657139,37.388841299999996,20.3629742,infraestrutura_e_dados
2376,53.4072659,51.5419517,30.5892497,29.118501600000002,infraestrutura_e_dados
2377,59.7063578,43.5768458,42.9891456,32.9922239,infraestrutura_e_dados
2378,70.72236960000001,37.9567027,31.855488100000002,24.5027458,infraestrutura_e_dados
2379,60.2204741,34.2423238,28.103051699999998,27.978635899999997,infraestrutura_e_dados
2380,53.446161999999994,41.8310504,42.7178449,23.803870099999997,infraestrutura_e_dados
2381,51.743937900000006,40.7990512,40.2459011,24.284648,infraestrutura_e_dados
2382,64.1077464,40.6371221,30.7623368,20.5455866,infraestrutura_e_dados
2383,65.881155,33.9466408,25.993349100000003,23.477413,infraestrutura_e_dados
2384,62.6285729,39.9570697,32.5431113,19.6687537,infraestrutura_e_dados
2385,63.174419400000005,44.5127985,31.483760399999998,29.1764519,infraestrutura_e_dados
2386,54.66811620000001,41.2547105,34.5287187,29.0439304,infraestrutura_e_dados
2387,60.373147599999996,37.5550325,38.198246000000005,19.8990644,infraestrutura_e_dados
2388,70.9695034,42.971929599999996,34.444885400000004,24.4516634,infraestrutura_e_dados
2389,57.0653584,38.9072441,36.6024015,22.2767245,infraestrutura_e_dados
2390,69.9767875,45.026243199999996,38.0718342,27.5377048,infraestrutura_e_dados
2391,68.0854912,33.157924,29.159296400000002,24.0848018,infraestrutura_e_dados
2392,82.9171388,18.7177329,41.6590999,13.908656599999999,infraestrutura_e_dados
2393,64.990286,36.8235361,34.3266396,22.1510668,infraestrutura_e_dados
2394,66.5571786,35.7657139,37.388841299999996,20.3629742,infraestrutura_e_dados
2395,53.4072659,51.5419517,30.5892497,29.118501600000002,infraestrutura_e_dados
2396,59.7063578,43.5768458,42.9891456,32.9922239,infraestrutura_e_dados
2397,70.72236960000001,37.9567027,31.855488100000002,24.5027458,infraestrutura_e_dados
2398,60.2204741,34.2423238,28.103051699999998,27.978635899999997,infraestrutura_e_dados
2399,53.446161999999994,41.8310504,42.7178449,23.803870099999997,infraestrutura_e_dados
2400,51.743937900000006,40.7990512,40.2459011,24.284648,infraestrutura_e_dados
2401,64.1077464,40.6371221,30.7623368,20.5455866,infraestrutura_e_dados
2402,65.881155,33.9466408,25.993349100000003,23.477413,infraestrutura_e_dados
2403,62.6285729,39.9570697,32.5431113,19.6687537,infraestrutura_e_dados
2404,63.174419400000005,44.5127985,31.483760399999998,29.1764519,infraestrutura_e_dados
2405,54.66811620000001,41.2547105,34.5287187,29.0439304,infraestrutura_e_dados
2406,60.373147599999996,37.5550325,38.198246000000005,19.8990644,infraestrutura_e_dados
2407,70.9695034,42.971929599999996,34.444885400000004,24.4516634,infraestrutura_e_dados
2408,57.0653584,38.9072441,36.6024015,22.2767245,infraestrutura_e_dados
2409,69.9767875,45.026243199999996,38.0718342,27.5377048,infraestrutura_e_dados
2410,68.0854912,33.157924,29.159296400000002,24.0848018,infraestrutura_e_dados
2411,82.9171388,18.7177329,41.6590999,13.908656599999999,infraestrutura_e_dados
2412,64.990286,36.8235361,34.3266396,22.1510668,infraestrutura_e_dados
2413,66.5571786,35.7657139,37.388841299999996,20.3629742,infraestrutura_e_dados
2414,53.4072659,51.5419517,30.5892497,29.118501600000002,infraestrutura_e_dados
2415,59.7063578,43.5768458,42.9891456,32.9922239,infraestrutura_e_dados
2416,70.72236960000001,37.9567027,31.855488100000002,24.5027458,infraestrutura_e_dados
2417,60.2204741,34.2423238,28.103051699999998,27.978635899999997,infraestrutura_e_dados
2418,53.446161999999994,41.8310504,42.7178449,23.803870099999997,infraestrutura_e_dados
2419,51.743937900000006,40.7990512,40.2459011,24.284648,infraestrutura_e_dados
2420,64.1077464,40.6371221,30.7623368,20.5455866,infraestrutura_e_dados
2421,65.881155,33.9466408,25.993349100000003,23.477413,infraestrutura_e_dados
2422,62.6285729,39.9570697,32.5431113,19.6687537,infraestrutura_e_dados
2423,63.174419400000005,44.5127985,31.483760399999998,29.1764519,infraestrutura_e_dados
2424,54.66811620000001,41.2547105,34.5287187,29.0439304,infraestrutura_e_dados
2425,60.373147599999996,37.5550325,38.198246000000005,19.8990644,infraestrutura_e_dados
2426,70.9695034,42.971929599999996,34.444885400000004,24.4516634,infraestrutura_e_dados
2427,57.0653584,38.9072441,36.6024015,22.2767245,infraestrutura_e_dados
2428,69.9767875,45.026243199999996,38.0718342,27.5377048,infraestrutura_e_dados
2429,68.0854912,33.157924,29.159296400000002,24.0848018,infraestrutura_e_dados
2430,82.9171388,18.7177329,41.6590999,13.908656599999999,infraestrutura_e_dados
2431,64.990286,36.8235361,34.3266396,22.1510668,infraestrutura_e_dados
2432,66.5571786,35.7657139,37.388841299999996,20.3629742,infraestrutura_e_dados
2433,53.4072659,51.5419517,30.5892497,29.118501600000002,infraestrutura_e_dados
2434,59.7063578,43.5768458,42.9891456,32.9922239,infraestrutura_e_dados
2435,70.72236960000001,37.9567027,31.855488100000002,24.5027458,infraestrutura_e_dados
2436,60.2204741,34.2423238,28.103051699999998,27.978635899999997,infraestrutura_e_dados
2437,53.446161999999994,41.8310504,42.7178449,23.803870099999997,infraestrutura_e_dados
2438,51.743937900000006,40.7990512,40.2459011,24.284648,infraestrutura_e_dados
2439,64.1077464,40.6371221,30.7623368,20.5455866,infraestrutura_e_dados
2440,65.881155,33.9466408,25.993349100000003,23.477413,infraestrutura_e_dados
2441,62.6285729,39.9570697,32.5431113,19.6687537,infraestrutura_e_dados
2442,63.174419400000005,44.5127985,31.483760399999998,29.1764519,infraestrutura_e_dados
2443,54.66811620000001,41.2547105,34.5287187,29.0439304,infraestrutura_e_dados
2444,60.373147599999996,37.5550325,38.198246000000005,19.8990644,infraestrutura_e_dados
2445,70.9695034,42.971929599999996,34.444885400000004,24.4516634,infraestrutura_e_dados
2446,57.0653584,38.9072441,36.6024015,22.2767245,infraestrutura_e_dados
2447,69.9767875,45.026243199999996,38.0718342,27.5377048,infraestrutura_e_dados
2448,68.0854912,33.157924,29.159296400000002,24.0848018,infraestrutura_e_dados
2449,82.9171388,18.7177329,41.6590999,13.908656599999999,infraestrutura_e_dados
2450,64.990286,36.8235361,34.3266396,22.1510668,infraestrutura_e_dados
2451,66.5571786,35.7657139,37.388841299999996,20.3629742,infraestrutura_e_dados
2452,53.4072659,51.5419517,30.5892497,29.118501600000002,infraestrutura_e_dados
2453,59.7063578,43.5768458,42.9891456,32.9922239,infraestrutura_e_dados
2454,70.72236960000001,37.9567027,31.855488100000002,24.5027458,infraestrutura_e_dados
2455,60.2204741,34.2423238,28.103051699999998,27.978635899999997,infraestrutura_e_dados
2456,53.446161999999994,41.8310504,42.7178449,23.803870099999997,infraestrutura_e_dados
2457,51.743937900000006,40.7990512,40.2459011,24.284648,infraestrutura_e_dados
2458,64.1077464,40.6371221,30.7623368,20.5455866,infraestrutura_e_dados
2459,65.881155,33.9466408,25.993349100000003,23.477413,infraestrutura_e_dados
2460,62.6285729,39.9570697,32.5431113,19.6687537,infraestrutura_e_dados
2461,63.174419400000005,44.5127985,31.483760399999998,29.1764519,infraestrutura_e_dados
2462,54.66811620000001,41.2547105,34.5287187,29.0439304,infraestrutura_e_dados
2463,60.373147599999996,37.5550325,38.198246000000005,19.8990644,infraestrutura_e_dados
2464,70.9695034,42.971929599999996,34.444885400000004,24.4516634,infraestrutura_e_dados
2465,57.0653584,38.9072441,36.6024015,22.2767245,infraestrutura_e_dados
2466,69.9767875,45.026243199999996,38.0718342,27.5377048,infraestrutura_e_dados
2467,68.0854912,33.157924,29.159296400000002,24.0848018,infraestrutura_e_dados
2468,82.9171388,18.7177329,41.6590999,13.908656599999999,infraestrutura_e_dados
2469,64.990286,36.8235361,34.3266396,22.1510668,infraestrutura_e_dados
2470,66.5571786,35.7657139,37.388841299999996,20.3629742,infraestrutura_e_dados
2471,53.4072659,51.5419517,30.5892497,29.118501600000002,infraestrutura_e_dados
2472,59.7063578,43.5768458,42.9891456,32.9922239,infraestrutura_e_dados
2473,70.72236960000001,37.9567027,31.855488100000002,24.5027458,infraestrutura_e_dados
2474,60.2204741,34.2423238,28.103051699999998,27.978635899999997,infraestrutura_e_dados
2475,53.446161999999994,41.8310504,42.7178449,23.803870099999997,infraestrutura_e_dados
2476,51.743937900000006,40.7990512,40.2459011,24.284648,infraestrutura_e_dados
2477,64.1077464,40.6371221,30.7623368,20.5455866,infraestrutura_e_dados
2478,65.881155,33.9466408,25.993349100000003,23.477413,infraestrutura_e_dados
2479,62.6285729,39.9570697,32.5431113,19.6687537,infraestrutura_e_dados
2480,63.174419400000005,44.5127985,31.483760399999998,29.1764519,infraestrutura_e_dados
2481,54.66811620000001,41.2547105,34.5287187,29.0439304,infraestrutura_e_dados
2482,60.373147599999996,37.5550325,38.198246000000005,19.8990644,infraestrutura_e_dados
2483,70.9695034,42.971929599999996,34.444885400000004,24.4516634,infraestrutura_e_dados
2484,57.0653584,38.9072441,36.6024015,22.2767245,infraestrutura_e_dados
2485,69.9767875,45.026243199999996,38.0718342,27.5377048,infraestrutura_e_dados
2486,68.0854912,33.157924,29.159296400000002,24.0848018,infraestrutura_e_dados
2487,82.9171388,18.7177329,41.6590999,13.908656599999999,infraestrutura_e_dados
2488,64.990286,36.8235361,34.3266396,22.1510668,infraestrutura_e_dados
2489,66.5571786,35.7657139,37.388841299999996,20.3629742,infraestrutura_e_dados
2490,53.4072659,51.5419517,30.5892497,29.118501600000002,infraestrutura_e_dados
2491,59.7063578,43.5768458,42.9891456,32.9922239,infraestrutura_e_dados
2492,70.72236960000001,37.9567027,31.855488100000002,24.5027458,infraestrutura_e_dados
2493,60.2204741,34.2423238,28.103051699999998,27.978635899999997,infraestrutura_e_dados
2494,53.446161999999994,41.8310504,42.7178449,23.803870099999997,infraestrutura_e_dados
2495,51.743937900000006,40.7990512,40.2459011,24.284648,infraestrutura_e_dados
2496,64.1077464,40.6371221,30.7623368,20.5455866,infraestrutura_e_dados
2497,65.881155,33.9466408,25.993349100000003,23.477413,infraestrutura_e_dados
2498,62.6285729,39.9570697,32.5431113,19.6687537,infraestrutura_e_dados
2499,63.174419400000005,44.5127985,31.483760399999998,29.1764519,infraestrutura_e_dados
2500,54.66811620000001,41.2547105,34.5287187,29.0439304,infraestrutura_e_dados
2501,60.373147599999996,37.5550325,38.198246000000005,19.8990644,infraestrutura_e_dados
2502,70.9695034,42.971929599999996,34.444885400000004,24.4516634,infraestrutura_e_dados
2503,57.0653584,38.9072441,36.6024015,22.2767245,infraestrutura_e_dados
2504,69.9767875,45.026243199999996,38.0718342,27.5377048,infraestrutura_e_dados
2505,68.0854912,33.157924,29.159296400000002,24.0848018,infraestrutura_e_dados
2506,82.9171388,18.7177329,41.6590999,13.908656599999999,infraestrutura_e_dados
2507,64.990286,36.8235361,34.3266396,22.1510668,infraestrutura_e_dados
2508,66.5571786,35.7657139,37.388841299999996,20.3629742,infraestrutura_e_dados
2509,53.4072659,51.5419517,30.5892497,29.118501600000002,infraestrutura_e_dados
2510,59.7063578,43.5768458,42.9891456,32.9922239,infraestrutura_e_dados
2511,70.72236960000001,37.9567027,31.855488100000002,24.5027458,infraestrutura_e_dados
2512,60.2204741,34.2423238,28.103051699999998,27.978635899999997,infraestrutura_e_dados
2513,53.446161999999994,41.8310504,42.7178449,23.803870099999997,infraestrutura_e_dados
2514,51.743937900000006,40.7990512,40.2459011,24.284648,infraestrutura_e_dados
2515,64.1077464,40.6371221,30.7623368,20.5455866,infraestrutura_e_dados
2516,65.881155,33.9466408,25.993349100000003,23.477413,infraestrutura_e_dados
2517,62.6285729,39.9570697,32.5431113,19.6687537,infraestrutura_e_dados
2518,63.174419400000005,44.5127985,31.483760399999998,29.1764519,infraestrutura_e_dados
2519,54.66811620000001,41.2547105,34.5287187,29.0439304,infraestrutura_e_dados
2520,60.373147599999996,37.5550325,38.198246000000005,19.8990644,infraestrutura_e_dados
2521,70.9695034,42.971929599999996,34.444885400000004,24.4516634,infraestrutura_e_dados
2522,57.0653584,38.9072441,36.6024015,22.2767245,infraestrutura_e_dados
2523,69.9767875,45.026243199999996,38.0718342,27.5377048,infraestrutura_e_dados
2524,68.0854912,33.157924,29.159296400000002,24.0848018,infraestrutura_e_dados
2525,82.9171388,18.7177329,41.6590999,13.908656599999999,infraestrutura_e_dados
2526,64.990286,36.8235361,34.3266396,22.1510668,infraestrutura_e_dados
2527,66.5571786,35.7657139,37.388841299999996,20.3629742,infraestrutura_e_dados
2528,53.4072659,51.5419517,30.5892497,29.118501600000002,infraestrutura_e_dados
2529,59.7063578,43.5768458,42.9891456,32.9922239,infraestrutura_e_dados
2530,70.72236960000001,37.9567027,31.855488100000002,24.5027458,infraestrutura_e_dados
2531,60.2204741,34.2423238,28.103051699999998,27.978635899999997,infraestrutura_e_dados
2532,53.446161999999994,41.8310504,42.7178449,23.803870099999997,infraestrutura_e_dados
2533,51.743937900000006,40.7990512,40.2459011,24.284648,infraestrutura_e_dados
2534,64.1077464,40.6371221,30.7623368,20.5455866,infraestrutura_e_dados
2535,65.881155,33.9466408,25.993349100000003,23.477413,infraestrutura_e_dados
2536,62.6285729,39.9570697,32.5431113,19.6687537,infraestrutura_e_dados
2537,63.174419400000005,44.5127985,31.483760399999998,29.1764519,infraestrutura_e_dados
2538,54.66811620000001,41.2547105,34.5287187,29.0439304,infraestrutura_e_dados
2539,60.373147599999996,37.5550325,38.198246000000005,19.8990644,infraestrutura_e_dados
2540,70.9695034,42.971929599999996,34.444885400000004,24.4516634,infraestrutura_e_dados
2541,57.0653584,38.9072441,36.6024015,22.2767245,infraestrutura_e_dados
2542,69.9767875,45.026243199999996,38.0718342,27.5377048,infraestrutura_e_dados
2543,68.0854912,33.157924,29.159296400000002,24.0848018,infraestrutura_e_dados
2544,82.9171388,18.7177329,41.6590999,13.908656599999999,infraestrutura_e_dados
2545,64.990286,36.8235361,34.3266396,22.1510668,infraestrutura_e_dados
2546,66.5571786,35.7657139,37.388841299999996,20.3629742,infraestrutura_e_dados
2547,53.4072659,51.5419517,30.5892497,29.118501600000002,infraestrutura_e_dados
2548,59.7063578,43.5768458,42.9891456,32.9922239,infraestrutura_e_dados
2549,70.72236960000001,37.9567027,31.855488100000002,24.5027458,infraestrutura_e_dados
2550,60.2204741,34.2423238,28.103051699999998,27.978635899999997,infraestrutura_e_dados
2551,53.446161999999994,41.8310504,42.7178449,23.803870099999997,infraestrutura_e_dados
2552,51.743937900000006,40.7990512,40.2459011,24.284648,infraestrutura_e_dados
2553,64.1077464,40.6371221,30.7623368,20.5455866,infraestrutura_e_dados
2554,65.881155,33.9466408,25.993349100000003,23.477413,infraestrutura_e_dados
2555,62.6285729,39.9570697,32.5431113,19.6687537,infraestrutura_e_dados
2556,63.174419400000005,44.5127985,31.483760399999998,29.1764519,infraestrutura_e_dados
2557,54.66811620000001,41.2547105,34.5287187,29.0439304,infraestrutura_e_dados
2558,60.373147599999996,37.5550325,38.198246000000005,19.8990644,infraestrutura_e_dados
2559,70.9695034,42.971929599999996,34.444885400000004,24.4516634,infraestrutura_e_dados
2560,57.0653584,38.9072441,36.6024015,22.2767245,infraestrutura_e_dados
2561,69.9767875,45.026243199999996,38.0718342,27.5377048,infraestrutura_e_dados
2562,68.0854912,33.157924,29.159296400000002,24.0848018,infraestrutura_e_dados
2563,82.9171388,18.7177329,41.6590999,13.908656599999999,infraestrutura_e_dados
2564,64.990286,36.8235361,34.3266396,22.1510668,infraestrutura_e_dados
2565,66.5571786,35.7657139,37.388841299999996,20.3629742,infraestrutura_e_dados
2566,53.4072659,51.5419517,30.5892497,29.118501600000002,infraestrutura_e_dados
2567,59.7063578,43.5768458,42.9891456,32.9922239,infraestrutura_e_dados
2568,70.72236960000001,37.9567027,31.855488100000002,24.5027458,infraestrutura_e_dados
2569,60.2204741,34.2423238,28.103051699999998,27.978635899999997,infraestrutura_e_dados
2570,53.446161999999994,41.8310504,42.7178449,23.803870099999997,infraestrutura_e_dados
2571,51.743937900000006,40.7990512,40.2459011,24.284648,infraestrutura_e_dados
2572,64.1077464,40.6371221,30.7623368,20.5455866,infraestrutura_e_dados
2573,65.881155,33.9466408,25.993349100000003,23.477413,infraestrutura_e_dados
2574,62.6285729,39.9570697,32.5431113,19.6687537,infraestrutura_e_dados
2575,63.174419400000005,44.5127985,31.483760399999998,29.1764519,infraestrutura_e_dados
2576,54.66811620000001,41.2547105,34.5287187,29.0439304,infraestrutura_e_dados
2577,60.373147599999996,37.5550325,38.198246000000005,19.8990644,infraestrutura_e_dados
2578,70.9695034,42.971929599999996,34.444885400000004,24.4516634,infraestrutura_e_dados
2579,57.0653584,38.9072441,36.6024015,22.2767245,infraestrutura_e_dados
2580,69.9767875,45.026243199999996,38.0718342,27.5377048,infraestrutura_e_dados
2581,68.0854912,33.157924,29.159296400000002,24.0848018,infraestrutura_e_dados
2582,82.9171388,18.7177329,41.6590999,13.908656599999999,infraestrutura_e_dados
2583,64.990286,36.8235361,34.3266396,22.1510668,infraestrutura_e_dados
2584,66.5571786,35.7657139,37.388841299999996,20.3629742,infraestrutura_e_dados
2585,53.4072659,51.5419517,30.5892497,29.118501600000002,infraestrutura_e_dados
2586,59.7063578,43.5768458,42.9891456,32.9922239,infraestrutura_e_dados
2587,70.72236960000001,37.9567027,31.855488100000002,24.5027458,infraestrutura_e_dados
2588,60.2204741,34.2423238,28.103051699999998,27.978635899999997,infraestrutura_e_dados
2589,53.446161999999994,41.8310504,42.7178449,23.803870099999997,infraestrutura_e_dados
2590,51.743937900000006,40.7990512,40.2459011,24.284648,infraestrutura_e_dados
2591,64.1077464,40.6371221,30.7623368,20.5455866,infraestrutura_e_dados
2592,65.881155,33.9466408,25.993349100000003,23.477413,infraestrutura_e_dados
2593,62.6285729,39.9570697,32.5431113,19.6687537,infraestrutura_e_dados
2594,63.174419400000005,44.5127985,31.483760399999998,29.1764519,infraestrutura_e_dados
2595,54.66811620000001,41.2547105,34.5287187,29.0439304,infraestrutura_e_dados
2596,60.373147599999996,37.5550325,38.198246000000005,19.8990644,infraestrutura_e_dados
2597,70.9695034,42.971929599999996,34.444885400000004,24.4516634,infraestrutura_e_dados
2598,57.0653584,38.9072441,36.6024015,22.2767245,infraestrutura_e_dados
2599,69.9767875,45.026243199999996,38.0718342,27.5377048,infraestrutura_e_dados
2600,68.0854912,33.157924,29.159296400000002,24.0848018,infraestrutura_e_dados
2601,82.9171388,18.7177329,41.6590999,13.908656599999999,infraestrutura_e_dados
2602,64.990286,36.8235361,34.3266396,22.1510668,infraestrutura_e_dados
2603,66.5571786,35.7657139,37.388841299999996,20.3629742,infraestrutura_e_dados
2604,53.4072659,51.5419517,30.5892497,29.118501600000002,infraestrutura_e_dados
2605,59.7063578,43.5768458,42.9891456,32.9922239,infraestrutura_e_dados
2606,70.72236960000001,37.9567027,31.855488100000002,24.5027458,infraestrutura_e_dados
2607,60.2204741,34.2423238,28.103051699999998,27.978635899999997,infraestrutura_e_dados
2608,53.446161999999994,41.8310504,42.7178449,23.803870099999997,infraestrutura_e_dados
2609,51.743937900000006,40.7990512,40.2459011,24.284648,infraestrutura_e_dados
2610,64.1077464,40.6371221,30.7623368,20.5455866,infraestrutura_e_dados
2611,65.881155,33.9466408,25.993349100000003,23.477413,infraestrutura_e_dados
2612,62.6285729,39.9570697,32.5431113,19.6687537,infraestrutura_e_dados
2613,63.174419400000005,44.5127985,31.483760399999998,29.1764519,infraestrutura_e_dados
2614,54.66811620000001,41.2547105,34.5287187,29.0439304,infraestrutura_e_dados
2615,60.373147599999996,37.5550325,38.198246000000005,19.8990644,infraestrutura_e_dados
2616,70.9695034,42.971929599999996,34.444885400000004,24.4516634,infraestrutura_e_dados
2617,57.0653584,38.9072441,36.6024015,22.2767245,infraestrutura_e_dados
2618,69.9767875,45.026243199999996,38.0718342,27.5377048,infraestrutura_e_dados
2619,68.0854912,33.157924,29.159296400000002,24.0848018,infraestrutura_e_dados
2620,82.9171388,18.7177329,41.6590999,13.908656599999999,infraestrutura_e_dados
2621,64.990286,36.8235361,34.3266396,22.1510668,infraestrutura_e_dados
2622,66.5571786,35.7657139,37.388841299999996,20.3629742,infraestrutura_e_dados
2623,53.4072659,51.5419517,30.5892497,29.118501600000002,infraestrutura_e_dados
2624,59.7063578,43.5768458,42.9891456,32.9922239,infraestrutura_e_dados
2625,70.72236960000001,37.9567027,31.855488100000002,24.5027458,infraestrutura_e_dados
2626,60.2204741,34.2423238,28.103051699999998,27.978635899999997,infraestrutura_e_dados
2627,53.446161999999994,41.8310504,42.7178449,23.803870099999997,infraestrutura_e_dados
2628,51.743937900000006,40.7990512,40.2459011,24.284648,infraestrutura_e_dados
2629,64.1077464,40.6371221,30.7623368,20.5455866,infraestrutura_e_dados
2630,65.881155,33.9466408,25.993349100000003,23.477413,infraestrutura_e_dados
2631,62.6285729,39.9570697,32.5431113,19.6687537,infraestrutura_e_dados
2632,63.174419400000005,44.5127985,31.483760399999998,29.1764519,infraestrutura_e_dados
2633,54.66811620000001,41.2547105,34.5287187,29.0439304,infraestrutura_e_dados
2634,60.373147599999996,37.5550325,38.198246000000005,19.8990644,infraestrutura_e_dados
2635,70.9695034,42.971929599999996,34.444885400000004,24.4516634,infraestrutura_e_dados
2636,57.0653584,38.9072441,36.6024015,22.2767245,infraestrutura_e_dados
2637,69.9767875,45.026243199999996,38.0718342,27.5377048,infraestrutura_e_dados
2638,68.0854912,33.157924,29.159296400000002,24.0848018,infraestrutura_e_dados
2639,82.9171388,18.7177329,41.6590999,13.908656599999999,infraestrutura_e_dados
2640,64.990286,36.8235361,34.3266396,22.1510668,infraestrutura_e_dados
2641,66.5571786,35.7657139,37.388841299999996,20.3629742,infraestrutura_e_dados
2642,53.4072659,51.5419517,30.5892497,29.118501600000002,infraestrutura_e_dados
2643,59.7063578,43.5768458,42.9891456,32.9922239,infraestrutura_e_dados
2644,70.72236960000001,37.9567027,31.855488100000002,24.5027458,infraestrutura_e_dados
2645,60.2204741,34.2423238,28.103051699999998,27.978635899999997,infraestrutura_e_dados
2646,53.446161999999994,41.8310504,42.7178449,23.803870099999997,infraestrutura_e_dados
2647,51.743937900000006,40.7990512,40.2459011,24.284648,infraestrutura_e_dados
2648,64.1077464,40.6371221,30.7623368,20.5455866,infraestrutura_e_dados
2649,65.881155,33.9466408,25.993349100000003,23.477413,infraestrutura_e_dados
2650,62.6285729,39.9570697,32.5431113,19.6687537,infraestrutura_e_dados
2651,63.174419400000005,44.5127985,31.483760399999998,29.1764519,infraestrutura_e_dados
2652,54.66811620000001,41.2547105,34.5287187,29.0439304,infraestrutura_e_dados
2653,60.373147599999996,37.5550325,38.198246000000005,19.8990644,infraestrutura_e_dados
2654,70.9695034,42.971929599999996,34.444885400000004,24.4516634,infraestrutura_e_dados
2655,57.0653584,38.9072441,36.6024015,22.2767245,infraestrutura_e_dados
2656,69.9767875,45.026243199999996,38.0718342,27.5377048,infraestrutura_e_dados
2657,68.0854912,33.157924,29.159296400000002,24.0848018,infraestrutura_e_dados
2658,82.9171388,18.7177329,41.6590999,13.908656599999999,infraestrutura_e_dados
2659,64.990286,36.8235361,34.3266396,22.1510668,infraestrutura_e_dados
2660,66.5571786,35.7657139,37.388841299999996,20.3629742,infraestrutura_e_dados
2661,53.4072659,51.5419517,30.5892497,29.118501600000002,infraestrutura_e_dados
2662,59.7063578,43.5768458,42.9891456,32.9922239,infraestrutura_e_dados
2663,70.72236960000001,37.9567027,31.855488100000002,24.5027458,infraestrutura_e_dados
2664,60.2204741,34.2423238,28.103051699999998,27.978635899999997,infraestrutura_e_dados
2665,53.446161999999994,41.8310504,42.7178449,23.803870099999997,infraestrutura_e_dados
2666,51.743937900000006,40.7990512,40.2459011,24.284648,infraestrutura_e_dados
2667,64.1077464,40.6371221,30.7623368,20.5455866,infraestrutura_e_dados
2668,65.881155,33.9466408,25.993349100000003,23.477413,infraestrutura_e_dados
2669,62.6285729,39.9570697,32.5431113,19.6687537,infraestrutura_e_dados
2670,63.174419400000005,44.5127985,31.483760399999998,29.1764519,infraestrutura_e_dados
2671,54.66811620000001,41.2547105,34.5287187,29.0439304,infraestrutura_e_dados
2672,60.373147599999996,37.5550325,38.198246000000005,19.8990644,infraestrutura_e_dados
2673,70.9695034,42.971929599999996,34.444885400000004,24.4516634,infraestrutura_e_dados
2674,57.0653584,38.9072441,36.6024015,22.2767245,infraestrutura_e_dados
2675,69.9767875,45.026243199999996,38.0718342,27.5377048,infraestrutura_e_dados
2676,68.0854912,33.157924,29.159296400000002,24.0848018,infraestrutura_e_dados
2677,82.9171388,18.7177329,41.6590999,13.908656599999999,infraestrutura_e_dados
2678,64.990286,36.8235361,34.3266396,22.1510668,infraestrutura_e_dados
2679,66.5571786,35.7657139,37.388841299999996,20.3629742,infraestrutura_e_dados
2680,53.4072659,51.5419517,30.5892497,29.118501600000002,infraestrutura_e_dados
2681,59.7063578,43.5768458,42.9891456,32.9922239,infraestrutura_e_dados
2682,70.72236960000001,37.9567027,31.855488100000002,24.5027458,infraestrutura_e_dados
2683,60.2204741,34.2423238,28.103051699999998,27.978635899999997,infraestrutura_e_dados
2684,53.446161999999994,41.8310504,42.7178449,23.803870099999997,infraestrutura_e_dados
2685,51.743937900000006,40.7990512,40.2459011,24.284648,infraestrutura_e_dados
2686,64.1077464,40.6371221,30.7623368,20.5455866,infraestrutura_e_dados
2687,65.881155,33.9466408,25.993349100000003,23.477413,infraestrutura_e_dados
2688,62.6285729,39.9570697,32.5431113,19.6687537,infraestrutura_e_dados
2689,63.174419400000005,44.5127985,31.483760399999998,29.1764519,infraestrutura_e_dados
2690,54.66811620000001,41.2547105,34.5287187,29.0439304,infraestrutura_e_dados
2691,60.373147599999996,37.5550325,38.198246000000005,19.8990644,infraestrutura_e_dados
2692,70.9695034,42.971929599999996,34.444885400000004,24.4516634,infraestrutura_e_dados
2693,57.0653584,38.9072441,36.6024015,22.2767245,infraestrutura_e_dados
2694,69.9767875,45.026243199999996,38.0718342,27.5377048,infraestrutura_e_dados
2695,68.0854912,33.157924,29.159296400000002,24.0848018,infraestrutura_e_dados
2696,82.9171388,18.7177329,41.6590999,13.908656599999999,infraestrutura_e_dados
2697,64.990286,36.8235361,34.3266396,22.1510668,infraestrutura_e_dados
2698,66.5571786,35.7657139,37.388841299999996,20.3629742,infraestrutura_e_dados
2699,53.4072659,51.5419517,30.5892497,29.118501600000002,infraestrutura_e_dados
2700,68.9112487,30.940300399999998,27.063193899999998,19.9604988,desenvolvimento_e_engenharia_de_produto
2701,59.9706823,31.714258400000002,30.3150855,20.980578899999998,desenvolvimento_e_engenharia_de_produto
2702,63.5675506,31.1900454,29.3215824,24.5224536,desenvolvimento_e_engenharia_de_produto
2703,60.7029418,33.4344943,27.961430999999997,21.277782300000002,desenvolvimento_e_engenharia_de_produto
2704,64.4548824,37.9500004,35.2686487,23.632328899999997,desenvolvimento_e_engenharia_de_produto
2705,63.7309287,38.6255652,26.3275795,23.0215307,desenvolvimento_e_engenharia_de_produto
2706,74.7359275,31.4557525,19.9868716,20.8782286,desenvolvimento_e_engenharia_de_produto
2707,73.4517109,37.2256048,33.9766186,22.3894147,desenvolvimento_e_engenharia_de_produto
2708,50.7051764,38.488304899999996,26.227724400000003,23.350635999999998,desenvolvimento_e_engenharia_de_produto
2709,53.3724302,43.5467988,36.989530599999995,22.1129876,desenvolvimento_e_engenharia_de_produto
2710,74.90640020000001,32.4421189,20.2112104,21.587683499999997,desenvolvimento_e_engenharia_de_produto
2711,53.907477199999995,39.2389103,32.868374,20.4759837,desenvolvimento_e_engenharia_de_produto
2712,53.20506350000001,38.876894,36.004579,27.2440747,desenvolvimento_e_engenharia_de_produto
2713,55.0106058,35.642526000000004,28.830831699999997,25.5618324,desenvolvimento_e_engenharia_de_produto
2714,46.1626886,41.7600851,31.6103674,25.1100757,desenvolvimento_e_engenharia_de_produto
2715,44.7411561,47.0939124,40.700605499999995,28.9425892,desenvolvimento_e_engenharia_de_produto
2716,49.5616693,48.3761106,39.048820299999996,29.1144254,desenvolvimento_e_engenharia_de_produto
2717,70.5312591,29.1600287,25.866755899999998,25.27493,desenvolvimento_e_engenharia_de_produto
2718,64.97223050000001,29.431220000000003,31.1823342,20.171117799999998,desenvolvimento_e_engenharia_de_produto
2719,55.25215420000001,38.4316495,35.5589268,22.8533932,desenvolvimento_e_engenharia_de_produto
2720,52.725520599999996,39.636000599999996,28.121337699999998,26.403142000000003,desenvolvimento_e_engenharia_de_produto
2721,63.5618625,33.4323136,22.1880971,23.9396554,desenvolvimento_e_engenharia_de_produto
2722,73.8883193,33.257623800000005,24.4660395,20.6616014,desenvolvimento_e_engenharia_de_produto
2723,60.558399900000005,30.1447177,28.3156164,21.809510500000002,desenvolvimento_e_engenharia_de_produto
2724,65.7237826,34.8996402,29.310251700000002,19.191840199999998,desenvolvimento_e_engenharia_de_produto
2725,48.5450449,40.7892942,34.127454400000005,24.5546503,desenvolvimento_e_engenharia_de_produto
2726,54.8227059,45.1636393,23.7958193,19.1237914,desenvolvimento_e_engenharia_de_produto
2727,61.3222181,46.133691,28.172347800000004,20.021518399999998,desenvolvimento_e_engenharia_de_produto
2728,52.475655200000006,40.8115972,41.5583879,23.102014,desenvolvimento_e_engenharia_de_produto
2729,72.20571989999999,32.010913099999996,26.5564543,18.4683667,desenvolvimento_e_engenharia_de_produto
2730,70.2558621,36.228415600000005,24.7804851,22.4714987,desenvolvimento_e_engenharia_de_produto
2731,54.778055800000004,48.524961,29.727669600000002,23.7094574,desenvolvimento_e_engenharia_de_produto
2732,57.9754112,38.2190925,24.6866955,23.1093508,desenvolvimento_e_engenharia_de_produto
2733,47.5145341,42.2884835,37.9449245,25.1064228,desenvolvimento_e_engenharia_de_produto
2734,56.0303621,44.371603199999996,34.2960591,27.583948600000003,desenvolvimento_e_engenharia_de_produto
2735,54.2383568,39.261122,32.9302708,22.8941565,desenvolvimento_e_engenharia_de_produto
2736,51.6116998,28.436507700000003,29.0588483,27.9883781,desenvolvimento_e_engenharia_de_produto
2737,68.3375997,35.2990563,23.0212033,15.9489914,desenvolvimento_e_engenharia_de_produto
2738,53.954212999999996,39.3067937,28.3504361,23.0228811,desenvolvimento_e_engenharia_de_produto
2739,53.2190198,42.4928959,37.8171148,20.8268386,desenvolvimento_e_engenharia_de_produto
2740,51.730321700000005,40.386415199999995,28.6919871,23.6273959,desenvolvimento_e_engenharia_de_produto
2741,57.3784785,45.0761943,37.9736847,28.435995899999998,desenvolvimento_e_engenharia_de_produto
2742,44.9975037,47.1762244,40.8983296,34.1426281,desenvolvimento_e_engenharia_de_produto
2743,47.0533514,43.8282332,45.315670000000004,35.9419816,desenvolvimento_e_engenharia_de_produto
2744,68.156078,35.1969402,31.8269307,24.6032545,desenvolvimento_e_engenharia_de_produto
2745,70.5626991,34.9221384,24.6424764,21.854949400000002,desenvolvimento_e_engenharia_de_produto
2746,69.9861481,35.7082409,25.9187998,16.8253246,desenvolvimento_e_engenharia_de_produto
2747,54.078451900000005,43.0136867,30.8421246,20.8223473,desenvolvimento_e_engenharia_de_produto
2748,50.32715279999999,48.168016,35.8759997,24.452173,desenvolvimento_e_engenharia_de_produto
2749,53.553948399999996,36.4483363,29.3990882,25.9983576,desenvolvimento_e_engenharia_de_produto
2750,73.3699212,23.816800399999998,18.511814100000002,18.3419426,desenvolvimento_e_engenharia_de_produto
2751,59.1808292,43.892516199999996,32.3410492,21.856196399999998,desenvolvimento_e_engenharia_de_produto
2752,69.3827234,35.7060534,27.601603800000003,20.8640881,desenvolvimento_e_engenharia_de_produto
2753,69.75108589999999,36.2125178,28.033979999999996,33.3650588,desenvolvimento_e_engenharia_de_produto
2754,46.2917556,44.4968591,50.5703088,27.1626215,desenvolvimento_e_engenharia_de_produto
2755,68.9112487,30.940300399999998,27.063193899999998,19.9604988,desenvolvimento_e_engenharia_de_produto
2756,59.9706823,31.714258400000002,30.3150855,20.980578899999998,desenvolvimento_e_engenharia_de_produto
2757,63.5675506,31.1900454,29.3215824,24.5224536,desenvolvimento_e_engenharia_de_produto
2758,60.7029418,33.4344943,27.961430999999997,21.277782300000002,desenvolvimento_e_engenharia_de_produto
2759,64.4548824,37.9500004,35.2686487,23.632328899999997,desenvolvimento_e_engenharia_de_produto
2760,63.7309287,38.6255652,26.3275795,23.0215307,desenvolvimento_e_engenharia_de_produto
2761,74.7359275,31.4557525,19.9868716,20.8782286,desenvolvimento_e_engenharia_de_produto
2762,73.4517109,37.2256048,33.9766186,22.3894147,desenvolvimento_e_engenharia_de_produto
2763,50.7051764,38.488304899999996,26.227724400000003,23.350635999999998,desenvolvimento_e_engenharia_de_produto
2764,53.3724302,43.5467988,36.989530599999995,22.1129876,desenvolvimento_e_engenharia_de_produto
2765,74.90640020000001,32.4421189,20.2112104,21.587683499999997,desenvolvimento_e_engenharia_de_produto
2766,53.907477199999995,39.2389103,32.868374,20.4759837,desenvolvimento_e_engenharia_de_produto
2767,53.20506350000001,38.876894,36.004579,27.2440747,desenvolvimento_e_engenharia_de_produto
2768,55.0106058,35.642526000000004,28.830831699999997,25.5618324,desenvolvimento_e_engenharia_de_produto
2769,46.1626886,41.7600851,31.6103674,25.1100757,desenvolvimento_e_engenharia_de_produto
2770,44.7411561,47.0939124,40.700605499999995,28.9425892,desenvolvimento_e_engenharia_de_produto
2771,49.5616693,48.3761106,39.048820299999996,29.1144254,desenvolvimento_e_engenharia_de_produto
2772,70.5312591,29.1600287,25.866755899999998,25.27493,desenvolvimento_e_engenharia_de_produto
2773,64.97223050000001,29.431220000000003,31.1823342,20.171117799999998,desenvolvimento_e_engenharia_de_produto
2774,55.25215420000001,38.4316495,35.5589268,22.8533932,desenvolvimento_e_engenharia_de_produto
2775,52.725520599999996,39.636000599999996,28.121337699999998,26.403142000000003,desenvolvimento_e_engenharia_de_produto
2776,63.5618625,33.4323136,22.1880971,23.9396554,desenvolvimento_e_engenharia_de_produto
2777,73.8883193,33.257623800000005,24.4660395,20.6616014,desenvolvimento_e_engenharia_de_produto
2778,60.558399900000005,30.1447177,28.3156164,21.809510500000002,desenvolvimento_e_engenharia_de_produto
2779,65.7237826,34.8996402,29.310251700000002,19.191840199999998,desenvolvimento_e_engenharia_de_produto
2780,48.5450449,40.7892942,34.127454400000005,24.5546503,desenvolvimento_e_engenharia_de_produto
2781,54.8227059,45.1636393,23.7958193,19.1237914,desenvolvimento_e_engenharia_de_produto
2782,61.3222181,46.133691,28.172347800000004,20.021518399999998,desenvolvimento_e_engenharia_de_produto
2783,52.475655200000006,40.8115972,41.5583879,23.102014,desenvolvimento_e_engenharia_de_produto
2784,72.20571989999999,32.010913099999996,26.5564543,18.4683667,desenvolvimento_e_engenharia_de_produto
2785,70.2558621,36.228415600000005,24.7804851,22.4714987,desenvolvimento_e_engenharia_de_produto
2786,54.778055800000004,48.524961,29.727669600000002,23.7094574,desenvolvimento_e_engenharia_de_produto
2787,57.9754112,38.2190925,24.6866955,23.1093508,desenvolvimento_e_engenharia_de_produto
2788,47.5145341,42.2884835,37.9449245,25.1064228,desenvolvimento_e_engenharia_de_produto
2789,56.0303621,44.371603199999996,34.2960591,27.583948600000003,desenvolvimento_e_engenharia_de_produto
2790,54.2383568,39.261122,32.9302708,22.8941565,desenvolvimento_e_engenharia_de_produto
2791,51.6116998,28.436507700000003,29.0588483,27.9883781,desenvolvimento_e_engenharia_de_produto
2792,68.3375997,35.2990563,23.0212033,15.9489914,desenvolvimento_e_engenharia_de_produto
2793,53.954212999999996,39.3067937,28.3504361,23.0228811,desenvolvimento_e_engenharia_de_produto
2794,53.2190198,42.4928959,37.8171148,20.8268386,desenvolvimento_e_engenharia_de_produto
2795,51.730321700000005,40.386415199999995,28.6919871,23.6273959,desenvolvimento_e_engenharia_de_produto
2796,57.3784785,45.0761943,37.9736847,28.435995899999998,desenvolvimento_e_engenharia_de_produto
2797,44.9975037,47.1762244,40.8983296,34.1426281,desenvolvimento_e_engenharia_de_produto
2798,47.0533514,43.8282332,45.315670000000004,35.9419816,desenvolvimento_e_engenharia_de_produto
2799,68.156078,35.1969402,31.8269307,24.6032545,desenvolvimento_e_engenharia_de_produto
2800,70.5626991,34.9221384,24.6424764,21.854949400000002,desenvolvimento_e_engenharia_de_produto
2801,69.9861481,35.7082409,25.9187998,16.8253246,desenvolvimento_e_engenharia_de_produto
2802,54.078451900000005,43.0136867,30.8421246,20.8223473,desenvolvimento_e_engenharia_de_produto
2803,50.32715279999999,48.168016,35.8759997,24.452173,desenvolvimento_e_engenharia_de_produto
2804,53.553948399999996,36.4483363,29.3990882,25.9983576,desenvolvimento_e_engenharia_de_produto
2805,73.3699212,23.816800399999998,18.511814100000002,18.3419426,desenvolvimento_e_engenharia_de_produto
2806,59.1808292,43.892516199999996,32.3410492,21.856196399999998,desenvolvimento_e_engenharia_de_produto
2807,69.3827234,35.7060534,27.601603800000003,20.8640881,desenvolvimento_e_engenharia_de_produto
2808,69.75108589999999,36.2125178,28.033979999999996,33.3650588,desenvolvimento_e_engenharia_de_produto
2809,46.2917556,44.4968591,50.5703088,27.1626215,desenvolvimento_e_engenharia_de_produto
2810,68.9112487,30.940300399999998,27.063193899999998,19.9604988,desenvolvimento_e_engenharia_de_produto
2811,59.9706823,31.714258400000002,30.3150855,20.980578899999998,desenvolvimento_e_engenharia_de_produto
2812,63.5675506,31.1900454,29.3215824,24.5224536,desenvolvimento_e_engenharia_de_produto
2813,60.7029418,33.4344943,27.961430999999997,21.277782300000002,desenvolvimento_e_engenharia_de_produto
2814,64.4548824,37.9500004,35.2686487,23.632328899999997,desenvolvimento_e_engenharia_de_produto
2815,63.7309287,38.6255652,26.3275795,23.0215307,desenvolvimento_e_engenharia_de_produto
2816,74.7359275,31.4557525,19.9868716,20.8782286,desenvolvimento_e_engenharia_de_produto
2817,73.4517109,37.2256048,33.9766186,22.3894147,desenvolvimento_e_engenharia_de_produto
2818,50.7051764,38.488304899999996,26.227724400000003,23.350635999999998,desenvolvimento_e_engenharia_de_produto
2819,53.3724302,43.5467988,36.989530599999995,22.1129876,desenvolvimento_e_engenharia_de_produto
2820,74.90640020000001,32.4421189,20.2112104,21.587683499999997,desenvolvimento_e_engenharia_de_produto
2821,53.907477199999995,39.2389103,32.868374,20.4759837,desenvolvimento_e_engenharia_de_produto
2822,53.20506350000001,38.876894,36.004579,27.2440747,desenvolvimento_e_engenharia_de_produto
2823,55.0106058,35.642526000000004,28.830831699999997,25.5618324,desenvolvimento_e_engenharia_de_produto
2824,46.1626886,41.7600851,31.6103674,25.1100757,desenvolvimento_e_engenharia_de_produto
2825,44.7411561,47.0939124,40.700605499999995,28.9425892,desenvolvimento_e_engenharia_de_produto
2826,49.5616693,48.3761106,39.048820299999996,29.1144254,desenvolvimento_e_engenharia_de_produto
2827,70.5312591,29.1600287,25.866755899999998,25.27493,desenvolvimento_e_engenharia_de_produto
2828,64.97223050000001,29.431220000000003,31.1823342,20.171117799999998,desenvolvimento_e_engenharia_de_produto
2829,55.25215420000001,38.4316495,35.5589268,22.8533932,desenvolvimento_e_engenharia_de_produto
2830,52.725520599999996,39.636000599999996,28.121337699999998,26.403142000000003,desenvolvimento_e_engenharia_de_produto
2831,63.5618625,33.4323136,22.1880971,23.9396554,desenvolvimento_e_engenharia_de_produto
2832,73.8883193,33.257623800000005,24.4660395,20.6616014,desenvolvimento_e_engenharia_de_produto
2833,60.558399900000005,30.1447177,28.3156164,21.809510500000002,desenvolvimento_e_engenharia_de_produto
2834,65.7237826,34.8996402,29.310251700000002,19.191840199999998,desenvolvimento_e_engenharia_de_produto
2835,48.5450449,40.7892942,34.127454400000005,24.5546503,desenvolvimento_e_engenharia_de_produto
2836,54.8227059,45.1636393,23.7958193,19.1237914,desenvolvimento_e_engenharia_de_produto
2837,61.3222181,46.133691,28.172347800000004,20.021518399999998,desenvolvimento_e_engenharia_de_produto
2838,52.475655200000006,40.8115972,41.5583879,23.102014,desenvolvimento_e_engenharia_de_produto
2839,72.20571989999999,32.010913099999996,26.5564543,18.4683667,desenvolvimento_e_engenharia_de_produto
2840,70.2558621,36.228415600000005,24.7804851,22.4714987,desenvolvimento_e_engenharia_de_produto
2841,54.778055800000004,48.524961,29.727669600000002,23.7094574,desenvolvimento_e_engenharia_de_produto
2842,57.9754112,38.2190925,24.6866955,23.1093508,desenvolvimento_e_engenharia_de_produto
2843,47.5145341,42.2884835,37.9449245,25.1064228,desenvolvimento_e_engenharia_de_produto
2844,56.0303621,44.371603199999996,34.2960591,27.583948600000003,desenvolvimento_e_engenharia_de_produto
2845,54.2383568,39.261122,32.9302708,22.8941565,desenvolvimento_e_engenharia_de_produto
2846,51.6116998,28.436507700000003,29.0588483,27.9883781,desenvolvimento_e_engenharia_de_produto
2847,68.3375997,35.2990563,23.0212033,15.9489914,desenvolvimento_e_engenharia_de_produto
2848,53.954212999999996,39.3067937,28.3504361,23.0228811,desenvolvimento_e_engenharia_de_produto
2849,53.2190198,42.4928959,37.8171148,20.8268386,desenvolvimento_e_engenharia_de_produto
2850,51.730321700000005,40.386415199999995,28.6919871,23.6273959,desenvolvimento_e_engenharia_de_produto
2851,57.3784785,45.0761943,37.9736847,28.435995899999998,desenvolvimento_e_engenharia_de_produto
2852,44.9975037,47.1762244,40.8983296,34.1426281,desenvolvimento_e_engenharia_de_produto
2853,47.0533514,43.8282332,45.315670000000004,35.9419816,desenvolvimento_e_engenharia_de_produto
2854,68.156078,35.1969402,31.8269307,24.6032545,desenvolvimento_e_engenharia_de_produto
2855,70.5626991,34.9221384,24.6424764,21.854949400000002,desenvolvimento_e_engenharia_de_produto
2856,69.9861481,35.7082409,25.9187998,16.8253246,desenvolvimento_e_engenharia_de_produto
2857,54.078451900000005,43.0136867,30.8421246,20.8223473,desenvolvimento_e_engenharia_de_produto
2858,50.32715279999999,48.168016,35.8759997,24.452173,desenvolvimento_e_engenharia_de_produto
2859,53.553948399999996,36.4483363,29.3990882,25.9983576,desenvolvimento_e_engenharia_de_produto
2860,73.3699212,23.816800399999998,18.511814100000002,18.3419426,desenvolvimento_e_engenharia_de_produto
2861,59.1808292,43.892516199999996,32.3410492,21.856196399999998,desenvolvimento_e_engenharia_de_produto
2862,69.3827234,35.7060534,27.601603800000003,20.8640881,desenvolvimento_e_engenharia_de_produto
2863,69.75108589999999,36.2125178,28.033979999999996,33.3650588,desenvolvimento_e_engenharia_de_produto
2864,46.2917556,44.4968591,50.5703088,27.1626215,desenvolvimento_e_engenharia_de_produto
2865,68.9112487,30.940300399999998,27.063193899999998,19.9604988,desenvolvimento_e_engenharia_de_produto
2866,59.9706823,31.714258400000002,30.3150855,20.980578899999998,desenvolvimento_e_engenharia_de_produto
2867,63.5675506,31.1900454,29.3215824,24.5224536,desenvolvimento_e_engenharia_de_produto
2868,60.7029418,33.4344943,27.961430999999997,21.277782300000002,desenvolvimento_e_engenharia_de_produto
2869,64.4548824,37.9500004,35.2686487,23.632328899999997,desenvolvimento_e_engenharia_de_produto
2870,63.7309287,38.6255652,26.3275795,23.0215307,desenvolvimento_e_engenharia_de_produto
2871,74.7359275,31.4557525,19.9868716,20.8782286,desenvolvimento_e_engenharia_de_produto
2872,73.4517109,37.2256048,33.9766186,22.3894147,desenvolvimento_e_engenharia_de_produto
2873,50.7051764,38.488304899999996,26.227724400000003,23.350635999999998,desenvolvimento_e_engenharia_de_produto
2874,53.3724302,43.5467988,36.989530599999995,22.1129876,desenvolvimento_e_engenharia_de_produto
2875,74.90640020000001,32.4421189,20.2112104,21.587683499999997,desenvolvimento_e_engenharia_de_produto
2876,53.907477199999995,39.2389103,32.868374,20.4759837,desenvolvimento_e_engenharia_de_produto
2877,53.20506350000001,38.876894,36.004579,27.2440747,desenvolvimento_e_engenharia_de_produto
2878,55.0106058,35.642526000000004,28.830831699999997,25.5618324,desenvolvimento_e_engenharia_de_produto
2879,46.1626886,41.7600851,31.6103674,25.1100757,desenvolvimento_e_engenharia_de_produto
2880,44.7411561,47.0939124,40.700605499999995,28.9425892,desenvolvimento_e_engenharia_de_produto
2881,49.5616693,48.3761106,39.048820299999996,29.1144254,desenvolvimento_e_engenharia_de_produto
2882,70.5312591,29.1600287,25.866755899999998,25.27493,desenvolvimento_e_engenharia_de_produto
2883,64.97223050000001,29.431220000000003,31.1823342,20.171117799999998,desenvolvimento_e_engenharia_de_produto
2884,55.25215420000001,38.4316495,35.5589268,22.8533932,desenvolvimento_e_engenharia_de_produto
2885,52.725520599999996,39.636000599999996,28.121337699999998,26.403142000000003,desenvolvimento_e_engenharia_de_produto
2886,63.5618625,33.4323136,22.1880971,23.9396554,desenvolvimento_e_engenharia_de_produto
2887,73.8883193,33.257623800000005,24.4660395,20.6616014,desenvolvimento_e_engenharia_de_produto
2888,60.558399900000005,30.1447177,28.3156164,21.809510500000002,desenvolvimento_e_engenharia_de_produto
2889,65.7237826,34.8996402,29.310251700000002,19.191840199999998,desenvolvimento_e_engenharia_de_produto
2890,48.5450449,40.7892942,34.127454400000005,24.5546503,desenvolvimento_e_engenharia_de_produto
2891,54.8227059,45.1636393,23.7958193,19.1237914,desenvolvimento_e_engenharia_de_produto
2892,61.3222181,46.133691,28.172347800000004,20.021518399999998,desenvolvimento_e_engenharia_de_produto
2893,52.475655200000006,40.8115972,41.5583879,23.102014,desenvolvimento_e_engenharia_de_produto
2894,72.20571989999999,32.010913099999996,26.5564543,18.4683667,desenvolvimento_e_engenharia_de_produto
2895,70.2558621,36.228415600000005,24.7804851,22.4714987,desenvolvimento_e_engenharia_de_produto
2896,54.778055800000004,48.524961,29.727669600000002,23.7094574,desenvolvimento_e_engenharia_de_produto
2897,57.9754112,38.2190925,24.6866955,23.1093508,desenvolvimento_e_engenharia_de_produto
2898,47.5145341,42.2884835,37.9449245,25.1064228,desenvolvimento_e_engenharia_de_produto
2899,56.0303621,44.371603199999996,34.2960591,27.583948600000003,desenvolvimento_e_engenharia_de_produto
2900,54.2383568,39.261122,32.9302708,22.8941565,desenvolvimento_e_engenharia_de_produto
2901,51.6116998,28.436507700000003,29.0588483,27.9883781,desenvolvimento_e_engenharia_de_produto
2902,68.3375997,35.2990563,23.0212033,15.9489914,desenvolvimento_e_engenharia_de_produto
2903,53.954212999999996,39.3067937,28.3504361,23.0228811,desenvolvimento_e_engenharia_de_produto
2904,53.2190198,42.4928959,37.8171148,20.8268386,desenvolvimento_e_engenharia_de_produto
2905,51.730321700000005,40.386415199999995,28.6919871,23.6273959,desenvolvimento_e_engenharia_de_produto
2906,57.3784785,45.0761943,37.9736847,28.435995899999998,desenvolvimento_e_engenharia_de_produto
2907,44.9975037,47.1762244,40.8983296,34.1426281,desenvolvimento_e_engenharia_de_produto
2908,47.0533514,43.8282332,45.315670000000004,35.9419816,desenvolvimento_e_engenharia_de_produto
2909,68.156078,35.1969402,31.8269307,24.6032545,desenvolvimento_e_engenharia_de_produto
2910,70.5626991,34.9221384,24.6424764,21.854949400000002,desenvolvimento_e_engenharia_de_produto
2911,69.9861481,35.7082409,25.9187998,16.8253246,desenvolvimento_e_engenharia_de_produto
2912,54.078451900000005,43.0136867,30.8421246,20.8223473,desenvolvimento_e_engenharia_de_produto
2913,50.32715279999999,48.168016,35.8759997,24.452173,desenvolvimento_e_engenharia_de_produto
2914,53.553948399999996,36.4483363,29.3990882,25.9983576,desenvolvimento_e_engenharia_de_produto
2915,73.3699212,23.816800399999998,18.511814100000002,18.3419426,desenvolvimento_e_engenharia_de_produto
2916,59.1808292,43.892516199999996,32.3410492,21.856196399999998,desenvolvimento_e_engenharia_de_produto
2917,69.3827234,35.7060534,27.601603800000003,20.8640881,desenvolvimento_e_engenharia_de_produto
2918,69.75108589999999,36.2125178,28.033979999999996,33.3650588,desenvolvimento_e_engenharia_de_produto
2919,46.2917556,44.4968591,50.5703088,27.1626215,desenvolvimento_e_engenharia_de_produto
2920,68.9112487,30.940300399999998,27.063193899999998,19.9604988,desenvolvimento_e_engenharia_de_produto
2921,59.9706823,31.714258400000002,30.3150855,20.980578899999998,desenvolvimento_e_engenharia_de_produto
2922,63.5675506,31.1900454,29.3215824,24.5224536,desenvolvimento_e_engenharia_de_produto
2923,60.7029418,33.4344943,27.961430999999997,21.277782300000002,desenvolvimento_e_engenharia_de_produto
2924,64.4548824,37.9500004,35.2686487,23.632328899999997,desenvolvimento_e_engenharia_de_produto
2925,63.7309287,38.6255652,26.3275795,23.0215307,desenvolvimento_e_engenharia_de_produto
2926,74.7359275,31.4557525,19.9868716,20.8782286,desenvolvimento_e_engenharia_de_produto
2927,73.4517109,37.2256048,33.9766186,22.3894147,desenvolvimento_e_engenharia_de_produto
2928,50.7051764,38.488304899999996,26.227724400000003,23.350635999999998,desenvolvimento_e_engenharia_de_produto
2929,53.3724302,43.5467988,36.989530599999995,22.1129876,desenvolvimento_e_engenharia_de_produto
2930,74.90640020000001,32.4421189,20.2112104,21.587683499999997,desenvolvimento_e_engenharia_de_produto
2931,53.907477199999995,39.2389103,32.868374,20.4759837,desenvolvimento_e_engenharia_de_produto
2932,53.20506350000001,38.876894,36.004579,27.2440747,desenvolvimento_e_engenharia_de_produto
2933,55.0106058,35.642526000000004,28.830831699999997,25.5618324,desenvolvimento_e_engenharia_de_produto
2934,46.1626886,41.7600851,31.6103674,25.1100757,desenvolvimento_e_engenharia_de_produto
2935,44.7411561,47.0939124,40.700605499999995,28.9425892,desenvolvimento_e_engenharia_de_produto
2936,49.5616693,48.3761106,39.048820299999996,29.1144254,desenvolvimento_e_engenharia_de_produto
2937,70.5312591,29.1600287,25.866755899999998,25.27493,desenvolvimento_e_engenharia_de_produto
2938,64.97223050000001,29.431220000000003,31.1823342,20.171117799999998,desenvolvimento_e_engenharia_de_produto
2939,55.25215420000001,38.4316495,35.5589268,22.8533932,desenvolvimento_e_engenharia_de_produto
2940,52.725520599999996,39.636000599999996,28.121337699999998,26.403142000000003,desenvolvimento_e_engenharia_de_produto
2941,63.5618625,33.4323136,22.1880971,23.9396554,desenvolvimento_e_engenharia_de_produto
2942,73.8883193,33.257623800000005,24.4660395,20.6616014,desenvolvimento_e_engenharia_de_produto
2943,60.558399900000005,30.1447177,28.3156164,21.809510500000002,desenvolvimento_e_engenharia_de_produto
2944,65.7237826,34.8996402,29.310251700000002,19.191840199999998,desenvolvimento_e_engenharia_de_produto
2945,48.5450449,40.7892942,34.127454400000005,24.5546503,desenvolvimento_e_engenharia_de_produto
2946,54.8227059,45.1636393,23.7958193,19.1237914,desenvolvimento_e_engenharia_de_produto
2947,61.3222181,46.133691,28.172347800000004,20.021518399999998,desenvolvimento_e_engenharia_de_produto
2948,52.475655200000006,40.8115972,41.5583879,23.102014,desenvolvimento_e_engenharia_de_produto
2949,72.20571989999999,32.010913099999996,26.5564543,18.4683667,desenvolvimento_e_engenharia_de_produto
2950,70.2558621,36.228415600000005,24.7804851,22.4714987,desenvolvimento_e_engenharia_de_produto
2951,54.778055800000004,48.524961,29.727669600000002,23.7094574,desenvolvimento_e_engenharia_de_produto
2952,57.9754112,38.2190925,24.6866955,23.1093508,desenvolvimento_e_engenharia_de_produto
2953,47.5145341,42.2884835,37.9449245,25.1064228,desenvolvimento_e_engenharia_de_produto
2954,56.0303621,44.371603199999996,34.2960591,27.583948600000003,desenvolvimento_e_engenharia_de_produto
2955,54.2383568,39.261122,32.9302708,22.8941565,desenvolvimento_e_engenharia_de_produto
2956,51.6116998,28.436507700000003,29.0588483,27.9883781,desenvolvimento_e_engenharia_de_produto
2957,68.3375997,35.2990563,23.0212033,15.9489914,desenvolvimento_e_engenharia_de_produto
2958,53.954212999999996,39.3067937,28.3504361,23.0228811,desenvolvimento_e_engenharia_de_produto
2959,53.2190198,42.4928959,37.8171148,20.8268386,desenvolvimento_e_engenharia_de_produto
2960,51.730321700000005,40.386415199999995,28.6919871,23.6273959,desenvolvimento_e_engenharia_de_produto
2961,57.3784785,45.0761943,37.9736847,28.435995899999998,desenvolvimento_e_engenharia_de_produto
2962,44.9975037,47.1762244,40.8983296,34.1426281,desenvolvimento_e_engenharia_de_produto
2963,47.0533514,43.8282332,45.315670000000004,35.9419816,desenvolvimento_e_engenharia_de_produto
2964,68.156078,35.1969402,31.8269307,24.6032545,desenvolvimento_e_engenharia_de_produto
2965,70.5626991,34.9221384,24.6424764,21.854949400000002,desenvolvimento_e_engenharia_de_produto
2966,69.9861481,35.7082409,25.9187998,16.8253246,desenvolvimento_e_engenharia_de_produto
2967,54.078451900000005,43.0136867,30.8421246,20.8223473,desenvolvimento_e_engenharia_de_produto
2968,50.32715279999999,48.168016,35.8759997,24.452173,desenvolvimento_e_engenharia_de_produto
2969,53.553948399999996,36.4483363,29.3990882,25.9983576,desenvolvimento_e_engenharia_de_produto
2970,73.3699212,23.816800399999998,18.511814100000002,18.3419426,desenvolvimento_e_engenharia_de_produto
2971,59.1808292,43.892516199999996,32.3410492,21.856196399999998,desenvolvimento_e_engenharia_de_produto
2972,69.3827234,35.7060534,27.601603800000003,20.8640881,desenvolvimento_e_engenharia_de_produto
2973,69.75108589999999,36.2125178,28.033979999999996,33.3650588,desenvolvimento_e_engenharia_de_produto
2974,46.2917556,44.4968591,50.5703088,27.1626215,desenvolvimento_e_engenharia_de_produto
2975,68.9112487,30.940300399999998,27.063193899999998,19.9604988,desenvolvimento_e_engenharia_de_produto
2976,59.9706823,31.714258400000002,30.3150855,20.980578899999998,desenvolvimento_e_engenharia_de_produto
2977,63.5675506,31.1900454,29.3215824,24.5224536,desenvolvimento_e_engenharia_de_produto
2978,60.7029418,33.4344943,27.961430999999997,21.277782300000002,desenvolvimento_e_engenharia_de_produto
2979,64.4548824,37.9500004,35.2686487,23.632328899999997,desenvolvimento_e_engenharia_de_produto
2980,63.7309287,38.6255652,26.3275795,23.0215307,desenvolvimento_e_engenharia_de_produto
2981,74.7359275,31.4557525,19.9868716,20.8782286,desenvolvimento_e_engenharia_de_produto
2982,73.4517109,37.2256048,33.9766186,22.3894147,desenvolvimento_e_engenharia_de_produto
2983,50.7051764,38.488304899999996,26.227724400000003,23.350635999999998,desenvolvimento_e_engenharia_de_produto
2984,53.3724302,43.5467988,36.989530599999995,22.1129876,desenvolvimento_e_engenharia_de_produto
2985,74.90640020000001,32.4421189,20.2112104,21.587683499999997,desenvolvimento_e_engenharia_de_produto
2986,53.907477199999995,39.2389103,32.868374,20.4759837,desenvolvimento_e_engenharia_de_produto
2987,53.20506350000001,38.876894,36.004579,27.2440747,desenvolvimento_e_engenharia_de_produto
2988,55.0106058,35.642526000000004,28.830831699999997,25.5618324,desenvolvimento_e_engenharia_de_produto
2989,46.1626886,41.7600851,31.6103674,25.1100757,desenvolvimento_e_engenharia_de_produto
2990,44.7411561,47.0939124,40.700605499999995,28.9425892,desenvolvimento_e_engenharia_de_produto
2991,49.5616693,48.3761106,39.048820299999996,29.1144254,desenvolvimento_e_engenharia_de_produto
2992,70.5312591,29.1600287,25.866755899999998,25.27493,desenvolvimento_e_engenharia_de_produto
2993,64.97223050000001,29.431220000000003,31.1823342,20.171117799999998,desenvolvimento_e_engenharia_de_produto
2994,55.25215420000001,38.4316495,35.5589268,22.8533932,desenvolvimento_e_engenharia_de_produto
2995,52.725520599999996,39.636000599999996,28.121337699999998,26.403142000000003,desenvolvimento_e_engenharia_de_produto
2996,63.5618625,33.4323136,22.1880971,23.9396554,desenvolvimento_e_engenharia_de_produto
2997,73.8883193,33.257623800000005,24.4660395,20.6616014,desenvolvimento_e_engenharia_de_produto
2998,60.558399900000005,30.1447177,28.3156164,21.809510500000002,desenvolvimento_e_engenharia_de_produto
2999,65.7237826,34.8996402,29.310251700000002,19.191840199999998,desenvolvimento_e_engenharia_de_produto
3000,48.5450449,40.7892942,34.127454400000005,24.5546503,desenvolvimento_e_engenharia_de_produto
3001,54.8227059,45.1636393,23.7958193,19.1237914,desenvolvimento_e_engenharia_de_produto
3002,61.3222181,46.133691,28.172347800000004,20.021518399999998,desenvolvimento_e_engenharia_de_produto
3003,52.475655200000006,40.8115972,41.5583879,23.102014,desenvolvimento_e_engenharia_de_produto
3004,72.20571989999999,32.010913099999996,26.5564543,18.4683667,desenvolvimento_e_engenharia_de_produto
3005,70.2558621,36.228415600000005,24.7804851,22.4714987,desenvolvimento_e_engenharia_de_produto
3006,54.778055800000004,48.524961,29.727669600000002,23.7094574,desenvolvimento_e_engenharia_de_produto
3007,57.9754112,38.2190925,24.6866955,23.1093508,desenvolvimento_e_engenharia_de_produto
3008,47.5145341,42.2884835,37.9449245,25.1064228,desenvolvimento_e_engenharia_de_produto
3009,56.0303621,44.371603199999996,34.2960591,27.583948600000003,desenvolvimento_e_engenharia_de_produto
3010,54.2383568,39.261122,32.9302708,22.8941565,desenvolvimento_e_engenharia_de_produto
3011,51.6116998,28.436507700000003,29.0588483,27.9883781,desenvolvimento_e_engenharia_de_produto
3012,68.3375997,35.2990563,23.0212033,15.9489914,desenvolvimento_e_engenharia_de_produto
3013,53.954212999999996,39.3067937,28.3504361,23.0228811,desenvolvimento_e_engenharia_de_produto
3014,53.2190198,42.4928959,37.8171148,20.8268386,desenvolvimento_e_engenharia_de_produto
3015,51.730321700000005,40.386415199999995,28.6919871,23.6273959,desenvolvimento_e_engenharia_de_produto
3016,57.3784785,45.0761943,37.9736847,28.435995899999998,desenvolvimento_e_engenharia_de_produto
3017,44.9975037,47.1762244,40.8983296,34.1426281,desenvolvimento_e_engenharia_de_produto
3018,47.0533514,43.8282332,45.315670000000004,35.9419816,desenvolvimento_e_engenharia_de_produto
3019,68.156078,35.1969402,31.8269307,24.6032545,desenvolvimento_e_engenharia_de_produto
3020,70.5626991,34.9221384,24.6424764,21.854949400000002,desenvolvimento_e_engenharia_de_produto
3021,69.9861481,35.7082409,25.9187998,16.8253246,desenvolvimento_e_engenharia_de_produto
3022,54.078451900000005,43.0136867,30.8421246,20.8223473,desenvolvimento_e_engenharia_de_produto
3023,50.32715279999999,48.168016,35.8759997,24.452173,desenvolvimento_e_engenharia_de_produto
3024,53.553948399999996,36.4483363,29.3990882,25.9983576,desenvolvimento_e_engenharia_de_produto
3025,73.3699212,23.816800399999998,18.511814100000002,18.3419426,desenvolvimento_e_engenharia_de_produto
3026,59.1808292,43.892516199999996,32.3410492,21.856196399999998,desenvolvimento_e_engenharia_de_produto
3027,69.3827234,35.7060534,27.601603800000003,20.8640881,desenvolvimento_e_engenharia_de_produto
3028,69.75108589999999,36.2125178,28.033979999999996,33.3650588,desenvolvimento_e_engenharia_de_produto
3029,46.2917556,44.4968591,50.5703088,27.1626215,desenvolvimento_e_engenharia_de_produto
3030,68.9112487,30.940300399999998,27.063193899999998,19.9604988,desenvolvimento_e_engenharia_de_produto
3031,59.9706823,31.714258400000002,30.3150855,20.980578899999998,desenvolvimento_e_engenharia_de_produto
3032,63.5675506,31.1900454,29.3215824,24.5224536,desenvolvimento_e_engenharia_de_produto
3033,60.7029418,33.4344943,27.961430999999997,21.277782300000002,desenvolvimento_e_engenharia_de_produto
3034,64.4548824,37.9500004,35.2686487,23.632328899999997,desenvolvimento_e_engenharia_de_produto
3035,63.7309287,38.6255652,26.3275795,23.0215307,desenvolvimento_e_engenharia_de_produto
3036,74.7359275,31.4557525,19.9868716,20.8782286,desenvolvimento_e_engenharia_de_produto
3037,73.4517109,37.2256048,33.9766186,22.3894147,desenvolvimento_e_engenharia_de_produto
3038,50.7051764,38.488304899999996,26.227724400000003,23.350635999999998,desenvolvimento_e_engenharia_de_produto
3039,53.3724302,43.5467988,36.989530599999995,22.1129876,desenvolvimento_e_engenharia_de_produto
3040,74.90640020000001,32.4421189,20.2112104,21.587683499999997,desenvolvimento_e_engenharia_de_produto
3041,53.907477199999995,39.2389103,32.868374,20.4759837,desenvolvimento_e_engenharia_de_produto
3042,53.20506350000001,38.876894,36.004579,27.2440747,desenvolvimento_e_engenharia_de_produto
3043,55.0106058,35.642526000000004,28.830831699999997,25.5618324,desenvolvimento_e_engenharia_de_produto
3044,46.1626886,41.7600851,31.6103674,25.1100757,desenvolvimento_e_engenharia_de_produto
3045,44.7411561,47.0939124,40.700605499999995,28.9425892,desenvolvimento_e_engenharia_de_produto
3046,49.5616693,48.3761106,39.048820299999996,29.1144254,desenvolvimento_e_engenharia_de_produto
3047,70.5312591,29.1600287,25.866755899999998,25.27493,desenvolvimento_e_engenharia_de_produto
3048,64.97223050000001,29.431220000000003,31.1823342,20.171117799999998,desenvolvimento_e_engenharia_de_produto
3049,55.25215420000001,38.4316495,35.5589268,22.8533932,desenvolvimento_e_engenharia_de_produto
3050,52.725520599999996,39.636000599999996,28.121337699999998,26.403142000000003,desenvolvimento_e_engenharia_de_produto
3051,63.5618625,33.4323136,22.1880971,23.9396554,desenvolvimento_e_engenharia_de_produto
3052,73.8883193,33.257623800000005,24.4660395,20.6616014,desenvolvimento_e_engenharia_de_produto
3053,60.558399900000005,30.1447177,28.3156164,21.809510500000002,desenvolvimento_e_engenharia_de_produto
3054,65.7237826,34.8996402,29.310251700000002,19.191840199999998,desenvolvimento_e_engenharia_de_produto
3055,48.5450449,40.7892942,34.127454400000005,24.5546503,desenvolvimento_e_engenharia_de_produto
3056,54.8227059,45.1636393,23.7958193,19.1237914,desenvolvimento_e_engenharia_de_produto
3057,61.3222181,46.133691,28.172347800000004,20.021518399999998,desenvolvimento_e_engenharia_de_produto
3058,52.475655200000006,40.8115972,41.5583879,23.102014,desenvolvimento_e_engenharia_de_produto
3059,72.20571989999999,32.010913099999996,26.5564543,18.4683667,desenvolvimento_e_engenharia_de_produto
3060,70.2558621,36.228415600000005,24.7804851,22.4714987,desenvolvimento_e_engenharia_de_produto
3061,54.778055800000004,48.524961,29.727669600000002,23.7094574,desenvolvimento_e_engenharia_de_produto
3062,57.9754112,38.2190925,24.6866955,23.1093508,desenvolvimento_e_engenharia_de_produto
3063,47.5145341,42.2884835,37.9449245,25.1064228,desenvolvimento_e_engenharia_de_produto
3064,56.0303621,44.371603199999996,34.2960591,27.583948600000003,desenvolvimento_e_engenharia_de_produto
3065,54.2383568,39.261122,32.9302708,22.8941565,desenvolvimento_e_engenharia_de_produto
3066,51.6116998,28.436507700000003,29.0588483,27.9883781,desenvolvimento_e_engenharia_de_produto
3067,68.3375997,35.2990563,23.0212033,15.9489914,desenvolvimento_e_engenharia_de_produto
3068,53.954212999999996,39.3067937,28.3504361,23.0228811,desenvolvimento_e_engenharia_de_produto
3069,53.2190198,42.4928959,37.8171148,20.8268386,desenvolvimento_e_engenharia_de_produto
3070,51.730321700000005,40.386415199999995,28.6919871,23.6273959,desenvolvimento_e_engenharia_de_produto
3071,57.3784785,45.0761943,37.9736847,28.435995899999998,desenvolvimento_e_engenharia_de_produto
3072,44.9975037,47.1762244,40.8983296,34.1426281,desenvolvimento_e_engenharia_de_produto
3073,47.0533514,43.8282332,45.315670000000004,35.9419816,desenvolvimento_e_engenharia_de_produto
3074,68.156078,35.1969402,31.8269307,24.6032545,desenvolvimento_e_engenharia_de_produto
3075,70.5626991,34.9221384,24.6424764,21.854949400000002,desenvolvimento_e_engenharia_de_produto
3076,69.9861481,35.7082409,25.9187998,16.8253246,desenvolvimento_e_engenharia_de_produto
3077,54.078451900000005,43.0136867,30.8421246,20.8223473,desenvolvimento_e_engenharia_de_produto
3078,50.32715279999999,48.168016,35.8759997,24.452173,desenvolvimento_e_engenharia_de_produto
3079,53.553948399999996,36.4483363,29.3990882,25.9983576,desenvolvimento_e_engenharia_de_produto
3080,73.3699212,23.816800399999998,18.511814100000002,18.3419426,desenvolvimento_e_engenharia_de_produto
3081,59.1808292,43.892516199999996,32.3410492,21.856196399999998,desenvolvimento_e_engenharia_de_produto
3082,69.3827234,35.7060534,27.601603800000003,20.8640881,desenvolvimento_e_engenharia_de_produto
3083,69.75108589999999,36.2125178,28.033979999999996,33.3650588,desenvolvimento_e_engenharia_de_produto
3084,46.2917556,44.4968591,50.5703088,27.1626215,desenvolvimento_e_engenharia_de_produto
3085,68.9112487,30.940300399999998,27.063193899999998,19.9604988,desenvolvimento_e_engenharia_de_produto
3086,59.9706823,31.714258400000002,30.3150855,20.980578899999998,desenvolvimento_e_engenharia_de_produto
3087,63.5675506,31.1900454,29.3215824,24.5224536,desenvolvimento_e_engenharia_de_produto
3088,60.7029418,33.4344943,27.961430999999997,21.277782300000002,desenvolvimento_e_engenharia_de_produto
3089,64.4548824,37.9500004,35.2686487,23.632328899999997,desenvolvimento_e_engenharia_de_produto
3090,63.7309287,38.6255652,26.3275795,23.0215307,desenvolvimento_e_engenharia_de_produto
3091,74.7359275,31.4557525,19.9868716,20.8782286,desenvolvimento_e_engenharia_de_produto
3092,73.4517109,37.2256048,33.9766186,22.3894147,desenvolvimento_e_engenharia_de_produto
3093,50.7051764,38.488304899999996,26.227724400000003,23.350635999999998,desenvolvimento_e_engenharia_de_produto
3094,53.3724302,43.5467988,36.989530599999995,22.1129876,desenvolvimento_e_engenharia_de_produto
3095,74.90640020000001,32.4421189,20.2112104,21.587683499999997,desenvolvimento_e_engenharia_de_produto
3096,53.907477199999995,39.2389103,32.868374,20.4759837,desenvolvimento_e_engenharia_de_produto
3097,53.20506350000001,38.876894,36.004579,27.2440747,desenvolvimento_e_engenharia_de_produto
3098,55.0106058,35.642526000000004,28.830831699999997,25.5618324,desenvolvimento_e_engenharia_de_produto
3099,46.1626886,41.7600851,31.6103674,25.1100757,desenvolvimento_e_engenharia_de_produto
3100,44.7411561,47.0939124,40.700605499999995,28.9425892,desenvolvimento_e_engenharia_de_produto
3101,49.5616693,48.3761106,39.048820299999996,29.1144254,desenvolvimento_e_engenharia_de_produto
3102,70.5312591,29.1600287,25.866755899999998,25.27493,desenvolvimento_e_engenharia_de_produto
3103,64.97223050000001,29.431220000000003,31.1823342,20.171117799999998,desenvolvimento_e_engenharia_de_produto
3104,55.25215420000001,38.4316495,35.5589268,22.8533932,desenvolvimento_e_engenharia_de_produto
3105,52.725520599999996,39.636000599999996,28.121337699999998,26.403142000000003,desenvolvimento_e_engenharia_de_produto
3106,63.5618625,33.4323136,22.1880971,23.9396554,desenvolvimento_e_engenharia_de_produto
3107,73.8883193,33.257623800000005,24.4660395,20.6616014,desenvolvimento_e_engenharia_de_produto
3108,60.558399900000005,30.1447177,28.3156164,21.809510500000002,desenvolvimento_e_engenharia_de_produto
3109,65.7237826,34.8996402,29.310251700000002,19.191840199999998,desenvolvimento_e_engenharia_de_produto
3110,48.5450449,40.7892942,34.127454400000005,24.5546503,desenvolvimento_e_engenharia_de_produto
3111,54.8227059,45.1636393,23.7958193,19.1237914,desenvolvimento_e_engenharia_de_produto
3112,61.3222181,46.133691,28.172347800000004,20.021518399999998,desenvolvimento_e_engenharia_de_produto
3113,52.475655200000006,40.8115972,41.5583879,23.102014,desenvolvimento_e_engenharia_de_produto
3114,72.20571989999999,32.010913099999996,26.5564543,18.4683667,desenvolvimento_e_engenharia_de_produto
3115,70.2558621,36.228415600000005,24.7804851,22.4714987,desenvolvimento_e_engenharia_de_produto
3116,54.778055800000004,48.524961,29.727669600000002,23.7094574,desenvolvimento_e_engenharia_de_produto
3117,57.9754112,38.2190925,24.6866955,23.1093508,desenvolvimento_e_engenharia_de_produto
3118,47.5145341,42.2884835,37.9449245,25.1064228,desenvolvimento_e_engenharia_de_produto
3119,56.0303621,44.371603199999996,34.2960591,27.583948600000003,desenvolvimento_e_engenharia_de_produto
3120,54.2383568,39.261122,32.9302708,22.8941565,desenvolvimento_e_engenharia_de_produto
3121,51.6116998,28.436507700000003,29.0588483,27.9883781,desenvolvimento_e_engenharia_de_produto
3122,68.3375997,35.2990563,23.0212033,15.9489914,desenvolvimento_e_engenharia_de_produto
3123,53.954212999999996,39.3067937,28.3504361,23.0228811,desenvolvimento_e_engenharia_de_produto
3124,53.2190198,42.4928959,37.8171148,20.8268386,desenvolvimento_e_engenharia_de_produto
3125,51.730321700000005,40.386415199999995,28.6919871,23.6273959,desenvolvimento_e_engenharia_de_produto
3126,57.3784785,45.0761943,37.9736847,28.435995899999998,desenvolvimento_e_engenharia_de_produto
3127,44.9975037,47.1762244,40.8983296,34.1426281,desenvolvimento_e_engenharia_de_produto
3128,47.0533514,43.8282332,45.315670000000004,35.9419816,desenvolvimento_e_engenharia_de_produto
3129,68.156078,35.1969402,31.8269307,24.6032545,desenvolvimento_e_engenharia_de_produto
3130,70.5626991,34.9221384,24.6424764,21.854949400000002,desenvolvimento_e_engenharia_de_produto
3131,69.9861481,35.7082409,25.9187998,16.8253246,desenvolvimento_e_engenharia_de_produto
3132,54.078451900000005,43.0136867,30.8421246,20.8223473,desenvolvimento_e_engenharia_de_produto
3133,50.32715279999999,48.168016,35.8759997,24.452173,desenvolvimento_e_engenharia_de_produto
3134,53.553948399999996,36.4483363,29.3990882,25.9983576,desenvolvimento_e_engenharia_de_produto
3135,73.3699212,23.816800399999998,18.511814100000002,18.3419426,desenvolvimento_e_engenharia_de_produto
3136,59.1808292,43.892516199999996,32.3410492,21.856196399999998,desenvolvimento_e_engenharia_de_produto
3137,69.3827234,35.7060534,27.601603800000003,20.8640881,desenvolvimento_e_engenharia_de_produto
3138,69.75108589999999,36.2125178,28.033979999999996,33.3650588,desenvolvimento_e_engenharia_de_produto
3139,46.2917556,44.4968591,50.5703088,27.1626215,desenvolvimento_e_engenharia_de_produto
3140,68.9112487,30.940300399999998,27.063193899999998,19.9604988,desenvolvimento_e_engenharia_de_produto
3141,59.9706823,31.714258400000002,30.3150855,20.980578899999998,desenvolvimento_e_engenharia_de_produto
3142,63.5675506,31.1900454,29.3215824,24.5224536,desenvolvimento_e_engenharia_de_produto
3143,60.7029418,33.4344943,27.961430999999997,21.277782300000002,desenvolvimento_e_engenharia_de_produto
3144,64.4548824,37.9500004,35.2686487,23.632328899999997,desenvolvimento_e_engenharia_de_produto
3145,63.7309287,38.6255652,26.3275795,23.0215307,desenvolvimento_e_engenharia_de_produto
3146,74.7359275,31.4557525,19.9868716,20.8782286,desenvolvimento_e_engenharia_de_produto
3147,73.4517109,37.2256048,33.9766186,22.3894147,desenvolvimento_e_engenharia_de_produto
3148,50.7051764,38.488304899999996,26.227724400000003,23.350635999999998,desenvolvimento_e_engenharia_de_produto
3149,53.3724302,43.5467988,36.989530599999995,22.1129876,desenvolvimento_e_engenharia_de_produto
3150,74.90640020000001,32.4421189,20.2112104,21.587683499999997,desenvolvimento_e_engenharia_de_produto
3151,53.907477199999995,39.2389103,32.868374,20.4759837,desenvolvimento_e_engenharia_de_produto
3152,53.20506350000001,38.876894,36.004579,27.2440747,desenvolvimento_e_engenharia_de_produto
3153,55.0106058,35.642526000000004,28.830831699999997,25.5618324,desenvolvimento_e_engenharia_de_produto
3154,46.1626886,41.7600851,31.6103674,25.1100757,desenvolvimento_e_engenharia_de_produto
3155,44.7411561,47.0939124,40.700605499999995,28.9425892,desenvolvimento_e_engenharia_de_produto
3156,49.5616693,48.3761106,39.048820299999996,29.1144254,desenvolvimento_e_engenharia_de_produto
3157,70.5312591,29.1600287,25.866755899999998,25.27493,desenvolvimento_e_engenharia_de_produto
3158,64.97223050000001,29.431220000000003,31.1823342,20.171117799999998,desenvolvimento_e_engenharia_de_produto
3159,55.25215420000001,38.4316495,35.5589268,22.8533932,desenvolvimento_e_engenharia_de_produto
3160,52.725520599999996,39.636000599999996,28.121337699999998,26.403142000000003,desenvolvimento_e_engenharia_de_produto
3161,63.5618625,33.4323136,22.1880971,23.9396554,desenvolvimento_e_engenharia_de_produto
3162,73.8883193,33.257623800000005,24.4660395,20.6616014,desenvolvimento_e_engenharia_de_produto
3163,60.558399900000005,30.1447177,28.3156164,21.809510500000002,desenvolvimento_e_engenharia_de_produto
3164,65.7237826,34.8996402,29.310251700000002,19.191840199999998,desenvolvimento_e_engenharia_de_produto
3165,48.5450449,40.7892942,34.127454400000005,24.5546503,desenvolvimento_e_engenharia_de_produto
3166,54.8227059,45.1636393,23.7958193,19.1237914,desenvolvimento_e_engenharia_de_produto
3167,61.3222181,46.133691,28.172347800000004,20.021518399999998,desenvolvimento_e_engenharia_de_produto
3168,52.475655200000006,40.8115972,41.5583879,23.102014,desenvolvimento_e_engenharia_de_produto
3169,72.20571989999999,32.010913099999996,26.5564543,18.4683667,desenvolvimento_e_engenharia_de_produto
3170,70.2558621,36.228415600000005,24.7804851,22.4714987,desenvolvimento_e_engenharia_de_produto
3171,54.778055800000004,48.524961,29.727669600000002,23.7094574,desenvolvimento_e_engenharia_de_produto
3172,57.9754112,38.2190925,24.6866955,23.1093508,desenvolvimento_e_engenharia_de_produto
3173,47.5145341,42.2884835,37.9449245,25.1064228,desenvolvimento_e_engenharia_de_produto
3174,56.0303621,44.371603199999996,34.2960591,27.583948600000003,desenvolvimento_e_engenharia_de_produto
3175,54.2383568,39.261122,32.9302708,22.8941565,desenvolvimento_e_engenharia_de_produto
3176,51.6116998,28.436507700000003,29.0588483,27.9883781,desenvolvimento_e_engenharia_de_produto
3177,68.3375997,35.2990563,23.0212033,15.9489914,desenvolvimento_e_engenharia_de_produto
3178,53.954212999999996,39.3067937,28.3504361,23.0228811,desenvolvimento_e_engenharia_de_produto
3179,53.2190198,42.4928959,37.8171148,20.8268386,desenvolvimento_e_engenharia_de_produto
3180,51.730321700000005,40.386415199999995,28.6919871,23.6273959,desenvolvimento_e_engenharia_de_produto
3181,57.3784785,45.0761943,37.9736847,28.435995899999998,desenvolvimento_e_engenharia_de_produto
3182,44.9975037,47.1762244,40.8983296,34.1426281,desenvolvimento_e_engenharia_de_produto
3183,47.0533514,43.8282332,45.315670000000004,35.9419816,desenvolvimento_e_engenharia_de_produto
3184,68.156078,35.1969402,31.8269307,24.6032545,desenvolvimento_e_engenharia_de_produto
3185,70.5626991,34.9221384,24.6424764,21.854949400000002,desenvolvimento_e_engenharia_de_produto
3186,69.9861481,35.7082409,25.9187998,16.8253246,desenvolvimento_e_engenharia_de_produto
3187,54.078451900000005,43.0136867,30.8421246,20.8223473,desenvolvimento_e_engenharia_de_produto
3188,50.32715279999999,48.168016,35.8759997,24.452173,desenvolvimento_e_engenharia_de_produto
3189,53.553948399999996,36.4483363,29.3990882,25.9983576,desenvolvimento_e_engenharia_de_produto
3190,73.3699212,23.816800399999998,18.511814100000002,18.3419426,desenvolvimento_e_engenharia_de_produto
3191,59.1808292,43.892516199999996,32.3410492,21.856196399999998,desenvolvimento_e_engenharia_de_produto
3192,69.3827234,35.7060534,27.601603800000003,20.8640881,desenvolvimento_e_engenharia_de_produto
3193,69.75108589999999,36.2125178,28.033979999999996,33.3650588,desenvolvimento_e_engenharia_de_produto
3194,46.2917556,44.4968591,50.5703088,27.1626215,desenvolvimento_e_engenharia_de_produto
3195,68.9112487,30.940300399999998,27.063193899999998,19.9604988,desenvolvimento_e_engenharia_de_produto
3196,59.9706823,31.714258400000002,30.3150855,20.980578899999998,desenvolvimento_e_engenharia_de_produto
3197,63.5675506,31.1900454,29.3215824,24.5224536,desenvolvimento_e_engenharia_de_produto
3198,60.7029418,33.4344943,27.961430999999997,21.277782300000002,desenvolvimento_e_engenharia_de_produto
3199,64.4548824,37.9500004,35.2686487,23.632328899999997,desenvolvimento_e_engenharia_de_produto
3200,63.7309287,38.6255652,26.3275795,23.0215307,desenvolvimento_e_engenharia_de_produto
3201,74.7359275,31.4557525,19.9868716,20.8782286,desenvolvimento_e_engenharia_de_produto
3202,73.4517109,37.2256048,33.9766186,22.3894147,desenvolvimento_e_engenharia_de_produto
3203,50.7051764,38.488304899999996,26.227724400000003,23.350635999999998,desenvolvimento_e_engenharia_de_produto
3204,53.3724302,43.5467988,36.989530599999995,22.1129876,desenvolvimento_e_engenharia_de_produto
3205,74.90640020000001,32.4421189,20.2112104,21.587683499999997,desenvolvimento_e_engenharia_de_produto
3206,53.907477199999995,39.2389103,32.868374,20.4759837,desenvolvimento_e_engenharia_de_produto
3207,53.20506350000001,38.876894,36.004579,27.2440747,desenvolvimento_e_engenharia_de_produto
3208,55.0106058,35.642526000000004,28.830831699999997,25.5618324,desenvolvimento_e_engenharia_de_produto
3209,46.1626886,41.7600851,31.6103674,25.1100757,desenvolvimento_e_engenharia_de_produto
3210,44.7411561,47.0939124,40.700605499999995,28.9425892,desenvolvimento_e_engenharia_de_produto
3211,49.5616693,48.3761106,39.048820299999996,29.1144254,desenvolvimento_e_engenharia_de_produto
3212,70.5312591,29.1600287,25.866755899999998,25.27493,desenvolvimento_e_engenharia_de_produto
3213,64.97223050000001,29.431220000000003,31.1823342,20.171117799999998,desenvolvimento_e_engenharia_de_produto
3214,55.25215420000001,38.4316495,35.5589268,22.8533932,desenvolvimento_e_engenharia_de_produto
3215,52.725520599999996,39.636000599999996,28.121337699999998,26.403142000000003,desenvolvimento_e_engenharia_de_produto
3216,63.5618625,33.4323136,22.1880971,23.9396554,desenvolvimento_e_engenharia_de_produto
3217,73.8883193,33.257623800000005,24.4660395,20.6616014,desenvolvimento_e_engenharia_de_produto
3218,60.558399900000005,30.1447177,28.3156164,21.809510500000002,desenvolvimento_e_engenharia_de_produto
3219,65.7237826,34.8996402,29.310251700000002,19.191840199999998,desenvolvimento_e_engenharia_de_produto
3220,48.5450449,40.7892942,34.127454400000005,24.5546503,desenvolvimento_e_engenharia_de_produto
3221,54.8227059,45.1636393,23.7958193,19.1237914,desenvolvimento_e_engenharia_de_produto
3222,61.3222181,46.133691,28.172347800000004,20.021518399999998,desenvolvimento_e_engenharia_de_produto
3223,52.475655200000006,40.8115972,41.5583879,23.102014,desenvolvimento_e_engenharia_de_produto
3224,72.20571989999999,32.010913099999996,26.5564543,18.4683667,desenvolvimento_e_engenharia_de_produto
3225,70.2558621,36.228415600000005,24.7804851,22.4714987,desenvolvimento_e_engenharia_de_produto
3226,54.778055800000004,48.524961,29.727669600000002,23.7094574,desenvolvimento_e_engenharia_de_produto
3227,57.9754112,38.2190925,24.6866955,23.1093508,desenvolvimento_e_engenharia_de_produto
3228,47.5145341,42.2884835,37.9449245,25.1064228,desenvolvimento_e_engenharia_de_produto
3229,56.0303621,44.371603199999996,34.2960591,27.583948600000003,desenvolvimento_e_engenharia_de_produto
3230,54.2383568,39.261122,32.9302708,22.8941565,desenvolvimento_e_engenharia_de_produto
3231,51.6116998,28.436507700000003,29.0588483,27.9883781,desenvolvimento_e_engenharia_de_produto
3232,68.3375997,35.2990563,23.0212033,15.9489914,desenvolvimento_e_engenharia_de_produto
3233,53.954212999999996,39.3067937,28.3504361,23.0228811,desenvolvimento_e_engenharia_de_produto
3234,53.2190198,42.4928959,37.8171148,20.8268386,desenvolvimento_e_engenharia_de_produto
3235,51.730321700000005,40.386415199999995,28.6919871,23.6273959,desenvolvimento_e_engenharia_de_produto
3236,57.3784785,45.0761943,37.9736847,28.435995899999998,desenvolvimento_e_engenharia_de_produto
3237,44.9975037,47.1762244,40.8983296,34.1426281,desenvolvimento_e_engenharia_de_produto
3238,47.0533514,43.8282332,45.315670000000004,35.9419816,desenvolvimento_e_engenharia_de_produto
3239,68.156078,35.1969402,31.8269307,24.6032545,desenvolvimento_e_engenharia_de_produto
3240,60.4965876,36.2245304,27.4069371,27.6472171,desenvolvimento_e_engenharia_de_produto
3241,55.7494473,34.3938903,32.682997,21.4273172,desenvolvimento_e_engenharia_de_produto
3242,60.4965876,36.2245304,27.4069371,27.6472171,desenvolvimento_e_engenharia_de_produto
3243,55.7494473,34.3938903,32.682997,21.4273172,desenvolvimento_e_engenharia_de_produto
3244,60.4965876,36.2245304,27.4069371,27.6472171,desenvolvimento_e_engenharia_de_produto
3245,55.7494473,34.3938903,32.682997,21.4273172,desenvolvimento_e_engenharia_de_produto
3246,60.4965876,36.2245304,27.4069371,27.6472171,desenvolvimento_e_engenharia_de_produto
3247,55.7494473,34.3938903,32.682997,21.4273172,desenvolvimento_e_engenharia_de_produto
3248,60.4965876,36.2245304,27.4069371,27.6472171,desenvolvimento_e_engenharia_de_produto
3249,55.7494473,34.3938903,32.682997,21.4273172,desenvolvimento_e_engenharia_de_produto
3250,60.4965876,36.2245304,27.4069371,27.6472171,desenvolvimento_e_engenharia_de_produto
3251,55.7494473,34.3938903,32.682997,21.4273172,desenvolvimento_e_engenharia_de_produto
3252,60.4965876,36.2245304,27.4069371,27.6472171,desenvolvimento_e_engenharia_de_produto
3253,55.7494473,34.3938903,32.682997,21.4273172,desenvolvimento_e_engenharia_de_produto
3254,60.4965876,36.2245304,27.4069371,27.6472171,desenvolvimento_e_engenharia_de_produto
3255,55.7494473,34.3938903,32.682997,21.4273172,desenvolvimento_e_engenharia_de_produto
3256,60.4965876,36.2245304,27.4069371,27.6472171,desenvolvimento_e_engenharia_de_produto
3257,55.7494473,34.3938903,32.682997,21.4273172,desenvolvimento_e_engenharia_de_produto
3258,60.4965876,36.2245304,27.4069371,27.6472171,desenvolvimento_e_engenharia_de_produto
3259,55.7494473,34.3938903,32.682997,21.4273172,desenvolvimento_e_engenharia_de_produto
3260,60.4965876,36.2245304,27.4069371,27.6472171,desenvolvimento_e_engenharia_de_produto
3261,55.7494473,34.3938903,32.682997,21.4273172,desenvolvimento_e_engenharia_de_produto
3262,60.4965876,36.2245304,27.4069371,27.6472171,desenvolvimento_e_engenharia_de_produto
3263,55.7494473,34.3938903,32.682997,21.4273172,desenvolvimento_e_engenharia_de_produto
3264,60.4965876,36.2245304,27.4069371,27.6472171,desenvolvimento_e_engenharia_de_produto
3265,55.7494473,34.3938903,32.682997,21.4273172,desenvolvimento_e_engenharia_de_produto
3266,60.4965876,36.2245304,27.4069371,27.6472171,desenvolvimento_e_engenharia_de_produto
3267,55.7494473,34.3938903,32.682997,21.4273172,desenvolvimento_e_engenharia_de_produto
3268,60.4965876,36.2245304,27.4069371,27.6472171,desenvolvimento_e_engenharia_de_produto
3269,55.7494473,34.3938903,32.682997,21.4273172,desenvolvimento_e_engenharia_de_produto
3270,60.4965876,36.2245304,27.4069371,27.6472171,desenvolvimento_e_engenharia_de_produto
3271,55.7494473,34.3938903,32.682997,21.4273172,desenvolvimento_e_engenharia_de_produto
3272,60.4965876,36.2245304,27.4069371,27.6472171,desenvolvimento_e_engenharia_de_produto
3273,55.7494473,34.3938903,32.682997,21.4273172,desenvolvimento_e_engenharia_de_produto
3274,60.4965876,36.2245304,27.4069371,27.6472171,desenvolvimento_e_engenharia_de_produto
3275,55.7494473,34.3938903,32.682997,21.4273172,desenvolvimento_e_engenharia_de_produto
3276,60.4965876,36.2245304,27.4069371,27.6472171,desenvolvimento_e_engenharia_de_produto
3277,55.7494473,34.3938903,32.682997,21.4273172,desenvolvimento_e_engenharia_de_produto
3278,60.4965876,36.2245304,27.4069371,27.6472171,desenvolvimento_e_engenharia_de_produto
3279,55.7494473,34.3938903,32.682997,21.4273172,desenvolvimento_e_engenharia_de_produto
3280,60.4965876,36.2245304,27.4069371,27.6472171,desenvolvimento_e_engenharia_de_produto
3281,55.7494473,34.3938903,32.682997,21.4273172,desenvolvimento_e_engenharia_de_produto
3282,60.4965876,36.2245304,27.4069371,27.6472171,desenvolvimento_e_engenharia_de_produto
3283,55.7494473,34.3938903,32.682997,21.4273172,desenvolvimento_e_engenharia_de_produto
3284,60.4965876,36.2245304,27.4069371,27.6472171,desenvolvimento_e_engenharia_de_produto
3285,55.7494473,34.3938903,32.682997,21.4273172,desenvolvimento_e_engenharia_de_produto
3286,60.4965876,36.2245304,27.4069371,27.6472171,desenvolvimento_e_engenharia_de_produto
3287,55.7494473,34.3938903,32.682997,21.4273172,desenvolvimento_e_engenharia_de_produto
3288,60.4965876,36.2245304,27.4069371,27.6472171,desenvolvimento_e_engenharia_de_produto
3289,55.7494473,34.3938903,32.682997,21.4273172,desenvolvimento_e_engenharia_de_produto
3290,60.4965876,36.2245304,27.4069371,27.6472171,desenvolvimento_e_engenharia_de_produto
3291,55.7494473,34.3938903,32.682997,21.4273172,desenvolvimento_e_engenharia_de_produto
3292,60.4965876,36.2245304,27.4069371,27.6472171,desenvolvimento_e_engenharia_de_produto
3293,55.7494473,34.3938903,32.682997,21.4273172,desenvolvimento_e_engenharia_de_produto
3294,60.4965876,36.2245304,27.4069371,27.6472171,desenvolvimento_e_engenharia_de_produto
3295,55.7494473,34.3938903,32.682997,21.4273172,desenvolvimento_e_engenharia_de_produto
3296,60.4965876,36.2245304,27.4069371,27.6472171,desenvolvimento_e_engenharia_de_produto
3297,55.7494473,34.3938903,32.682997,21.4273172,desenvolvimento_e_engenharia_de_produto
3298,60.4965876,36.2245304,27.4069371,27.6472171,desenvolvimento_e_engenharia_de_produto
3299,55.7494473,34.3938903,32.682997,21.4273172,desenvolvimento_e_engenharia_de_produto
3300,60.4965876,36.2245304,27.4069371,27.6472171,desenvolvimento_e_engenharia_de_produto
3301,55.7494473,34.3938903,32.682997,21.4273172,desenvolvimento_e_engenharia_de_produto
3302,60.4965876,36.2245304,27.4069371,27.6472171,desenvolvimento_e_engenharia_de_produto
3303,55.7494473,34.3938903,32.682997,21.4273172,desenvolvimento_e_engenharia_de_produto
3304,60.4965876,36.2245304,27.4069371,27.6472171,desenvolvimento_e_engenharia_de_produto
3305,55.7494473,34.3938903,32.682997,21.4273172,desenvolvimento_e_engenharia_de_produto
3306,60.4965876,36.2245304,27.4069371,27.6472171,desenvolvimento_e_engenharia_de_produto
3307,55.7494473,34.3938903,32.682997,21.4273172,desenvolvimento_e_engenharia_de_produto
3308,60.4965876,36.2245304,27.4069371,27.6472171,desenvolvimento_e_engenharia_de_produto
3309,55.7494473,34.3938903,32.682997,21.4273172,desenvolvimento_e_engenharia_de_produto
3310,60.4965876,36.2245304,27.4069371,27.6472171,desenvolvimento_e_engenharia_de_produto
3311,55.7494473,34.3938903,32.682997,21.4273172,desenvolvimento_e_engenharia_de_produto
3312,60.4965876,36.2245304,27.4069371,27.6472171,desenvolvimento_e_engenharia_de_produto
3313,55.7494473,34.3938903,32.682997,21.4273172,desenvolvimento_e_engenharia_de_produto
3314,60.4965876,36.2245304,27.4069371,27.6472171,desenvolvimento_e_engenharia_de_produto
3315,55.7494473,34.3938903,32.682997,21.4273172,desenvolvimento_e_engenharia_de_produto
3316,60.4965876,36.2245304,27.4069371,27.6472171,desenvolvimento_e_engenharia_de_produto
3317,55.7494473,34.3938903,32.682997,21.4273172,desenvolvimento_e_engenharia_de_produto
3318,60.4965876,36.2245304,27.4069371,27.6472171,desenvolvimento_e_engenharia_de_produto
3319,55.7494473,34.3938903,32.682997,21.4273172,desenvolvimento_e_engenharia_de_produto
3320,60.4965876,36.2245304,27.4069371,27.6472171,desenvolvimento_e_engenharia_de_produto
3321,55.7494473,34.3938903,32.682997,21.4273172,desenvolvimento_e_engenharia_de_produto
3322,60.4965876,36.2245304,27.4069371,27.6472171,desenvolvimento_e_engenharia_de_produto
3323,55.7494473,34.3938903,32.682997,21.4273172,desenvolvimento_e_engenharia_de_produto
3324,60.4965876,36.2245304,27.4069371,27.6472171,desenvolvimento_e_engenharia_de_produto
3325,55.7494473,34.3938903,32.682997,21.4273172,desenvolvimento_e_engenharia_de_produto
3326,60.4965876,36.2245304,27.4069371,27.6472171,desenvolvimento_e_engenharia_de_produto
3327,55.7494473,34.3938903,32.682997,21.4273172,desenvolvimento_e_engenharia_de_produto
3328,60.4965876,36.2245304,27.4069371,27.6472171,desenvolvimento_e_engenharia_de_produto
3329,55.7494473,34.3938903,32.682997,21.4273172,desenvolvimento_e_engenharia_de_produto
3330,60.4965876,36.2245304,27.4069371,27.6472171,desenvolvimento_e_engenharia_de_produto
3331,55.7494473,34.3938903,32.682997,21.4273172,desenvolvimento_e_engenharia_de_produto
3332,60.4965876,36.2245304,27.4069371,27.6472171,desenvolvimento_e_engenharia_de_produto
3333,55.7494473,34.3938903,32.682997,21.4273172,desenvolvimento_e_engenharia_de_produto
3334,60.4965876,36.2245304,27.4069371,27.6472171,desenvolvimento_e_engenharia_de_produto
3335,55.7494473,34.3938903,32.682997,21.4273172,desenvolvimento_e_engenharia_de_produto
3336,60.4965876,36.2245304,27.4069371,27.6472171,desenvolvimento_e_engenharia_de_produto
3337,55.7494473,34.3938903,32.682997,21.4273172,desenvolvimento_e_engenharia_de_produto
3338,60.4965876,36.2245304,27.4069371,27.6472171,desenvolvimento_e_engenharia_de_produto
3339,55.7494473,34.3938903,32.682997,21.4273172,desenvolvimento_e_engenharia_de_produto
3340,60.4965876,36.2245304,27.4069371,27.6472171,desenvolvimento_e_engenharia_de_produto
3341,55.7494473,34.3938903,32.682997,21.4273172,desenvolvimento_e_engenharia_de_produto
3342,60.4965876,36.2245304,27.4069371,27.6472171,desenvolvimento_e_engenharia_de_produto
3343,55.7494473,34.3938903,32.682997,21.4273172,desenvolvimento_e_engenharia_de_produto
3344,60.4965876,36.2245304,27.4069371,27.6472171,desenvolvimento_e_engenharia_de_produto
3345,55.7494473,34.3938903,32.682997,21.4273172,desenvolvimento_e_engenharia_de_produto
3346,60.4965876,36.2245304,27.4069371,27.6472171,desenvolvimento_e_engenharia_de_produto
3347,55.7494473,34.3938903,32.682997,21.4273172,desenvolvimento_e_engenharia_de_produto
3348,60.4965876,36.2245304,27.4069371,27.6472171,desenvolvimento_e_engenharia_de_produto
3349,55.7494473,34.3938903,32.682997,21.4273172,desenvolvimento_e_engenharia_de_produto
3350,60.4965876,36.2245304,27.4069371,27.6472171,desenvolvimento_e_engenharia_de_produto
3351,55.7494473,34.3938903,32.682997,21.4273172,desenvolvimento_e_engenharia_de_produto
3352,60.4965876,36.2245304,27.4069371,27.6472171,desenvolvimento_e_engenharia_de_produto
3353,55.7494473,34.3938903,32.682997,21.4273172,desenvolvimento_e_engenharia_de_produto
3354,60.4965876,36.2245304,27.4069371,27.6472171,desenvolvimento_e_engenharia_de_produto
3355,55.7494473,34.3938903,32.682997,21.4273172,desenvolvimento_e_engenharia_de_produto
3356,60.4965876,36.2245304,27.4069371,27.6472171,desenvolvimento_e_engenharia_de_produto
3357,55.7494473,34.3938903,32.682997,21.4273172,desenvolvimento_e_engenharia_de_produto
3358,60.4965876,36.2245304,27.4069371,27.6472171,desenvolvimento_e_engenharia_de_produto
3359,55.7494473,34.3938903,32.682997,21.4273172,desenvolvimento_e_engenharia_de_produto
3360,60.4965876,36.2245304,27.4069371,27.6472171,desenvolvimento_e_engenharia_de_produto
3361,55.7494473,34.3938903,32.682997,21.4273172,desenvolvimento_e_engenharia_de_produto
3362,60.4965876,36.2245304,27.4069371,27.6472171,desenvolvimento_e_engenharia_de_produto
3363,55.7494473,34.3938903,32.682997,21.4273172,desenvolvimento_e_engenharia_de_produto
3364,60.4965876,36.2245304,27.4069371,27.6472171,desenvolvimento_e_engenharia_de_produto
3365,55.7494473,34.3938903,32.682997,21.4273172,desenvolvimento_e_engenharia_de_produto
3366,60.4965876,36.2245304,27.4069371,27.6472171,desenvolvimento_e_engenharia_de_produto
3367,55.7494473,34.3938903,32.682997,21.4273172,desenvolvimento_e_engenharia_de_produto
3368,60.4965876,36.2245304,27.4069371,27.6472171,desenvolvimento_e_engenharia_de_produto
3369,55.7494473,34.3938903,32.682997,21.4273172,desenvolvimento_e_engenharia_de_produto
3370,60.4965876,36.2245304,27.4069371,27.6472171,desenvolvimento_e_engenharia_de_produto
3371,55.7494473,34.3938903,32.682997,21.4273172,desenvolvimento_e_engenharia_de_produto
3372,60.4965876,36.2245304,27.4069371,27.6472171,desenvolvimento_e_engenharia_de_produto
3373,55.7494473,34.3938903,32.682997,21.4273172,desenvolvimento_e_engenharia_de_produto
3374,60.4965876,36.2245304,27.4069371,27.6472171,desenvolvimento_e_engenharia_de_produto
3375,55.7494473,34.3938903,32.682997,21.4273172,desenvolvimento_e_engenharia_de_produto
3376,60.4965876,36.2245304,27.4069371,27.6472171,desenvolvimento_e_engenharia_de_produto
3377,55.7494473,34.3938903,32.682997,21.4273172,desenvolvimento_e_engenharia_de_produto
3378,60.4965876,36.2245304,27.4069371,27.6472171,desenvolvimento_e_engenharia_de_produto
3379,55.7494473,34.3938903,32.682997,21.4273172,desenvolvimento_e_engenharia_de_produto
3380,60.4965876,36.2245304,27.4069371,27.6472171,desenvolvimento_e_engenharia_de_produto
3381,55.7494473,34.3938903,32.682997,21.4273172,desenvolvimento_e_engenharia_de_produto
3382,60.4965876,36.2245304,27.4069371,27.6472171,desenvolvimento_e_engenharia_de_produto
3383,55.7494473,34.3938903,32.682997,21.4273172,desenvolvimento_e_engenharia_de_produto
3384,60.4965876,36.2245304,27.4069371,27.6472171,desenvolvimento_e_engenharia_de_produto
3385,55.7494473,34.3938903,32.682997,21.4273172,desenvolvimento_e_engenharia_de_produto
3386,60.4965876,36.2245304,27.4069371,27.6472171,desenvolvimento_e_engenharia_de_produto
3387,55.7494473,34.3938903,32.682997,21.4273172,desenvolvimento_e_engenharia_de_produto
3388,60.4965876,36.2245304,27.4069371,27.6472171,desenvolvimento_e_engenharia_de_produto
3389,55.7494473,34.3938903,32.682997,21.4273172,desenvolvimento_e_engenharia_de_produto
3390,60.4965876,36.2245304,27.4069371,27.6472171,desenvolvimento_e_engenharia_de_produto
3391,55.7494473,34.3938903,32.682997,21.4273172,desenvolvimento_e_engenharia_de_produto
3392,60.4965876,36.2245304,27.4069371,27.6472171,desenvolvimento_e_engenharia_de_produto
3393,55.7494473,34.3938903,32.682997,21.4273172,desenvolvimento_e_engenharia_de_produto
3394,60.4965876,36.2245304,27.4069371,27.6472171,desenvolvimento_e_engenharia_de_produto
3395,55.7494473,34.3938903,32.682997,21.4273172,desenvolvimento_e_engenharia_de_produto
3396,60.4965876,36.2245304,27.4069371,27.6472171,desenvolvimento_e_engenharia_de_produto
3397,55.7494473,34.3938903,32.682997,21.4273172,desenvolvimento_e_engenharia_de_produto
3398,60.4965876,36.2245304,27.4069371,27.6472171,desenvolvimento_e_engenharia_de_produto
3399,55.7494473,34.3938903,32.682997,21.4273172,desenvolvimento_e_engenharia_de_produto
3400,60.4965876,36.2245304,27.4069371,27.6472171,desenvolvimento_e_engenharia_de_produto
3401,55.7494473,34.3938903,32.682997,21.4273172,desenvolvimento_e_engenharia_de_produto
3402,60.4965876,36.2245304,27.4069371,27.6472171,desenvolvimento_e_engenharia_de_produto
3403,55.7494473,34.3938903,32.682997,21.4273172,desenvolvimento_e_engenharia_de_produto
3404,60.4965876,36.2245304,27.4069371,27.6472171,desenvolvimento_e_engenharia_de_produto
3405,55.7494473,34.3938903,32.682997,21.4273172,desenvolvimento_e_engenharia_de_produto
3406,60.4965876,36.2245304,27.4069371,27.6472171,desenvolvimento_e_engenharia_de_produto
3407,55.7494473,34.3938903,32.682997,21.4273172,desenvolvimento_e_engenharia_de_produto
3408,60.4965876,36.2245304,27.4069371,27.6472171,desenvolvimento_e_engenharia_de_produto
3409,55.7494473,34.3938903,32.682997,21.4273172,desenvolvimento_e_engenharia_de_produto
3410,60.4965876,36.2245304,27.4069371,27.6472171,desenvolvimento_e_engenharia_de_produto
3411,55.7494473,34.3938903,32.682997,21.4273172,desenvolvimento_e_engenharia_de_produto
3412,60.4965876,36.2245304,27.4069371,27.6472171,desenvolvimento_e_engenharia_de_produto
3413,55.7494473,34.3938903,32.682997,21.4273172,desenvolvimento_e_engenharia_de_produto
3414,60.4965876,36.2245304,27.4069371,27.6472171,desenvolvimento_e_engenharia_de_produto
3415,55.7494473,34.3938903,32.682997,21.4273172,desenvolvimento_e_engenharia_de_produto
3416,60.4965876,36.2245304,27.4069371,27.6472171,desenvolvimento_e_engenharia_de_produto
3417,55.7494473,34.3938903,32.682997,21.4273172,desenvolvimento_e_engenharia_de_produto
3418,60.4965876,36.2245304,27.4069371,27.6472171,desenvolvimento_e_engenharia_de_produto
3419,55.7494473,34.3938903,32.682997,21.4273172,desenvolvimento_e_engenharia_de_produto
3420,60.4965876,36.2245304,27.4069371,27.6472171,desenvolvimento_e_engenharia_de_produto
3421,55.7494473,34.3938903,32.682997,21.4273172,desenvolvimento_e_engenharia_de_produto
3422,60.4965876,36.2245304,27.4069371,27.6472171,desenvolvimento_e_engenharia_de_produto
3423,55.7494473,34.3938903,32.682997,21.4273172,desenvolvimento_e_engenharia_de_produto
3424,60.4965876,36.2245304,27.4069371,27.6472171,desenvolvimento_e_engenharia_de_produto
3425,55.7494473,34.3938903,32.682997,21.4273172,desenvolvimento_e_engenharia_de_produto
3426,60.4965876,36.2245304,27.4069371,27.6472171,desenvolvimento_e_engenharia_de_produto
3427,55.7494473,34.3938903,32.682997,21.4273172,desenvolvimento_e_engenharia_de_produto
3428,60.4965876,36.2245304,27.4069371,27.6472171,desenvolvimento_e_engenharia_de_produto
3429,55.7494473,34.3938903,32.682997,21.4273172,desenvolvimento_e_engenharia_de_produto
3430,60.4965876,36.2245304,27.4069371,27.6472171,desenvolvimento_e_engenharia_de_produto
3431,55.7494473,34.3938903,32.682997,21.4273172,desenvolvimento_e_engenharia_de_produto
3432,60.4965876,36.2245304,27.4069371,27.6472171,desenvolvimento_e_engenharia_de_produto
3433,55.7494473,34.3938903,32.682997,21.4273172,desenvolvimento_e_engenharia_de_produto
3434,60.4965876,36.2245304,27.4069371,27.6472171,desenvolvimento_e_engenharia_de_produto
3435,55.7494473,34.3938903,32.682997,21.4273172,desenvolvimento_e_engenharia_de_produto
3436,60.4965876,36.2245304,27.4069371,27.6472171,desenvolvimento_e_engenharia_de_produto
3437,55.7494473,34.3938903,32.682997,21.4273172,desenvolvimento_e_engenharia_de_produto
3438,60.4965876,36.2245304,27.4069371,27.6472171,desenvolvimento_e_engenharia_de_produto
3439,55.7494473,34.3938903,32.682997,21.4273172,desenvolvimento_e_engenharia_de_produto
3440,60.4965876,36.2245304,27.4069371,27.6472171,desenvolvimento_e_engenharia_de_produto
3441,55.7494473,34.3938903,32.682997,21.4273172,desenvolvimento_e_engenharia_de_produto
3442,60.4965876,36.2245304,27.4069371,27.6472171,desenvolvimento_e_engenharia_de_produto
3443,55.7494473,34.3938903,32.682997,21.4273172,desenvolvimento_e_engenharia_de_produto
3444,60.4965876,36.2245304,27.4069371,27.6472171,desenvolvimento_e_engenharia_de_produto
3445,55.7494473,34.3938903,32.682997,21.4273172,desenvolvimento_e_engenharia_de_produto
3446,60.4965876,36.2245304,27.4069371,27.6472171,desenvolvimento_e_engenharia_de_produto
3447,55.7494473,34.3938903,32.682997,21.4273172,desenvolvimento_e_engenharia_de_produto
3448,60.4965876,36.2245304,27.4069371,27.6472171,desenvolvimento_e_engenharia_de_produto
3449,55.7494473,34.3938903,32.682997,21.4273172,desenvolvimento_e_engenharia_de_produto
3450,60.4965876,36.2245304,27.4069371,27.6472171,desenvolvimento_e_engenharia_de_produto
3451,55.7494473,34.3938903,32.682997,21.4273172,desenvolvimento_e_engenharia_de_produto
3452,60.4965876,36.2245304,27.4069371,27.6472171,desenvolvimento_e_engenharia_de_produto
3453,55.7494473,34.3938903,32.682997,21.4273172,desenvolvimento_e_engenharia_de_produto
3454,60.4965876,36.2245304,27.4069371,27.6472171,desenvolvimento_e_engenharia_de_produto
3455,55.7494473,34.3938903,32.682997,21.4273172,desenvolvimento_e_engenharia_de_produto
3456,60.4965876,36.2245304,27.4069371,27.6472171,desenvolvimento_e_engenharia_de_produto
3457,55.7494473,34.3938903,32.682997,21.4273172,desenvolvimento_e_engenharia_de_produto
3458,60.4965876,36.2245304,27.4069371,27.6472171,desenvolvimento_e_engenharia_de_produto
3459,55.7494473,34.3938903,32.682997,21.4273172,desenvolvimento_e_engenharia_de_produto
3460,60.4965876,36.2245304,27.4069371,27.6472171,desenvolvimento_e_engenharia_de_produto
3461,55.7494473,34.3938903,32.682997,21.4273172,desenvolvimento_e_engenharia_de_produto
3462,60.4965876,36.2245304,27.4069371,27.6472171,desenvolvimento_e_engenharia_de_produto
3463,55.7494473,34.3938903,32.682997,21.4273172,desenvolvimento_e_engenharia_de_produto
3464,60.4965876,36.2245304,27.4069371,27.6472171,desenvolvimento_e_engenharia_de_produto
3465,55.7494473,34.3938903,32.682997,21.4273172,desenvolvimento_e_engenharia_de_produto
3466,60.4965876,36.2245304,27.4069371,27.6472171,desenvolvimento_e_engenharia_de_produto
3467,55.7494473,34.3938903,32.682997,21.4273172,desenvolvimento_e_engenharia_de_produto
3468,60.4965876,36.2245304,27.4069371,27.6472171,desenvolvimento_e_engenharia_de_produto
3469,55.7494473,34.3938903,32.682997,21.4273172,desenvolvimento_e_engenharia_de_produto
3470,60.4965876,36.2245304,27.4069371,27.6472171,desenvolvimento_e_engenharia_de_produto
3471,55.7494473,34.3938903,32.682997,21.4273172,desenvolvimento_e_engenharia_de_produto
3472,60.4965876,36.2245304,27.4069371,27.6472171,desenvolvimento_e_engenharia_de_produto
3473,55.7494473,34.3938903,32.682997,21.4273172,desenvolvimento_e_engenharia_de_produto
3474,60.4965876,36.2245304,27.4069371,27.6472171,desenvolvimento_e_engenharia_de_produto
3475,55.7494473,34.3938903,32.682997,21.4273172,desenvolvimento_e_engenharia_de_produto
3476,60.4965876,36.2245304,27.4069371,27.6472171,desenvolvimento_e_engenharia_de_produto
3477,55.7494473,34.3938903,32.682997,21.4273172,desenvolvimento_e_engenharia_de_produto
3478,60.4965876,36.2245304,27.4069371,27.6472171,desenvolvimento_e_engenharia_de_produto
3479,55.7494473,34.3938903,32.682997,21.4273172,desenvolvimento_e_engenharia_de_produto
3480,60.4965876,36.2245304,27.4069371,27.6472171,desenvolvimento_e_engenharia_de_produto
3481,55.7494473,34.3938903,32.682997,21.4273172,desenvolvimento_e_engenharia_de_produto
3482,60.4965876,36.2245304,27.4069371,27.6472171,desenvolvimento_e_engenharia_de_produto
3483,55.7494473,34.3938903,32.682997,21.4273172,desenvolvimento_e_engenharia_de_produto
3484,60.4965876,36.2245304,27.4069371,27.6472171,desenvolvimento_e_engenharia_de_produto
3485,55.7494473,34.3938903,32.682997,21.4273172,desenvolvimento_e_engenharia_de_produto
3486,60.4965876,36.2245304,27.4069371,27.6472171,desenvolvimento_e_engenharia_de_produto
3487,55.7494473,34.3938903,32.682997,21.4273172,desenvolvimento_e_engenharia_de_produto
3488,60.4965876,36.2245304,27.4069371,27.6472171,desenvolvimento_e_engenharia_de_produto
3489,55.7494473,34.3938903,32.682997,21.4273172,desenvolvimento_e_engenharia_de_produto
3490,60.4965876,36.2245304,27.4069371,27.6472171,desenvolvimento_e_engenharia_de_produto
3491,55.7494473,34.3938903,32.682997,21.4273172,desenvolvimento_e_engenharia_de_produto
3492,60.4965876,36.2245304,27.4069371,27.6472171,desenvolvimento_e_engenharia_de_produto
3493,55.7494473,34.3938903,32.682997,21.4273172,desenvolvimento_e_engenharia_de_produto
3494,60.4965876,36.2245304,27.4069371,27.6472171,desenvolvimento_e_engenharia_de_produto
3495,55.7494473,34.3938903,32.682997,21.4273172,desenvolvimento_e_engenharia_de_produto
3496,60.4965876,36.2245304,27.4069371,27.6472171,desenvolvimento_e_engenharia_de_produto
3497,55.7494473,34.3938903,32.682997,21.4273172,desenvolvimento_e_engenharia_de_produto
3498,60.4965876,36.2245304,27.4069371,27.6472171,desenvolvimento_e_engenharia_de_produto
3499,55.7494473,34.3938903,32.682997,21.4273172,desenvolvimento_e_engenharia_de_produto
3500,60.4965876,36.2245304,27.4069371,27.6472171,desenvolvimento_e_engenharia_de_produto
3501,55.7494473,34.3938903,32.682997,21.4273172,desenvolvimento_e_engenharia_de_produto
3502,60.4965876,36.2245304,27.4069371,27.6472171,desenvolvimento_e_engenharia_de_produto
3503,55.7494473,34.3938903,32.682997,21.4273172,desenvolvimento_e_engenharia_de_produto
3504,60.4965876,36.2245304,27.4069371,27.6472171,desenvolvimento_e_engenharia_de_produto
3505,55.7494473,34.3938903,32.682997,21.4273172,desenvolvimento_e_engenharia_de_produto
3506,60.4965876,36.2245304,27.4069371,27.6472171,desenvolvimento_e_engenharia_de_produto
3507,55.7494473,34.3938903,32.682997,21.4273172,desenvolvimento_e_engenharia_de_produto
3508,60.4965876,36.2245304,27.4069371,27.6472171,desenvolvimento_e_engenharia_de_produto
3509,55.7494473,34.3938903,32.682997,21.4273172,desenvolvimento_e_engenharia_de_produto
3510,60.4965876,36.2245304,27.4069371,27.6472171,desenvolvimento_e_engenharia_de_produto
3511,55.7494473,34.3938903,32.682997,21.4273172,desenvolvimento_e_engenharia_de_produto
3512,60.4965876,36.2245304,27.4069371,27.6472171,desenvolvimento_e_engenharia_de_produto
3513,55.7494473,34.3938903,32.682997,21.4273172,desenvolvimento_e_engenharia_de_produto
3514,60.4965876,36.2245304,27.4069371,27.6472171,desenvolvimento_e_engenharia_de_produto
3515,55.7494473,34.3938903,32.682997,21.4273172,desenvolvimento_e_engenharia_de_produto
3516,60.4965876,36.2245304,27.4069371,27.6472171,desenvolvimento_e_engenharia_de_produto
3517,55.7494473,34.3938903,32.682997,21.4273172,desenvolvimento_e_engenharia_de_produto
3518,60.4965876,36.2245304,27.4069371,27.6472171,desenvolvimento_e_engenharia_de_produto
3519,55.7494473,34.3938903,32.682997,21.4273172,desenvolvimento_e_engenharia_de_produto
3520,60.4965876,36.2245304,27.4069371,27.6472171,desenvolvimento_e_engenharia_de_produto
3521,55.7494473,34.3938903,32.682997,21.4273172,desenvolvimento_e_engenharia_de_produto
3522,60.4965876,36.2245304,27.4069371,27.6472171,desenvolvimento_e_engenharia_de_produto
3523,55.7494473,34.3938903,32.682997,21.4273172,desenvolvimento_e_engenharia_de_produto
3524,60.4965876,36.2245304,27.4069371,27.6472171,desenvolvimento_e_engenharia_de_produto
3525,55.7494473,34.3938903,32.682997,21.4273172,desenvolvimento_e_engenharia_de_produto
3526,60.4965876,36.2245304,27.4069371,27.6472171,desenvolvimento_e_engenharia_de_produto
3527,55.7494473,34.3938903,32.682997,21.4273172,desenvolvimento_e_engenharia_de_produto
3528,60.4965876,36.2245304,27.4069371,27.6472171,desenvolvimento_e_engenharia_de_produto
3529,55.7494473,34.3938903,32.682997,21.4273172,desenvolvimento_e_engenharia_de_produto
3530,60.4965876,36.2245304,27.4069371,27.6472171,desenvolvimento_e_engenharia_de_produto
3531,55.7494473,34.3938903,32.682997,21.4273172,desenvolvimento_e_engenharia_de_produto
3532,60.4965876,36.2245304,27.4069371,27.6472171,desenvolvimento_e_engenharia_de_produto
3533,55.7494473,34.3938903,32.682997,21.4273172,desenvolvimento_e_engenharia_de_produto
3534,60.4965876,36.2245304,27.4069371,27.6472171,desenvolvimento_e_engenharia_de_produto
3535,55.7494473,34.3938903,32.682997,21.4273172,desenvolvimento_e_engenharia_de_produto
3536,60.4965876,36.2245304,27.4069371,27.6472171,desenvolvimento_e_engenharia_de_produto
3537,55.7494473,34.3938903,32.682997,21.4273172,desenvolvimento_e_engenharia_de_produto
3538,60.4965876,36.2245304,27.4069371,27.6472171,desenvolvimento_e_engenharia_de_produto
3539,55.7494473,34.3938903,32.682997,21.4273172,desenvolvimento_e_engenharia_de_produto
3540,60.4965876,36.2245304,27.4069371,27.6472171,desenvolvimento_e_engenharia_de_produto
3541,55.7494473,34.3938903,32.682997,21.4273172,desenvolvimento_e_engenharia_de_produto
3542,60.4965876,36.2245304,27.4069371,27.6472171,desenvolvimento_e_engenharia_de_produto
3543,55.7494473,34.3938903,32.682997,21.4273172,desenvolvimento_e_engenharia_de_produto
3544,60.4965876,36.2245304,27.4069371,27.6472171,desenvolvimento_e_engenharia_de_produto
3545,55.7494473,34.3938903,32.682997,21.4273172,desenvolvimento_e_engenharia_de_produto
3546,60.4965876,36.2245304,27.4069371,27.6472171,desenvolvimento_e_engenharia_de_produto
3547,55.7494473,34.3938903,32.682997,21.4273172,desenvolvimento_e_engenharia_de_produto
3548,60.4965876,36.2245304,27.4069371,27.6472171,desenvolvimento_e_engenharia_de_produto
3549,55.7494473,34.3938903,32.682997,21.4273172,desenvolvimento_e_engenharia_de_produto
3550,60.4965876,36.2245304,27.4069371,27.6472171,desenvolvimento_e_engenharia_de_produto
3551,55.7494473,34.3938903,32.682997,21.4273172,desenvolvimento_e_engenharia_de_produto
3552,60.4965876,36.2245304,27.4069371,27.6472171,desenvolvimento_e_engenharia_de_produto
3553,55.7494473,34.3938903,32.682997,21.4273172,desenvolvimento_e_engenharia_de_produto
3554,60.4965876,36.2245304,27.4069371,27.6472171,desenvolvimento_e_engenharia_de_produto
3555,55.7494473,34.3938903,32.682997,21.4273172,desenvolvimento_e_engenharia_de_produto
3556,60.4965876,36.2245304,27.4069371,27.6472171,desenvolvimento_e_engenharia_de_produto
3557,55.7494473,34.3938903,32.682997,21.4273172,desenvolvimento_e_engenharia_de_produto
3558,60.4965876,36.2245304,27.4069371,27.6472171,desenvolvimento_e_engenharia_de_produto
3559,55.7494473,34.3938903,32.682997,21.4273172,desenvolvimento_e_engenharia_de_produto
3560,60.4965876,36.2245304,27.4069371,27.6472171,desenvolvimento_e_engenharia_de_produto
3561,55.7494473,34.3938903,32.682997,21.4273172,desenvolvimento_e_engenharia_de_produto
3562,60.4965876,36.2245304,27.4069371,27.6472171,desenvolvimento_e_engenharia_de_produto
3563,55.7494473,34.3938903,32.682997,21.4273172,desenvolvimento_e_engenharia_de_produto
3564,60.4965876,36.2245304,27.4069371,27.6472171,desenvolvimento_e_engenharia_de_produto
3565,55.7494473,34.3938903,32.682997,21.4273172,desenvolvimento_e_engenharia_de_produto
3566,60.4965876,36.2245304,27.4069371,27.6472171,desenvolvimento_e_engenharia_de_produto
3567,55.7494473,34.3938903,32.682997,21.4273172,desenvolvimento_e_engenharia_de_produto
3568,60.4965876,36.2245304,27.4069371,27.6472171,desenvolvimento_e_engenharia_de_produto
3569,55.7494473,34.3938903,32.682997,21.4273172,desenvolvimento_e_engenharia_de_produto
3570,60.4965876,36.2245304,27.4069371,27.6472171,desenvolvimento_e_engenharia_de_produto
3571,55.7494473,34.3938903,32.682997,21.4273172,desenvolvimento_e_engenharia_de_produto
3572,60.4965876,36.2245304,27.4069371,27.6472171,desenvolvimento_e_engenharia_de_produto
3573,55.7494473,34.3938903,32.682997,21.4273172,desenvolvimento_e_engenharia_de_produto
3574,60.4965876,36.2245304,27.4069371,27.6472171,desenvolvimento_e_engenharia_de_produto
3575,55.7494473,34.3938903,32.682997,21.4273172,desenvolvimento_e_engenharia_de_produto
3576,60.4965876,36.2245304,27.4069371,27.6472171,desenvolvimento_e_engenharia_de_produto
3577,55.7494473,34.3938903,32.682997,21.4273172,desenvolvimento_e_engenharia_de_produto
3578,60.4965876,36.2245304,27.4069371,27.6472171,desenvolvimento_e_engenharia_de_produto
3579,55.7494473,34.3938903,32.682997,21.4273172,desenvolvimento_e_engenharia_de_produto
3580,60.4965876,36.2245304,27.4069371,27.6472171,desenvolvimento_e_engenharia_de_produto
3581,55.7494473,34.3938903,32.682997,21.4273172,desenvolvimento_e_engenharia_de_produto
3582,60.4965876,36.2245304,27.4069371,27.6472171,desenvolvimento_e_engenharia_de_produto
3583,55.7494473,34.3938903,32.682997,21.4273172,desenvolvimento_e_engenharia_de_produto
3584,60.4965876,36.2245304,27.4069371,27.6472171,desenvolvimento_e_engenharia_de_produto
3585,55.7494473,34.3938903,32.682997,21.4273172,desenvolvimento_e_engenharia_de_produto
3586,60.4965876,36.2245304,27.4069371,27.6472171,desenvolvimento_e_engenharia_de_produto
3587,55.7494473,34.3938903,32.682997,21.4273172,desenvolvimento_e_engenharia_de_produto
3588,60.4965876,36.2245304,27.4069371,27.6472171,desenvolvimento_e_engenharia_de_produto
3589,55.7494473,34.3938903,32.682997,21.4273172,desenvolvimento_e_engenharia_de_produto
3590,60.4965876,36.2245304,27.4069371,27.6472171,desenvolvimento_e_engenharia_de_produto
3591,55.7494473,34.3938903,32.682997,21.4273172,desenvolvimento_e_engenharia_de_produto
3592,60.4965876,36.2245304,27.4069371,27.6472171,desenvolvimento_e_engenharia_de_produto
3593,55.7494473,34.3938903,32.682997,21.4273172,desenvolvimento_e_engenharia_de_produto
3594,60.4965876,36.2245304,27.4069371,27.6472171,desenvolvimento_e_engenharia_de_produto
3595,55.7494473,34.3938903,32.682997,21.4273172,desenvolvimento_e_engenharia_de_produto
3596,60.4965876,36.2245304,27.4069371,27.6472171,desenvolvimento_e_engenharia_de_produto
3597,55.7494473,34.3938903,32.682997,21.4273172,desenvolvimento_e_engenharia_de_produto
3598,60.4965876,36.2245304,27.4069371,27.6472171,desenvolvimento_e_engenharia_de_produto
3599,55.7494473,34.3938903,32.682997,21.4273172,desenvolvimento_e_engenharia_de_produto
3600,60.4965876,36.2245304,27.4069371,27.6472171,desenvolvimento_e_engenharia_de_produto
3601,55.7494473,34.3938903,32.682997,21.4273172,desenvolvimento_e_engenharia_de_produto
3602,60.4965876,36.2245304,27.4069371,27.6472171,desenvolvimento_e_engenharia_de_produto
3603,55.7494473,34.3938903,32.682997,21.4273172,desenvolvimento_e_engenharia_de_produto
3604,60.4965876,36.2245304,27.4069371,27.6472171,desenvolvimento_e_engenharia_de_produto
3605,55.7494473,34.3938903,32.682997,21.4273172,desenvolvimento_e_engenharia_de_produto
3606,60.4965876,36.2245304,27.4069371,27.6472171,desenvolvimento_e_engenharia_de_produto
3607,55.7494473,34.3938903,32.682997,21.4273172,desenvolvimento_e_engenharia_de_produto
3608,60.4965876,36.2245304,27.4069371,27.6472171,desenvolvimento_e_engenharia_de_produto
3609,55.7494473,34.3938903,32.682997,21.4273172,desenvolvimento_e_engenharia_de_produto
3610,60.4965876,36.2245304,27.4069371,27.6472171,desenvolvimento_e_engenharia_de_produto
3611,55.7494473,34.3938903,32.682997,21.4273172,desenvolvimento_e_engenharia_de_produto
3612,60.4965876,36.2245304,27.4069371,27.6472171,desenvolvimento_e_engenharia_de_produto
3613,55.7494473,34.3938903,32.682997,21.4273172,desenvolvimento_e_engenharia_de_produto
3614,60.4965876,36.2245304,27.4069371,27.6472171,desenvolvimento_e_engenharia_de_produto
3615,55.7494473,34.3938903,32.682997,21.4273172,desenvolvimento_e_engenharia_de_produto
3616,60.4965876,36.2245304,27.4069371,27.6472171,desenvolvimento_e_engenharia_de_produto
3617,55.7494473,34.3938903,32.682997,21.4273172,desenvolvimento_e_engenharia_de_produto
3618,60.4965876,36.2245304,27.4069371,27.6472171,desenvolvimento_e_engenharia_de_produto
3619,55.7494473,34.3938903,32.682997,21.4273172,desenvolvimento_e_engenharia_de_produto
3620,60.4965876,36.2245304,27.4069371,27.6472171,desenvolvimento_e_engenharia_de_produto
3621,55.7494473,34.3938903,32.682997,21.4273172,desenvolvimento_e_engenharia_de_produto
3622,60.4965876,36.2245304,27.4069371,27.6472171,desenvolvimento_e_engenharia_de_produto
3623,55.7494473,34.3938903,32.682997,21.4273172,desenvolvimento_e_engenharia_de_produto
3624,60.4965876,36.2245304,27.4069371,27.6472171,desenvolvimento_e_engenharia_de_produto
3625,55.7494473,34.3938903,32.682997,21.4273172,desenvolvimento_e_engenharia_de_produto
3626,60.4965876,36.2245304,27.4069371,27.6472171,desenvolvimento_e_engenharia_de_produto
3627,55.7494473,34.3938903,32.682997,21.4273172,desenvolvimento_e_engenharia_de_produto
3628,60.4965876,36.2245304,27.4069371,27.6472171,desenvolvimento_e_engenharia_de_produto
3629,55.7494473,34.3938903,32.682997,21.4273172,desenvolvimento_e_engenharia_de_produto
3630,60.4965876,36.2245304,27.4069371,27.6472171,desenvolvimento_e_engenharia_de_produto
3631,55.7494473,34.3938903,32.682997,21.4273172,desenvolvimento_e_engenharia_de_produto
3632,60.4965876,36.2245304,27.4069371,27.6472171,desenvolvimento_e_engenharia_de_produto
3633,55.7494473,34.3938903,32.682997,21.4273172,desenvolvimento_e_engenharia_de_produto
3634,60.4965876,36.2245304,27.4069371,27.6472171,desenvolvimento_e_engenharia_de_produto
3635,55.7494473,34.3938903,32.682997,21.4273172,desenvolvimento_e_engenharia_de_produto
3636,60.4965876,36.2245304,27.4069371,27.6472171,desenvolvimento_e_engenharia_de_produto
3637,55.7494473,34.3938903,32.682997,21.4273172,desenvolvimento_e_engenharia_de_produto
3638,60.4965876,36.2245304,27.4069371,27.6472171,desenvolvimento_e_engenharia_de_produto
3639,55.7494473,34.3938903,32.682997,21.4273172,desenvolvimento_e_engenharia_de_produto
3640,60.4965876,36.2245304,27.4069371,27.6472171,desenvolvimento_e_engenharia_de_produto
3641,55.7494473,34.3938903,32.682997,21.4273172,desenvolvimento_e_engenharia_de_produto
3642,60.4965876,36.2245304,27.4069371,27.6472171,desenvolvimento_e_engenharia_de_produto
3643,55.7494473,34.3938903,32.682997,21.4273172,desenvolvimento_e_engenharia_de_produto
3644,60.4965876,36.2245304,27.4069371,27.6472171,desenvolvimento_e_engenharia_de_produto
3645,55.7494473,34.3938903,32.682997,21.4273172,desenvolvimento_e_engenharia_de_produto
3646,60.4965876,36.2245304,27.4069371,27.6472171,desenvolvimento_e_engenharia_de_produto
3647,55.7494473,34.3938903,32.682997,21.4273172,desenvolvimento_e_engenharia_de_produto
3648,60.4965876,36.2245304,27.4069371,27.6472171,desenvolvimento_e_engenharia_de_produto
3649,55.7494473,34.3938903,32.682997,21.4273172,desenvolvimento_e_engenharia_de_produto
3650,60.4965876,36.2245304,27.4069371,27.6472171,desenvolvimento_e_engenharia_de_produto
3651,55.7494473,34.3938903,32.682997,21.4273172,desenvolvimento_e_engenharia_de_produto
3652,60.4965876,36.2245304,27.4069371,27.6472171,desenvolvimento_e_engenharia_de_produto
3653,55.7494473,34.3938903,32.682997,21.4273172,desenvolvimento_e_engenharia_de_produto
3654,60.4965876,36.2245304,27.4069371,27.6472171,desenvolvimento_e_engenharia_de_produto
3655,55.7494473,34.3938903,32.682997,21.4273172,desenvolvimento_e_engenharia_de_produto
3656,60.4965876,36.2245304,27.4069371,27.6472171,desenvolvimento_e_engenharia_de_produto
3657,55.7494473,34.3938903,32.682997,21.4273172,desenvolvimento_e_engenharia_de_produto
3658,60.4965876,36.2245304,27.4069371,27.6472171,desenvolvimento_e_engenharia_de_produto
3659,55.7494473,34.3938903,32.682997,21.4273172,desenvolvimento_e_engenharia_de_produto
3660,60.4965876,36.2245304,27.4069371,27.6472171,desenvolvimento_e_engenharia_de_produto
3661,55.7494473,34.3938903,32.682997,21.4273172,desenvolvimento_e_engenharia_de_produto
3662,60.4965876,36.2245304,27.4069371,27.6472171,desenvolvimento_e_engenharia_de_produto
3663,55.7494473,34.3938903,32.682997,21.4273172,desenvolvimento_e_engenharia_de_produto
3664,60.4965876,36.2245304,27.4069371,27.6472171,desenvolvimento_e_engenharia_de_produto
3665,55.7494473,34.3938903,32.682997,21.4273172,desenvolvimento_e_engenharia_de_produto
3666,60.4965876,36.2245304,27.4069371,27.6472171,desenvolvimento_e_engenharia_de_produto
3667,55.7494473,34.3938903,32.682997,21.4273172,desenvolvimento_e_engenharia_de_produto
3668,60.4965876,36.2245304,27.4069371,27.6472171,desenvolvimento_e_engenharia_de_produto
3669,55.7494473,34.3938903,32.682997,21.4273172,desenvolvimento_e_engenharia_de_produto
3670,60.4965876,36.2245304,27.4069371,27.6472171,desenvolvimento_e_engenharia_de_produto
3671,55.7494473,34.3938903,32.682997,21.4273172,desenvolvimento_e_engenharia_de_produto
3672,60.4965876,36.2245304,27.4069371,27.6472171,desenvolvimento_e_engenharia_de_produto
3673,55.7494473,34.3938903,32.682997,21.4273172,desenvolvimento_e_engenharia_de_produto
3674,60.4965876,36.2245304,27.4069371,27.6472171,desenvolvimento_e_engenharia_de_produto
3675,55.7494473,34.3938903,32.682997,21.4273172,desenvolvimento_e_engenharia_de_produto
3676,60.4965876,36.2245304,27.4069371,27.6472171,desenvolvimento_e_engenharia_de_produto
3677,55.7494473,34.3938903,32.682997,21.4273172,desenvolvimento_e_engenharia_de_produto
3678,60.4965876,36.2245304,27.4069371,27.6472171,desenvolvimento_e_engenharia_de_produto
3679,55.7494473,34.3938903,32.682997,21.4273172,desenvolvimento_e_engenharia_de_produto
3680,60.4965876,36.2245304,27.4069371,27.6472171,desenvolvimento_e_engenharia_de_produto
3681,55.7494473,34.3938903,32.682997,21.4273172,desenvolvimento_e_engenharia_de_produto
3682,60.4965876,36.2245304,27.4069371,27.6472171,desenvolvimento_e_engenharia_de_produto
3683,55.7494473,34.3938903,32.682997,21.4273172,desenvolvimento_e_engenharia_de_produto
3684,60.4965876,36.2245304,27.4069371,27.6472171,desenvolvimento_e_engenharia_de_produto
3685,55.7494473,34.3938903,32.682997,21.4273172,desenvolvimento_e_engenharia_de_produto
3686,60.4965876,36.2245304,27.4069371,27.6472171,desenvolvimento_e_engenharia_de_produto
3687,55.7494473,34.3938903,32.682997,21.4273172,desenvolvimento_e_engenharia_de_produto
3688,60.4965876,36.2245304,27.4069371,27.6472171,desenvolvimento_e_engenharia_de_produto
3689,55.7494473,34.3938903,32.682997,21.4273172,desenvolvimento_e_engenharia_de_produto
3690,60.4965876,36.2245304,27.4069371,27.6472171,desenvolvimento_e_engenharia_de_produto
3691,55.7494473,34.3938903,32.682997,21.4273172,desenvolvimento_e_engenharia_de_produto
3692,60.4965876,36.2245304,27.4069371,27.6472171,desenvolvimento_e_engenharia_de_produto
3693,55.7494473,34.3938903,32.682997,21.4273172,desenvolvimento_e_engenharia_de_produto
3694,60.4965876,36.2245304,27.4069371,27.6472171,desenvolvimento_e_engenharia_de_produto
3695,55.7494473,34.3938903,32.682997,21.4273172,desenvolvimento_e_engenharia_de_produto
3696,60.4965876,36.2245304,27.4069371,27.6472171,desenvolvimento_e_engenharia_de_produto
3697,55.7494473,34.3938903,32.682997,21.4273172,desenvolvimento_e_engenharia_de_produto
3698,60.4965876,36.2245304,27.4069371,27.6472171,desenvolvimento_e_engenharia_de_produto
3699,55.7494473,34.3938903,32.682997,21.4273172,desenvolvimento_e_engenharia_de_produto
3700,60.4965876,36.2245304,27.4069371,27.6472171,desenvolvimento_e_engenharia_de_produto
3701,55.7494473,34.3938903,32.682997,21.4273172,desenvolvimento_e_engenharia_de_produto
3702,60.4965876,36.2245304,27.4069371,27.6472171,desenvolvimento_e_engenharia_de_produto
3703,55.7494473,34.3938903,32.682997,21.4273172,desenvolvimento_e_engenharia_de_produto
3704,60.4965876,36.2245304,27.4069371,27.6472171,desenvolvimento_e_engenharia_de_produto
3705,55.7494473,34.3938903,32.682997,21.4273172,desenvolvimento_e_engenharia_de_produto
3706,60.4965876,36.2245304,27.4069371,27.6472171,desenvolvimento_e_engenharia_de_produto
3707,55.7494473,34.3938903,32.682997,21.4273172,desenvolvimento_e_engenharia_de_produto
3708,60.4965876,36.2245304,27.4069371,27.6472171,desenvolvimento_e_engenharia_de_produto
3709,55.7494473,34.3938903,32.682997,21.4273172,desenvolvimento_e_engenharia_de_produto
3710,60.4965876,36.2245304,27.4069371,27.6472171,desenvolvimento_e_engenharia_de_produto
3711,55.7494473,34.3938903,32.682997,21.4273172,desenvolvimento_e_engenharia_de_produto
3712,60.4965876,36.2245304,27.4069371,27.6472171,desenvolvimento_e_engenharia_de_produto
3713,55.7494473,34.3938903,32.682997,21.4273172,desenvolvimento_e_engenharia_de_produto
3714,60.4965876,36.2245304,27.4069371,27.6472171,desenvolvimento_e_engenharia_de_produto
3715,55.7494473,34.3938903,32.682997,21.4273172,desenvolvimento_e_engenharia_de_produto
3716,60.4965876,36.2245304,27.4069371,27.6472171,desenvolvimento_e_engenharia_de_produto
3717,55.7494473,34.3938903,32.682997,21.4273172,desenvolvimento_e_engenharia_de_produto
3718,60.4965876,36.2245304,27.4069371,27.6472171,desenvolvimento_e_engenharia_de_produto
3719,55.7494473,34.3938903,32.682997,21.4273172,desenvolvimento_e_engenharia_de_produto
3720,60.4965876,36.2245304,27.4069371,27.6472171,desenvolvimento_e_engenharia_de_produto
3721,55.7494473,34.3938903,32.682997,21.4273172,desenvolvimento_e_engenharia_de_produto
3722,60.4965876,36.2245304,27.4069371,27.6472171,desenvolvimento_e_engenharia_de_produto
3723,55.7494473,34.3938903,32.682997,21.4273172,desenvolvimento_e_engenharia_de_produto
3724,60.4965876,36.2245304,27.4069371,27.6472171,desenvolvimento_e_engenharia_de_produto
3725,55.7494473,34.3938903,32.682997,21.4273172,desenvolvimento_e_engenharia_de_produto
3726,60.4965876,36.2245304,27.4069371,27.6472171,desenvolvimento_e_engenharia_de_produto
3727,55.7494473,34.3938903,32.682997,21.4273172,desenvolvimento_e_engenharia_de_produto
3728,60.4965876,36.2245304,27.4069371,27.6472171,desenvolvimento_e_engenharia_de_produto
3729,55.7494473,34.3938903,32.682997,21.4273172,desenvolvimento_e_engenharia_de_produto
3730,60.4965876,36.2245304,27.4069371,27.6472171,desenvolvimento_e_engenharia_de_produto
3731,55.7494473,34.3938903,32.682997,21.4273172,desenvolvimento_e_engenharia_de_produto
3732,60.4965876,36.2245304,27.4069371,27.6472171,desenvolvimento_e_engenharia_de_produto
3733,55.7494473,34.3938903,32.682997,21.4273172,desenvolvimento_e_engenharia_de_produto
3734,60.4965876,36.2245304,27.4069371,27.6472171,desenvolvimento_e_engenharia_de_produto
3735,55.7494473,34.3938903,32.682997,21.4273172,desenvolvimento_e_engenharia_de_produto
3736,60.4965876,36.2245304,27.4069371,27.6472171,desenvolvimento_e_engenharia_de_produto
3737,55.7494473,34.3938903,32.682997,21.4273172,desenvolvimento_e_engenharia_de_produto
3738,60.4965876,36.2245304,27.4069371,27.6472171,desenvolvimento_e_engenharia_de_produto
3739,55.7494473,34.3938903,32.682997,21.4273172,desenvolvimento_e_engenharia_de_produto
3740,60.4965876,36.2245304,27.4069371,27.6472171,desenvolvimento_e_engenharia_de_produto
3741,55.7494473,34.3938903,32.682997,21.4273172,desenvolvimento_e_engenharia_de_produto
3742,60.4965876,36.2245304,27.4069371,27.6472171,desenvolvimento_e_engenharia_de_produto
3743,55.7494473,34.3938903,32.682997,21.4273172,desenvolvimento_e_engenharia_de_produto
3744,60.4965876,36.2245304,27.4069371,27.6472171,desenvolvimento_e_engenharia_de_produto
3745,55.7494473,34.3938903,32.682997,21.4273172,desenvolvimento_e_engenharia_de_produto
3746,60.4965876,36.2245304,27.4069371,27.6472171,desenvolvimento_e_engenharia_de_produto
3747,55.7494473,34.3938903,32.682997,21.4273172,desenvolvimento_e_engenharia_de_produto
3748,60.4965876,36.2245304,27.4069371,27.6472171,desenvolvimento_e_engenharia_de_produto
3749,55.7494473,34.3938903,32.682997,21.4273172,desenvolvimento_e_engenharia_de_produto
3750,60.4965876,36.2245304,27.4069371,27.6472171,desenvolvimento_e_engenharia_de_produto
3751,55.7494473,34.3938903,32.682997,21.4273172,desenvolvimento_e_engenharia_de_produto
3752,60.4965876,36.2245304,27.4069371,27.6472171,desenvolvimento_e_engenharia_de_produto
3753,55.7494473,34.3938903,32.682997,21.4273172,desenvolvimento_e_engenharia_de_produto
3754,60.4965876,36.2245304,27.4069371,27.6472171,desenvolvimento_e_engenharia_de_produto
3755,55.7494473,34.3938903,32.682997,21.4273172,desenvolvimento_e_engenharia_de_produto
3756,60.4965876,36.2245304,27.4069371,27.6472171,desenvolvimento_e_engenharia_de_produto
3757,55.7494473,34.3938903,32.682997,21.4273172,desenvolvimento_e_engenharia_de_produto
3758,60.4965876,36.2245304,27.4069371,27.6472171,desenvolvimento_e_engenharia_de_produto
3759,55.7494473,34.3938903,32.682997,21.4273172,desenvolvimento_e_engenharia_de_produto
3760,60.4965876,36.2245304,27.4069371,27.6472171,desenvolvimento_e_engenharia_de_produto
3761,55.7494473,34.3938903,32.682997,21.4273172,desenvolvimento_e_engenharia_de_produto
3762,60.4965876,36.2245304,27.4069371,27.6472171,desenvolvimento_e_engenharia_de_produto
3763,55.7494473,34.3938903,32.682997,21.4273172,desenvolvimento_e_engenharia_de_produto
3764,60.4965876,36.2245304,27.4069371,27.6472171,desenvolvimento_e_engenharia_de_produto
3765,55.7494473,34.3938903,32.682997,21.4273172,desenvolvimento_e_engenharia_de_produto
3766,60.4965876,36.2245304,27.4069371,27.6472171,desenvolvimento_e_engenharia_de_produto
3767,55.7494473,34.3938903,32.682997,21.4273172,desenvolvimento_e_engenharia_de_produto
3768,60.4965876,36.2245304,27.4069371,27.6472171,desenvolvimento_e_engenharia_de_produto
3769,55.7494473,34.3938903,32.682997,21.4273172,desenvolvimento_e_engenharia_de_produto
3770,60.4965876,36.2245304,27.4069371,27.6472171,desenvolvimento_e_engenharia_de_produto
3771,55.7494473,34.3938903,32.682997,21.4273172,desenvolvimento_e_engenharia_de_produto
3772,60.4965876,36.2245304,27.4069371,27.6472171,desenvolvimento_e_engenharia_de_produto
3773,55.7494473,34.3938903,32.682997,21.4273172,desenvolvimento_e_engenharia_de_produto
3774,60.4965876,36.2245304,27.4069371,27.6472171,desenvolvimento_e_engenharia_de_produto
3775,55.7494473,34.3938903,32.682997,21.4273172,desenvolvimento_e_engenharia_de_produto
3776,60.4965876,36.2245304,27.4069371,27.6472171,desenvolvimento_e_engenharia_de_produto
3777,55.7494473,34.3938903,32.682997,21.4273172,desenvolvimento_e_engenharia_de_produto
3778,60.4965876,36.2245304,27.4069371,27.6472171,desenvolvimento_e_engenharia_de_produto
3779,55.7494473,34.3938903,32.682997,21.4273172,desenvolvimento_e_engenharia_de_produto
3780,73.8271989,27.7018908,33.883392099999995,11.3511455,negocios_gestao_e_suporte
3781,66.7913126,50.474592699999995,36.8841674,28.6380274,negocios_gestao_e_suporte
3782,60.6808401,35.4187427,33.9978277,21.9853126,negocios_gestao_e_suporte
3783,75.5077124,33.2867009,8.7558778,24.827413800000002,negocios_gestao_e_suporte
3784,66.6791719,41.259408400000005,25.649475,26.826359999999998,negocios_gestao_e_suporte
3785,72.3889426,42.0245886,33.5781609,25.8980782,negocios_gestao_e_suporte
3786,50.2431582,42.4323077,33.8210805,24.8572946,negocios_gestao_e_suporte
3787,61.7644263,41.9282174,32.7942027,31.400568,negocios_gestao_e_suporte
3788,48.6992221,53.8917956,42.2857707,36.2618734,negocios_gestao_e_suporte
3789,55.1526946,47.8971655,37.1983768,27.310803900000003,negocios_gestao_e_suporte
3790,47.200334,42.7474086,29.9689711,30.6332991,negocios_gestao_e_suporte
3791,60.3533041,49.0838472,30.8389811,19.8075353,negocios_gestao_e_suporte
3792,39.7068732,54.7632699,59.4726892,37.9405405,negocios_gestao_e_suporte
3793,56.216947,52.1134995,33.1135793,32.160592900000005,negocios_gestao_e_suporte
3794,60.092360600000006,34.2143565,28.172347800000004,23.756059099999998,negocios_gestao_e_suporte
3795,52.6013054,41.8819445,39.6503076,18.6904265,negocios_gestao_e_suporte
3796,71.58759,31.7836432,22.608888,19.9909645,negocios_gestao_e_suporte
3797,65.8997099,39.4895312,35.6690868,22.9298695,negocios_gestao_e_suporte
3798,74.6003231,39.835714,31.6190487,26.897408699999996,negocios_gestao_e_suporte
3799,73.8271989,27.7018908,33.883392099999995,11.3511455,negocios_gestao_e_suporte
3800,66.7913126,50.474592699999995,36.8841674,28.6380274,negocios_gestao_e_suporte
3801,60.6808401,35.4187427,33.9978277,21.9853126,negocios_gestao_e_suporte
3802,75.5077124,33.2867009,8.7558778,24.827413800000002,negocios_gestao_e_suporte
3803,66.6791719,41.259408400000005,25.649475,26.826359999999998,negocios_gestao_e_suporte
3804,72.3889426,42.0245886,33.5781609,25.8980782,negocios_gestao_e_suporte
3805,50.2431582,42.4323077,33.8210805,24.8572946,negocios_gestao_e_suporte
3806,61.7644263,41.9282174,32.7942027,31.400568,negocios_gestao_e_suporte
3807,48.6992221,53.8917956,42.2857707,36.2618734,negocios_gestao_e_suporte
3808,55.1526946,47.8971655,37.1983768,27.310803900000003,negocios_gestao_e_suporte
3809,47.200334,42.7474086,29.9689711,30.6332991,negocios_gestao_e_suporte
3810,60.3533041,49.0838472,30.8389811,19.8075353,negocios_gestao_e_suporte
3811,39.7068732,54.7632699,59.4726892,37.9405405,negocios_gestao_e_suporte
3812,56.216947,52.1134995,33.1135793,32.160592900000005,negocios_gestao_e_suporte
3813,60.092360600000006,34.2143565,28.172347800000004,23.756059099999998,negocios_gestao_e_suporte
3814,52.6013054,41.8819445,39.6503076,18.6904265,negocios_gestao_e_suporte
3815,71.58759,31.7836432,22.608888,19.9909645,negocios_gestao_e_suporte
3816,65.8997099,39.4895312,35.6690868,22.9298695,negocios_gestao_e_suporte
3817,74.6003231,39.835714,31.6190487,26.897408699999996,negocios_gestao_e_suporte
3818,73.8271989,27.7018908,33.883392099999995,11.3511455,negocios_gestao_e_suporte
3819,66.7913126,50.474592699999995,36.8841674,28.6380274,negocios_gestao_e_suporte
3820,60.6808401,35.4187427,33.9978277,21.9853126,negocios_gestao_e_suporte
3821,75.5077124,33.2867009,8.7558778,24.827413800000002,negocios_gestao_e_suporte
3822,66.6791719,41.259408400000005,25.649475,26.826359999999998,negocios_gestao_e_suporte
3823,72.3889426,42.0245886,33.5781609,25.8980782,negocios_gestao_e_suporte
3824,50.2431582,42.4323077,33.8210805,24.8572946,negocios_gestao_e_suporte
3825,61.7644263,41.9282174,32.7942027,31.400568,negocios_gestao_e_suporte
3826,48.6992221,53.8917956,42.2857707,36.2618734,negocios_gestao_e_suporte
3827,55.1526946,47.8971655,37.1983768,27.310803900000003,negocios_gestao_e_suporte
3828,47.200334,42.7474086,29.9689711,30.6332991,negocios_gestao_e_suporte
3829,60.3533041,49.0838472,30.8389811,19.8075353,negocios_gestao_e_suporte
3830,39.7068732,54.7632699,59.4726892,37.9405405,negocios_gestao_e_suporte
3831,56.216947,52.1134995,33.1135793,32.160592900000005,negocios_gestao_e_suporte
3832,60.092360600000006,34.2143565,28.172347800000004,23.756059099999998,negocios_gestao_e_suporte
3833,52.6013054,41.8819445,39.6503076,18.6904265,negocios_gestao_e_suporte
3834,71.58759,31.7836432,22.608888,19.9909645,negocios_gestao_e_suporte
3835,65.8997099,39.4895312,35.6690868,22.9298695,negocios_gestao_e_suporte
3836,74.6003231,39.835714,31.6190487,26.897408699999996,negocios_gestao_e_suporte
3837,73.8271989,27.7018908,33.883392099999995,11.3511455,negocios_gestao_e_suporte
3838,66.7913126,50.474592699999995,36.8841674,28.6380274,negocios_gestao_e_suporte
3839,60.6808401,35.4187427,33.9978277,21.9853126,negocios_gestao_e_suporte
3840,75.5077124,33.2867009,8.7558778,24.827413800000002,negocios_gestao_e_suporte
3841,66.6791719,41.259408400000005,25.649475,26.826359999999998,negocios_gestao_e_suporte
3842,72.3889426,42.0245886,33.5781609,25.8980782,negocios_gestao_e_suporte
3843,50.2431582,42.4323077,33.8210805,24.8572946,negocios_gestao_e_suporte
3844,61.7644263,41.9282174,32.7942027,31.400568,negocios_gestao_e_suporte
3845,48.6992221,53.8917956,42.2857707,36.2618734,negocios_gestao_e_suporte
3846,55.1526946,47.8971655,37.1983768,27.310803900000003,negocios_gestao_e_suporte
3847,47.200334,42.7474086,29.9689711,30.6332991,negocios_gestao_e_suporte
3848,60.3533041,49.0838472,30.8389811,19.8075353,negocios_gestao_e_suporte
3849,39.7068732,54.7632699,59.4726892,37.9405405,negocios_gestao_e_suporte
3850,56.216947,52.1134995,33.1135793,32.160592900000005,negocios_gestao_e_suporte
3851,60.092360600000006,34.2143565,28.172347800000004,23.756059099999998,negocios_gestao_e_suporte
3852,52.6013054,41.8819445,39.6503076,18.6904265,negocios_gestao_e_suporte
3853,71.58759,31.7836432,22.608888,19.9909645,negocios_gestao_e_suporte
3854,65.8997099,39.4895312,35.6690868,22.9298695,negocios_gestao_e_suporte
3855,74.6003231,39.835714,31.6190487,26.897408699999996,negocios_gestao_e_suporte
3856,73.8271989,27.7018908,33.883392099999995,11.3511455,negocios_gestao_e_suporte
3857,66.7913126,50.474592699999995,36.8841674,28.6380274,negocios_gestao_e_suporte
3858,60.6808401,35.4187427,33.9978277,21.9853126,negocios_gestao_e_suporte
3859,75.5077124,33.2867009,8.7558778,24.827413800000002,negocios_gestao_e_suporte
3860,66.6791719,41.259408400000005,25.649475,26.826359999999998,negocios_gestao_e_suporte
3861,72.3889426,42.0245886,33.5781609,25.8980782,negocios_gestao_e_suporte
3862,50.2431582,42.4323077,33.8210805,24.8572946,negocios_gestao_e_suporte
3863,61.7644263,41.9282174,32.7942027,31.400568,negocios_gestao_e_suporte
3864,48.6992221,53.8917956,42.2857707,36.2618734,negocios_gestao_e_suporte
3865,55.1526946,47.8971655,37.1983768,27.310803900000003,negocios_gestao_e_suporte
3866,47.200334,42.7474086,29.9689711,30.6332991,negocios_gestao_e_suporte
3867,60.3533041,49.0838472,30.8389811,19.8075353,negocios_gestao_e_suporte
3868,39.7068732,54.7632699,59.4726892,37.9405405,negocios_gestao_e_suporte
3869,56.216947,52.1134995,33.1135793,32.160592900000005,negocios_gestao_e_suporte
3870,60.092360600000006,34.2143565,28.172347800000004,23.756059099999998,negocios_gestao_e_suporte
3871,52.6013054,41.8819445,39.6503076,18.6904265,negocios_gestao_e_suporte
3872,71.58759,31.7836432,22.608888,19.9909645,negocios_gestao_e_suporte
3873,65.8997099,39.4895312,35.6690868,22.9298695,negocios_gestao_e_suporte
3874,74.6003231,39.835714,31.6190487,26.897408699999996,negocios_gestao_e_suporte
3875,73.8271989,27.7018908,33.883392099999995,11.3511455,negocios_gestao_e_suporte
3876,66.7913126,50.474592699999995,36.8841674,28.6380274,negocios_gestao_e_suporte
3877,60.6808401,35.4187427,33.9978277,21.9853126,negocios_gestao_e_suporte
3878,75.5077124,33.2867009,8.7558778,24.827413800000002,negocios_gestao_e_suporte
3879,66.6791719,41.259408400000005,25.649475,26.826359999999998,negocios_gestao_e_suporte
3880,72.3889426,42.0245886,33.5781609,25.8980782,negocios_gestao_e_suporte
3881,50.2431582,42.4323077,33.8210805,24.8572946,negocios_gestao_e_suporte
3882,61.7644263,41.9282174,32.7942027,31.400568,negocios_gestao_e_suporte
3883,48.6992221,53.8917956,42.2857707,36.2618734,negocios_gestao_e_suporte
3884,55.1526946,47.8971655,37.1983768,27.310803900000003,negocios_gestao_e_suporte
3885,47.200334,42.7474086,29.9689711,30.6332991,negocios_gestao_e_suporte
3886,60.3533041,49.0838472,30.8389811,19.8075353,negocios_gestao_e_suporte
3887,39.7068732,54.7632699,59.4726892,37.9405405,negocios_gestao_e_suporte
3888,56.216947,52.1134995,33.1135793,32.160592900000005,negocios_gestao_e_suporte
3889,60.092360600000006,34.2143565,28.172347800000004,23.756059099999998,negocios_gestao_e_suporte
3890,52.6013054,41.8819445,39.6503076,18.6904265,negocios_gestao_e_suporte
3891,71.58759,31.7836432,22.608888,19.9909645,negocios_gestao_e_suporte
3892,65.8997099,39.4895312,35.6690868,22.9298695,negocios_gestao_e_suporte
3893,74.6003231,39.835714,31.6190487,26.897408699999996,negocios_gestao_e_suporte
3894,73.8271989,27.7018908,33.883392099999995,11.3511455,negocios_gestao_e_suporte
3895,66.7913126,50.474592699999995,36.8841674,28.6380274,negocios_gestao_e_suporte
3896,60.6808401,35.4187427,33.9978277,21.9853126,negocios_gestao_e_suporte
3897,75.5077124,33.2867009,8.7558778,24.827413800000002,negocios_gestao_e_suporte
3898,66.6791719,41.259408400000005,25.649475,26.826359999999998,negocios_gestao_e_suporte
3899,72.3889426,42.0245886,33.5781609,25.8980782,negocios_gestao_e_suporte
3900,50.2431582,42.4323077,33.8210805,24.8572946,negocios_gestao_e_suporte
3901,61.7644263,41.9282174,32.7942027,31.400568,negocios_gestao_e_suporte
3902,48.6992221,53.8917956,42.2857707,36.2618734,negocios_gestao_e_suporte
3903,55.1526946,47.8971655,37.1983768,27.310803900000003,negocios_gestao_e_suporte
3904,47.200334,42.7474086,29.9689711,30.6332991,negocios_gestao_e_suporte
3905,60.3533041,49.0838472,30.8389811,19.8075353,negocios_gestao_e_suporte
3906,39.7068732,54.7632699,59.4726892,37.9405405,negocios_gestao_e_suporte
3907,56.216947,52.1134995,33.1135793,32.160592900000005,negocios_gestao_e_suporte
3908,60.092360600000006,34.2143565,28.172347800000004,23.756059099999998,negocios_gestao_e_suporte
3909,52.6013054,41.8819445,39.6503076,18.6904265,negocios_gestao_e_suporte
3910,71.58759,31.7836432,22.608888,19.9909645,negocios_gestao_e_suporte
3911,65.8997099,39.4895312,35.6690868,22.9298695,negocios_gestao_e_suporte
3912,74.6003231,39.835714,31.6190487,26.897408699999996,negocios_gestao_e_suporte
3913,73.8271989,27.7018908,33.883392099999995,11.3511455,negocios_gestao_e_suporte
3914,66.7913126,50.474592699999995,36.8841674,28.6380274,negocios_gestao_e_suporte
3915,60.6808401,35.4187427,33.9978277,21.9853126,negocios_gestao_e_suporte
3916,75.5077124,33.2867009,8.7558778,24.827413800000002,negocios_gestao_e_suporte
3917,66.6791719,41.259408400000005,25.649475,26.826359999999998,negocios_gestao_e_suporte
3918,72.3889426,42.0245886,33.5781609,25.8980782,negocios_gestao_e_suporte
3919,50.2431582,42.4323077,33.8210805,24.8572946,negocios_gestao_e_suporte
3920,61.7644263,41.9282174,32.7942027,31.400568,negocios_gestao_e_suporte
3921,48.6992221,53.8917956,42.2857707,36.2618734,negocios_gestao_e_suporte
3922,55.1526946,47.8971655,37.1983768,27.310803900000003,negocios_gestao_e_suporte
3923,47.200334,42.7474086,29.9689711,30.6332991,negocios_gestao_e_suporte
3924,60.3533041,49.0838472,30.8389811,19.8075353,negocios_gestao_e_suporte
3925,39.7068732,54.7632699,59.4726892,37.9405405,negocios_gestao_e_suporte
3926,56.216947,52.1134995,33.1135793,32.160592900000005,negocios_gestao_e_suporte
3927,60.092360600000006,34.2143565,28.172347800000004,23.756059099999998,negocios_gestao_e_suporte
3928,52.6013054,41.8819445,39.6503076,18.6904265,negocios_gestao_e_suporte
3929,71.58759,31.7836432,22.608888,19.9909645,negocios_gestao_e_suporte
3930,65.8997099,39.4895312,35.6690868,22.9298695,negocios_gestao_e_suporte
3931,74.6003231,39.835714,31.6190487,26.897408699999996,negocios_gestao_e_suporte
3932,73.8271989,27.7018908,33.883392099999995,11.3511455,negocios_gestao_e_suporte
3933,66.7913126,50.474592699999995,36.8841674,28.6380274,negocios_gestao_e_suporte
3934,60.6808401,35.4187427,33.9978277,21.9853126,negocios_gestao_e_suporte
3935,75.5077124,33.2867009,8.7558778,24.827413800000002,negocios_gestao_e_suporte
3936,66.6791719,41.259408400000005,25.649475,26.826359999999998,negocios_gestao_e_suporte
3937,72.3889426,42.0245886,33.5781609,25.8980782,negocios_gestao_e_suporte
3938,50.2431582,42.4323077,33.8210805,24.8572946,negocios_gestao_e_suporte
3939,61.7644263,41.9282174,32.7942027,31.400568,negocios_gestao_e_suporte
3940,48.6992221,53.8917956,42.2857707,36.2618734,negocios_gestao_e_suporte
3941,55.1526946,47.8971655,37.1983768,27.310803900000003,negocios_gestao_e_suporte
3942,47.200334,42.7474086,29.9689711,30.6332991,negocios_gestao_e_suporte
3943,60.3533041,49.0838472,30.8389811,19.8075353,negocios_gestao_e_suporte
3944,39.7068732,54.7632699,59.4726892,37.9405405,negocios_gestao_e_suporte
3945,56.216947,52.1134995,33.1135793,32.160592900000005,negocios_gestao_e_suporte
3946,60.092360600000006,34.2143565,28.172347800000004,23.756059099999998,negocios_gestao_e_suporte
3947,52.6013054,41.8819445,39.6503076,18.6904265,negocios_gestao_e_suporte
3948,71.58759,31.7836432,22.608888,19.9909645,negocios_gestao_e_suporte
3949,65.8997099,39.4895312,35.6690868,22.9298695,negocios_gestao_e_suporte
3950,74.6003231,39.835714,31.6190487,26.897408699999996,negocios_gestao_e_suporte
3951,73.8271989,27.7018908,33.883392099999995,11.3511455,negocios_gestao_e_suporte
3952,66.7913126,50.474592699999995,36.8841674,28.6380274,negocios_gestao_e_suporte
3953,60.6808401,35.4187427,33.9978277,21.9853126,negocios_gestao_e_suporte
3954,75.5077124,33.2867009,8.7558778,24.827413800000002,negocios_gestao_e_suporte
3955,66.6791719,41.259408400000005,25.649475,26.826359999999998,negocios_gestao_e_suporte
3956,72.3889426,42.0245886,33.5781609,25.8980782,negocios_gestao_e_suporte
3957,50.2431582,42.4323077,33.8210805,24.8572946,negocios_gestao_e_suporte
3958,61.7644263,41.9282174,32.7942027,31.400568,negocios_gestao_e_suporte
3959,48.6992221,53.8917956,42.2857707,36.2618734,negocios_gestao_e_suporte
3960,55.1526946,47.8971655,37.1983768,27.310803900000003,negocios_gestao_e_suporte
3961,47.200334,42.7474086,29.9689711,30.6332991,negocios_gestao_e_suporte
3962,60.3533041,49.0838472,30.8389811,19.8075353,negocios_gestao_e_suporte
3963,39.7068732,54.7632699,59.4726892,37.9405405,negocios_gestao_e_suporte
3964,56.216947,52.1134995,33.1135793,32.160592900000005,negocios_gestao_e_suporte
3965,60.092360600000006,34.2143565,28.172347800000004,23.756059099999998,negocios_gestao_e_suporte
3966,52.6013054,41.8819445,39.6503076,18.6904265,negocios_gestao_e_suporte
3967,71.58759,31.7836432,22.608888,19.9909645,negocios_gestao_e_suporte
3968,65.8997099,39.4895312,35.6690868,22.9298695,negocios_gestao_e_suporte
3969,74.6003231,39.835714,31.6190487,26.897408699999996,negocios_gestao_e_suporte
3970,73.8271989,27.7018908,33.883392099999995,11.3511455,negocios_gestao_e_suporte
3971,66.7913126,50.474592699999995,36.8841674,28.6380274,negocios_gestao_e_suporte
3972,60.6808401,35.4187427,33.9978277,21.9853126,negocios_gestao_e_suporte
3973,75.5077124,33.2867009,8.7558778,24.827413800000002,negocios_gestao_e_suporte
3974,66.6791719,41.259408400000005,25.649475,26.826359999999998,negocios_gestao_e_suporte
3975,72.3889426,42.0245886,33.5781609,25.8980782,negocios_gestao_e_suporte
3976,50.2431582,42.4323077,33.8210805,24.8572946,negocios_gestao_e_suporte
3977,61.7644263,41.9282174,32.7942027,31.400568,negocios_gestao_e_suporte
3978,48.6992221,53.8917956,42.2857707,36.2618734,negocios_gestao_e_suporte
3979,55.1526946,47.8971655,37.1983768,27.310803900000003,negocios_gestao_e_suporte
3980,47.200334,42.7474086,29.9689711,30.6332991,negocios_gestao_e_suporte
3981,60.3533041,49.0838472,30.8389811,19.8075353,negocios_gestao_e_suporte
3982,39.7068732,54.7632699,59.4726892,37.9405405,negocios_gestao_e_suporte
3983,56.216947,52.1134995,33.1135793,32.160592900000005,negocios_gestao_e_suporte
3984,60.092360600000006,34.2143565,28.172347800000004,23.756059099999998,negocios_gestao_e_suporte
3985,52.6013054,41.8819445,39.6503076,18.6904265,negocios_gestao_e_suporte
3986,71.58759,31.7836432,22.608888,19.9909645,negocios_gestao_e_suporte
3987,65.8997099,39.4895312,35.6690868,22.9298695,negocios_gestao_e_suporte
3988,74.6003231,39.835714,31.6190487,26.897408699999996,negocios_gestao_e_suporte
3989,73.8271989,27.7018908,33.883392099999995,11.3511455,negocios_gestao_e_suporte
3990,66.7913126,50.474592699999995,36.8841674,28.6380274,negocios_gestao_e_suporte
3991,60.6808401,35.4187427,33.9978277,21.9853126,negocios_gestao_e_suporte
3992,75.5077124,33.2867009,8.7558778,24.827413800000002,negocios_gestao_e_suporte
3993,66.6791719,41.259408400000005,25.649475,26.826359999999998,negocios_gestao_e_suporte
3994,72.3889426,42.0245886,33.5781609,25.8980782,negocios_gestao_e_suporte
3995,50.2431582,42.4323077,33.8210805,24.8572946,negocios_gestao_e_suporte
3996,61.7644263,41.9282174,32.7942027,31.400568,negocios_gestao_e_suporte
3997,48.6992221,53.8917956,42.2857707,36.2618734,negocios_gestao_e_suporte
3998,55.1526946,47.8971655,37.1983768,27.310803900000003,negocios_gestao_e_suporte
3999,47.200334,42.7474086,29.9689711,30.6332991,negocios_gestao_e_suporte
4000,60.3533041,49.0838472,30.8389811,19.8075353,negocios_gestao_e_suporte
4001,39.7068732,54.7632699,59.4726892,37.9405405,negocios_gestao_e_suporte
4002,56.216947,52.1134995,33.1135793,32.160592900000005,negocios_gestao_e_suporte
4003,60.092360600000006,34.2143565,28.172347800000004,23.756059099999998,negocios_gestao_e_suporte
4004,52.6013054,41.8819445,39.6503076,18.6904265,negocios_gestao_e_suporte
4005,71.58759,31.7836432,22.608888,19.9909645,negocios_gestao_e_suporte
4006,65.8997099,39.4895312,35.6690868,22.9298695,negocios_gestao_e_suporte
4007,74.6003231,39.835714,31.6190487,26.897408699999996,negocios_gestao_e_suporte
4008,73.8271989,27.7018908,33.883392099999995,11.3511455,negocios_gestao_e_suporte
4009,66.7913126,50.474592699999995,36.8841674,28.6380274,negocios_gestao_e_suporte
4010,60.6808401,35.4187427,33.9978277,21.9853126,negocios_gestao_e_suporte
4011,75.5077124,33.2867009,8.7558778,24.827413800000002,negocios_gestao_e_suporte
4012,66.6791719,41.259408400000005,25.649475,26.826359999999998,negocios_gestao_e_suporte
4013,72.3889426,42.0245886,33.5781609,25.8980782,negocios_gestao_e_suporte
4014,50.2431582,42.4323077,33.8210805,24.8572946,negocios_gestao_e_suporte
4015,61.7644263,41.9282174,32.7942027,31.400568,negocios_gestao_e_suporte
4016,48.6992221,53.8917956,42.2857707,36.2618734,negocios_gestao_e_suporte
4017,55.1526946,47.8971655,37.1983768,27.310803900000003,negocios_gestao_e_suporte
4018,47.200334,42.7474086,29.9689711,30.6332991,negocios_gestao_e_suporte
4019,60.3533041,49.0838472,30.8389811,19.8075353,negocios_gestao_e_suporte
4020,39.7068732,54.7632699,59.4726892,37.9405405,negocios_gestao_e_suporte
4021,56.216947,52.1134995,33.1135793,32.160592900000005,negocios_gestao_e_suporte
4022,60.092360600000006,34.2143565,28.172347800000004,23.756059099999998,negocios_gestao_e_suporte
4023,52.6013054,41.8819445,39.6503076,18.6904265,negocios_gestao_e_suporte
4024,71.58759,31.7836432,22.608888,19.9909645,negocios_gestao_e_suporte
4025,65.8997099,39.4895312,35.6690868,22.9298695,negocios_gestao_e_suporte
4026,74.6003231,39.835714,31.6190487,26.897408699999996,negocios_gestao_e_suporte
4027,73.8271989,27.7018908,33.883392099999995,11.3511455,negocios_gestao_e_suporte
4028,66.7913126,50.474592699999995,36.8841674,28.6380274,negocios_gestao_e_suporte
4029,60.6808401,35.4187427,33.9978277,21.9853126,negocios_gestao_e_suporte
4030,75.5077124,33.2867009,8.7558778,24.827413800000002,negocios_gestao_e_suporte
4031,66.6791719,41.259408400000005,25.649475,26.826359999999998,negocios_gestao_e_suporte
4032,72.3889426,42.0245886,33.5781609,25.8980782,negocios_gestao_e_suporte
4033,50.2431582,42.4323077,33.8210805,24.8572946,negocios_gestao_e_suporte
4034,61.7644263,41.9282174,32.7942027,31.400568,negocios_gestao_e_suporte
4035,48.6992221,53.8917956,42.2857707,36.2618734,negocios_gestao_e_suporte
4036,55.1526946,47.8971655,37.1983768,27.310803900000003,negocios_gestao_e_suporte
4037,47.200334,42.7474086,29.9689711,30.6332991,negocios_gestao_e_suporte
4038,60.3533041,49.0838472,30.8389811,19.8075353,negocios_gestao_e_suporte
4039,39.7068732,54.7632699,59.4726892,37.9405405,negocios_gestao_e_suporte
4040,56.216947,52.1134995,33.1135793,32.160592900000005,negocios_gestao_e_suporte
4041,60.092360600000006,34.2143565,28.172347800000004,23.756059099999998,negocios_gestao_e_suporte
4042,52.6013054,41.8819445,39.6503076,18.6904265,negocios_gestao_e_suporte
4043,71.58759,31.7836432,22.608888,19.9909645,negocios_gestao_e_suporte
4044,65.8997099,39.4895312,35.6690868,22.9298695,negocios_gestao_e_suporte
4045,74.6003231,39.835714,31.6190487,26.897408699999996,negocios_gestao_e_suporte
4046,73.8271989,27.7018908,33.883392099999995,11.3511455,negocios_gestao_e_suporte
4047,66.7913126,50.474592699999995,36.8841674,28.6380274,negocios_gestao_e_suporte
4048,60.6808401,35.4187427,33.9978277,21.9853126,negocios_gestao_e_suporte
4049,75.5077124,33.2867009,8.7558778,24.827413800000002,negocios_gestao_e_suporte
4050,66.6791719,41.259408400000005,25.649475,26.826359999999998,negocios_gestao_e_suporte
4051,72.3889426,42.0245886,33.5781609,25.8980782,negocios_gestao_e_suporte
4052,50.2431582,42.4323077,33.8210805,24.8572946,negocios_gestao_e_suporte
4053,61.7644263,41.9282174,32.7942027,31.400568,negocios_gestao_e_suporte
4054,48.6992221,53.8917956,42.2857707,36.2618734,negocios_gestao_e_suporte
4055,55.1526946,47.8971655,37.1983768,27.310803900000003,negocios_gestao_e_suporte
4056,47.200334,42.7474086,29.9689711,30.6332991,negocios_gestao_e_suporte
4057,60.3533041,49.0838472,30.8389811,19.8075353,negocios_gestao_e_suporte
4058,39.7068732,54.7632699,59.4726892,37.9405405,negocios_gestao_e_suporte
4059,56.216947,52.1134995,33.1135793,32.160592900000005,negocios_gestao_e_suporte
4060,60.092360600000006,34.2143565,28.172347800000004,23.756059099999998,negocios_gestao_e_suporte
4061,52.6013054,41.8819445,39.6503076,18.6904265,negocios_gestao_e_suporte
4062,71.58759,31.7836432,22.608888,19.9909645,negocios_gestao_e_suporte
4063,65.8997099,39.4895312,35.6690868,22.9298695,negocios_gestao_e_suporte
4064,74.6003231,39.835714,31.6190487,26.897408699999996,negocios_gestao_e_suporte
4065,73.8271989,27.7018908,33.883392099999995,11.3511455,negocios_gestao_e_suporte
4066,66.7913126,50.474592699999995,36.8841674,28.6380274,negocios_gestao_e_suporte
4067,60.6808401,35.4187427,33.9978277,21.9853126,negocios_gestao_e_suporte
4068,75.5077124,33.2867009,8.7558778,24.827413800000002,negocios_gestao_e_suporte
4069,66.6791719,41.259408400000005,25.649475,26.826359999999998,negocios_gestao_e_suporte
4070,72.3889426,42.0245886,33.5781609,25.8980782,negocios_gestao_e_suporte
4071,50.2431582,42.4323077,33.8210805,24.8572946,negocios_gestao_e_suporte
4072,61.7644263,41.9282174,32.7942027,31.400568,negocios_gestao_e_suporte
4073,48.6992221,53.8917956,42.2857707,36.2618734,negocios_gestao_e_suporte
4074,55.1526946,47.8971655,37.1983768,27.310803900000003,negocios_gestao_e_suporte
4075,47.200334,42.7474086,29.9689711,30.6332991,negocios_gestao_e_suporte
4076,60.3533041,49.0838472,30.8389811,19.8075353,negocios_gestao_e_suporte
4077,39.7068732,54.7632699,59.4726892,37.9405405,negocios_gestao_e_suporte
4078,56.216947,52.1134995,33.1135793,32.160592900000005,negocios_gestao_e_suporte
4079,60.092360600000006,34.2143565,28.172347800000004,23.756059099999998,negocios_gestao_e_suporte
4080,52.6013054,41.8819445,39.6503076,18.6904265,negocios_gestao_e_suporte
4081,71.58759,31.7836432,22.608888,19.9909645,negocios_gestao_e_suporte
4082,65.8997099,39.4895312,35.6690868,22.9298695,negocios_gestao_e_suporte
4083,74.6003231,39.835714,31.6190487,26.897408699999996,negocios_gestao_e_suporte
4084,73.8271989,27.7018908,33.883392099999995,11.3511455,negocios_gestao_e_suporte
4085,66.7913126,50.474592699999995,36.8841674,28.6380274,negocios_gestao_e_suporte
4086,60.6808401,35.4187427,33.9978277,21.9853126,negocios_gestao_e_suporte
4087,75.5077124,33.2867009,8.7558778,24.827413800000002,negocios_gestao_e_suporte
4088,66.6791719,41.259408400000005,25.649475,26.826359999999998,negocios_gestao_e_suporte
4089,72.3889426,42.0245886,33.5781609,25.8980782,negocios_gestao_e_suporte
4090,50.2431582,42.4323077,33.8210805,24.8572946,negocios_gestao_e_suporte
4091,61.7644263,41.9282174,32.7942027,31.400568,negocios_gestao_e_suporte
4092,48.6992221,53.8917956,42.2857707,36.2618734,negocios_gestao_e_suporte
4093,55.1526946,47.8971655,37.1983768,27.310803900000003,negocios_gestao_e_suporte
4094,47.200334,42.7474086,29.9689711,30.6332991,negocios_gestao_e_suporte
4095,60.3533041,49.0838472,30.8389811,19.8075353,negocios_gestao_e_suporte
4096,39.7068732,54.7632699,59.4726892,37.9405405,negocios_gestao_e_suporte
4097,56.216947,52.1134995,33.1135793,32.160592900000005,negocios_gestao_e_suporte
4098,60.092360600000006,34.2143565,28.172347800000004,23.756059099999998,negocios_gestao_e_suporte
4099,52.6013054,41.8819445,39.6503076,18.6904265,negocios_gestao_e_suporte
4100,71.58759,31.7836432,22.608888,19.9909645,negocios_gestao_e_suporte
4101,65.8997099,39.4895312,35.6690868,22.9298695,negocios_gestao_e_suporte
4102,74.6003231,39.835714,31.6190487,26.897408699999996,negocios_gestao_e_suporte
4103,73.8271989,27.7018908,33.883392099999995,11.3511455,negocios_gestao_e_suporte
4104,66.7913126,50.474592699999995,36.8841674,28.6380274,negocios_gestao_e_suporte
4105,60.6808401,35.4187427,33.9978277,21.9853126,negocios_gestao_e_suporte
4106,75.5077124,33.2867009,8.7558778,24.827413800000002,negocios_gestao_e_suporte
4107,66.6791719,41.259408400000005,25.649475,26.826359999999998,negocios_gestao_e_suporte
4108,72.3889426,42.0245886,33.5781609,25.8980782,negocios_gestao_e_suporte
4109,50.2431582,42.4323077,33.8210805,24.8572946,negocios_gestao_e_suporte
4110,61.7644263,41.9282174,32.7942027,31.400568,negocios_gestao_e_suporte
4111,48.6992221,53.8917956,42.2857707,36.2618734,negocios_gestao_e_suporte
4112,55.1526946,47.8971655,37.1983768,27.310803900000003,negocios_gestao_e_suporte
4113,47.200334,42.7474086,29.9689711,30.6332991,negocios_gestao_e_suporte
4114,60.3533041,49.0838472,30.8389811,19.8075353,negocios_gestao_e_suporte
4115,39.7068732,54.7632699,59.4726892,37.9405405,negocios_gestao_e_suporte
4116,56.216947,52.1134995,33.1135793,32.160592900000005,negocios_gestao_e_suporte
4117,60.092360600000006,34.2143565,28.172347800000004,23.756059099999998,negocios_gestao_e_suporte
4118,52.6013054,41.8819445,39.6503076,18.6904265,negocios_gestao_e_suporte
4119,71.58759,31.7836432,22.608888,19.9909645,negocios_gestao_e_suporte
4120,65.8997099,39.4895312,35.6690868,22.9298695,negocios_gestao_e_suporte
4121,74.6003231,39.835714,31.6190487,26.897408699999996,negocios_gestao_e_suporte
4122,73.8271989,27.7018908,33.883392099999995,11.3511455,negocios_gestao_e_suporte
4123,66.7913126,50.474592699999995,36.8841674,28.6380274,negocios_gestao_e_suporte
4124,60.6808401,35.4187427,33.9978277,21.9853126,negocios_gestao_e_suporte
4125,75.5077124,33.2867009,8.7558778,24.827413800000002,negocios_gestao_e_suporte
4126,66.6791719,41.259408400000005,25.649475,26.826359999999998,negocios_gestao_e_suporte
4127,72.3889426,42.0245886,33.5781609,25.8980782,negocios_gestao_e_suporte
4128,50.2431582,42.4323077,33.8210805,24.8572946,negocios_gestao_e_suporte
4129,61.7644263,41.9282174,32.7942027,31.400568,negocios_gestao_e_suporte
4130,48.6992221,53.8917956,42.2857707,36.2618734,negocios_gestao_e_suporte
4131,55.1526946,47.8971655,37.1983768,27.310803900000003,negocios_gestao_e_suporte
4132,47.200334,42.7474086,29.9689711,30.6332991,negocios_gestao_e_suporte
4133,60.3533041,49.0838472,30.8389811,19.8075353,negocios_gestao_e_suporte
4134,39.7068732,54.7632699,59.4726892,37.9405405,negocios_gestao_e_suporte
4135,56.216947,52.1134995,33.1135793,32.160592900000005,negocios_gestao_e_suporte
4136,60.092360600000006,34.2143565,28.172347800000004,23.756059099999998,negocios_gestao_e_suporte
4137,52.6013054,41.8819445,39.6503076,18.6904265,negocios_gestao_e_suporte
4138,71.58759,31.7836432,22.608888,19.9909645,negocios_gestao_e_suporte
4139,65.8997099,39.4895312,35.6690868,22.9298695,negocios_gestao_e_suporte
4140,74.6003231,39.835714,31.6190487,26.897408699999996,negocios_gestao_e_suporte
4141,73.8271989,27.7018908,33.883392099999995,11.3511455,negocios_gestao_e_suporte
4142,66.7913126,50.474592699999995,36.8841674,28.6380274,negocios_gestao_e_suporte
4143,60.6808401,35.4187427,33.9978277,21.9853126,negocios_gestao_e_suporte
4144,75.5077124,33.2867009,8.7558778,24.827413800000002,negocios_gestao_e_suporte
4145,66.6791719,41.259408400000005,25.649475,26.826359999999998,negocios_gestao_e_suporte
4146,72.3889426,42.0245886,33.5781609,25.8980782,negocios_gestao_e_suporte
4147,50.2431582,42.4323077,33.8210805,24.8572946,negocios_gestao_e_suporte
4148,61.7644263,41.9282174,32.7942027,31.400568,negocios_gestao_e_suporte
4149,48.6992221,53.8917956,42.2857707,36.2618734,negocios_gestao_e_suporte
4150,55.1526946,47.8971655,37.1983768,27.310803900000003,negocios_gestao_e_suporte
4151,47.200334,42.7474086,29.9689711,30.6332991,negocios_gestao_e_suporte
4152,60.3533041,49.0838472,30.8389811,19.8075353,negocios_gestao_e_suporte
4153,39.7068732,54.7632699,59.4726892,37.9405405,negocios_gestao_e_suporte
4154,56.216947,52.1134995,33.1135793,32.160592900000005,negocios_gestao_e_suporte
4155,60.092360600000006,34.2143565,28.172347800000004,23.756059099999998,negocios_gestao_e_suporte
4156,52.6013054,41.8819445,39.6503076,18.6904265,negocios_gestao_e_suporte
4157,71.58759,31.7836432,22.608888,19.9909645,negocios_gestao_e_suporte
4158,65.8997099,39.4895312,35.6690868,22.9298695,negocios_gestao_e_suporte
4159,74.6003231,39.835714,31.6190487,26.897408699999996,negocios_gestao_e_suporte
4160,73.8271989,27.7018908,33.883392099999995,11.3511455,negocios_gestao_e_suporte
4161,66.7913126,50.474592699999995,36.8841674,28.6380274,negocios_gestao_e_suporte
4162,60.6808401,35.4187427,33.9978277,21.9853126,negocios_gestao_e_suporte
4163,75.5077124,33.2867009,8.7558778,24.827413800000002,negocios_gestao_e_suporte
4164,66.6791719,41.259408400000005,25.649475,26.826359999999998,negocios_gestao_e_suporte
4165,72.3889426,42.0245886,33.5781609,25.8980782,negocios_gestao_e_suporte
4166,50.2431582,42.4323077,33.8210805,24.8572946,negocios_gestao_e_suporte
4167,61.7644263,41.9282174,32.7942027,31.400568,negocios_gestao_e_suporte
4168,48.6992221,53.8917956,42.2857707,36.2618734,negocios_gestao_e_suporte
4169,55.1526946,47.8971655,37.1983768,27.310803900000003,negocios_gestao_e_suporte
4170,47.200334,42.7474086,29.9689711,30.6332991,negocios_gestao_e_suporte
4171,60.3533041,49.0838472,30.8389811,19.8075353,negocios_gestao_e_suporte
4172,39.7068732,54.7632699,59.4726892,37.9405405,negocios_gestao_e_suporte
4173,56.216947,52.1134995,33.1135793,32.160592900000005,negocios_gestao_e_suporte
4174,60.092360600000006,34.2143565,28.172347800000004,23.756059099999998,negocios_gestao_e_suporte
4175,52.6013054,41.8819445,39.6503076,18.6904265,negocios_gestao_e_suporte
4176,71.58759,31.7836432,22.608888,19.9909645,negocios_gestao_e_suporte
4177,65.8997099,39.4895312,35.6690868,22.9298695,negocios_gestao_e_suporte
4178,74.6003231,39.835714,31.6190487,26.897408699999996,negocios_gestao_e_suporte
4179,73.8271989,27.7018908,33.883392099999995,11.3511455,negocios_gestao_e_suporte
4180,66.7913126,50.474592699999995,36.8841674,28.6380274,negocios_gestao_e_suporte
4181,60.6808401,35.4187427,33.9978277,21.9853126,negocios_gestao_e_suporte
4182,75.5077124,33.2867009,8.7558778,24.827413800000002,negocios_gestao_e_suporte
4183,66.6791719,41.259408400000005,25.649475,26.826359999999998,negocios_gestao_e_suporte
4184,72.3889426,42.0245886,33.5781609,25.8980782,negocios_gestao_e_suporte
4185,50.2431582,42.4323077,33.8210805,24.8572946,negocios_gestao_e_suporte
4186,61.7644263,41.9282174,32.7942027,31.400568,negocios_gestao_e_suporte
4187,48.6992221,53.8917956,42.2857707,36.2618734,negocios_gestao_e_suporte
4188,55.1526946,47.8971655,37.1983768,27.310803900000003,negocios_gestao_e_suporte
4189,47.200334,42.7474086,29.9689711,30.6332991,negocios_gestao_e_suporte
4190,60.3533041,49.0838472,30.8389811,19.8075353,negocios_gestao_e_suporte
4191,39.7068732,54.7632699,59.4726892,37.9405405,negocios_gestao_e_suporte
4192,56.216947,52.1134995,33.1135793,32.160592900000005,negocios_gestao_e_suporte
4193,60.092360600000006,34.2143565,28.172347800000004,23.756059099999998,negocios_gestao_e_suporte
4194,52.6013054,41.8819445,39.6503076,18.6904265,negocios_gestao_e_suporte
4195,71.58759,31.7836432,22.608888,19.9909645,negocios_gestao_e_suporte
4196,65.8997099,39.4895312,35.6690868,22.9298695,negocios_gestao_e_suporte
4197,74.6003231,39.835714,31.6190487,26.897408699999996,negocios_gestao_e_suporte
4198,73.8271989,27.7018908,33.883392099999995,11.3511455,negocios_gestao_e_suporte
4199,66.7913126,50.474592699999995,36.8841674,28.6380274,negocios_gestao_e_suporte
4200,60.6808401,35.4187427,33.9978277,21.9853126,negocios_gestao_e_suporte
4201,75.5077124,33.2867009,8.7558778,24.827413800000002,negocios_gestao_e_suporte
4202,66.6791719,41.259408400000005,25.649475,26.826359999999998,negocios_gestao_e_suporte
4203,72.3889426,42.0245886,33.5781609,25.8980782,negocios_gestao_e_suporte
4204,50.2431582,42.4323077,33.8210805,24.8572946,negocios_gestao_e_suporte
4205,61.7644263,41.9282174,32.7942027,31.400568,negocios_gestao_e_suporte
4206,48.6992221,53.8917956,42.2857707,36.2618734,negocios_gestao_e_suporte
4207,55.1526946,47.8971655,37.1983768,27.310803900000003,negocios_gestao_e_suporte
4208,47.200334,42.7474086,29.9689711,30.6332991,negocios_gestao_e_suporte
4209,60.3533041,49.0838472,30.8389811,19.8075353,negocios_gestao_e_suporte
4210,39.7068732,54.7632699,59.4726892,37.9405405,negocios_gestao_e_suporte
4211,56.216947,52.1134995,33.1135793,32.160592900000005,negocios_gestao_e_suporte
4212,60.092360600000006,34.2143565,28.172347800000004,23.756059099999998,negocios_gestao_e_suporte
4213,52.6013054,41.8819445,39.6503076,18.6904265,negocios_gestao_e_suporte
4214,71.58759,31.7836432,22.608888,19.9909645,negocios_gestao_e_suporte
4215,65.8997099,39.4895312,35.6690868,22.9298695,negocios_gestao_e_suporte
4216,74.6003231,39.835714,31.6190487,26.897408699999996,negocios_gestao_e_suporte
4217,73.8271989,27.7018908,33.883392099999995,11.3511455,negocios_gestao_e_suporte
4218,66.7913126,50.474592699999995,36.8841674,28.6380274,negocios_gestao_e_suporte
4219,60.6808401,35.4187427,33.9978277,21.9853126,negocios_gestao_e_suporte
4220,75.5077124,33.2867009,8.7558778,24.827413800000002,negocios_gestao_e_suporte
4221,66.6791719,41.259408400000005,25.649475,26.826359999999998,negocios_gestao_e_suporte
4222,72.3889426,42.0245886,33.5781609,25.8980782,negocios_gestao_e_suporte
4223,50.2431582,42.4323077,33.8210805,24.8572946,negocios_gestao_e_suporte
4224,61.7644263,41.9282174,32.7942027,31.400568,negocios_gestao_e_suporte
4225,48.6992221,53.8917956,42.2857707,36.2618734,negocios_gestao_e_suporte
4226,55.1526946,47.8971655,37.1983768,27.310803900000003,negocios_gestao_e_suporte
4227,47.200334,42.7474086,29.9689711,30.6332991,negocios_gestao_e_suporte
4228,60.3533041,49.0838472,30.8389811,19.8075353,negocios_gestao_e_suporte
4229,39.7068732,54.7632699,59.4726892,37.9405405,negocios_gestao_e_suporte
4230,56.216947,52.1134995,33.1135793,32.160592900000005,negocios_gestao_e_suporte
4231,60.092360600000006,34.2143565,28.172347800000004,23.756059099999998,negocios_gestao_e_suporte
4232,52.6013054,41.8819445,39.6503076,18.6904265,negocios_gestao_e_suporte
4233,71.58759,31.7836432,22.608888,19.9909645,negocios_gestao_e_suporte
4234,65.8997099,39.4895312,35.6690868,22.9298695,negocios_gestao_e_suporte
4235,74.6003231,39.835714,31.6190487,26.897408699999996,negocios_gestao_e_suporte
4236,73.8271989,27.7018908,33.883392099999995,11.3511455,negocios_gestao_e_suporte
4237,66.7913126,50.474592699999995,36.8841674,28.6380274,negocios_gestao_e_suporte
4238,60.6808401,35.4187427,33.9978277,21.9853126,negocios_gestao_e_suporte
4239,75.5077124,33.2867009,8.7558778,24.827413800000002,negocios_gestao_e_suporte
4240,66.6791719,41.259408400000005,25.649475,26.826359999999998,negocios_gestao_e_suporte
4241,72.3889426,42.0245886,33.5781609,25.8980782,negocios_gestao_e_suporte
4242,50.2431582,42.4323077,33.8210805,24.8572946,negocios_gestao_e_suporte
4243,61.7644263,41.9282174,32.7942027,31.400568,negocios_gestao_e_suporte
4244,48.6992221,53.8917956,42.2857707,36.2618734,negocios_gestao_e_suporte
4245,55.1526946,47.8971655,37.1983768,27.310803900000003,negocios_gestao_e_suporte
4246,47.200334,42.7474086,29.9689711,30.6332991,negocios_gestao_e_suporte
4247,60.3533041,49.0838472,30.8389811,19.8075353,negocios_gestao_e_suporte
4248,39.7068732,54.7632699,59.4726892,37.9405405,negocios_gestao_e_suporte
4249,56.216947,52.1134995,33.1135793,32.160592900000005,negocios_gestao_e_suporte
4250,60.092360600000006,34.2143565,28.172347800000004,23.756059099999998,negocios_gestao_e_suporte
4251,52.6013054,41.8819445,39.6503076,18.6904265,negocios_gestao_e_suporte
4252,71.58759,31.7836432,22.608888,19.9909645,negocios_gestao_e_suporte
4253,65.8997099,39.4895312,35.6690868,22.9298695,negocios_gestao_e_suporte
4254,74.6003231,39.835714,31.6190487,26.897408699999996,negocios_gestao_e_suporte
4255,73.8271989,27.7018908,33.883392099999995,11.3511455,negocios_gestao_e_suporte
4256,66.7913126,50.474592699999995,36.8841674,28.6380274,negocios_gestao_e_suporte
4257,60.6808401,35.4187427,33.9978277,21.9853126,negocios_gestao_e_suporte
4258,75.5077124,33.2867009,8.7558778,24.827413800000002,negocios_gestao_e_suporte
4259,66.6791719,41.259408400000005,25.649475,26.826359999999998,negocios_gestao_e_suporte
4260,72.3889426,42.0245886,33.5781609,25.8980782,negocios_gestao_e_suporte
4261,50.2431582,42.4323077,33.8210805,24.8572946,negocios_gestao_e_suporte
4262,61.7644263,41.9282174,32.7942027,31.400568,negocios_gestao_e_suporte
4263,48.6992221,53.8917956,42.2857707,36.2618734,negocios_gestao_e_suporte
4264,55.1526946,47.8971655,37.1983768,27.310803900000003,negocios_gestao_e_suporte
4265,47.200334,42.7474086,29.9689711,30.6332991,negocios_gestao_e_suporte
4266,60.3533041,49.0838472,30.8389811,19.8075353,negocios_gestao_e_suporte
4267,39.7068732,54.7632699,59.4726892,37.9405405,negocios_gestao_e_suporte
4268,56.216947,52.1134995,33.1135793,32.160592900000005,negocios_gestao_e_suporte
4269,60.092360600000006,34.2143565,28.172347800000004,23.756059099999998,negocios_gestao_e_suporte
4270,52.6013054,41.8819445,39.6503076,18.6904265,negocios_gestao_e_suporte
4271,71.58759,31.7836432,22.608888,19.9909645,negocios_gestao_e_suporte
4272,65.8997099,39.4895312,35.6690868,22.9298695,negocios_gestao_e_suporte
4273,74.6003231,39.835714,31.6190487,26.897408699999996,negocios_gestao_e_suporte
4274,73.8271989,27.7018908,33.883392099999995,11.3511455,negocios_gestao_e_suporte
4275,66.7913126,50.474592699999995,36.8841674,28.6380274,negocios_gestao_e_suporte
4276,60.6808401,35.4187427,33.9978277,21.9853126,negocios_gestao_e_suporte
4277,75.5077124,33.2867009,8.7558778,24.827413800000002,negocios_gestao_e_suporte
4278,66.6791719,41.259408400000005,25.649475,26.826359999999998,negocios_gestao_e_suporte
4279,72.3889426,42.0245886,33.5781609,25.8980782,negocios_gestao_e_suporte
4280,50.2431582,42.4323077,33.8210805,24.8572946,negocios_gestao_e_suporte
4281,61.7644263,41.9282174,32.7942027,31.400568,negocios_gestao_e_suporte
4282,48.6992221,53.8917956,42.2857707,36.2618734,negocios_gestao_e_suporte
4283,55.1526946,47.8971655,37.1983768,27.310803900000003,negocios_gestao_e_suporte
4284,47.200334,42.7474086,29.9689711,30.6332991,negocios_gestao_e_suporte
4285,60.3533041,49.0838472,30.8389811,19.8075353,negocios_gestao_e_suporte
4286,39.7068732,54.7632699,59.4726892,37.9405405,negocios_gestao_e_suporte
4287,56.216947,52.1134995,33.1135793,32.160592900000005,negocios_gestao_e_suporte
4288,60.092360600000006,34.2143565,28.172347800000004,23.756059099999998,negocios_gestao_e_suporte
4289,52.6013054,41.8819445,39.6503076,18.6904265,negocios_gestao_e_suporte
4290,71.58759,31.7836432,22.608888,19.9909645,negocios_gestao_e_suporte
4291,65.8997099,39.4895312,35.6690868,22.9298695,negocios_gestao_e_suporte
4292,74.6003231,39.835714,31.6190487,26.897408699999996,negocios_gestao_e_suporte
4293,73.8271989,27.7018908,33.883392099999995,11.3511455,negocios_gestao_e_suporte
4294,66.7913126,50.474592699999995,36.8841674,28.6380274,negocios_gestao_e_suporte
4295,60.6808401,35.4187427,33.9978277,21.9853126,negocios_gestao_e_suporte
4296,75.5077124,33.2867009,8.7558778,24.827413800000002,negocios_gestao_e_suporte
4297,66.6791719,41.259408400000005,25.649475,26.826359999999998,negocios_gestao_e_suporte
4298,72.3889426,42.0245886,33.5781609,25.8980782,negocios_gestao_e_suporte
4299,50.2431582,42.4323077,33.8210805,24.8572946,negocios_gestao_e_suporte
4300,61.7644263,41.9282174,32.7942027,31.400568,negocios_gestao_e_suporte
4301,48.6992221,53.8917956,42.2857707,36.2618734,negocios_gestao_e_suporte
4302,55.1526946,47.8971655,37.1983768,27.310803900000003,negocios_gestao_e_suporte
4303,47.200334,42.7474086,29.9689711,30.6332991,negocios_gestao_e_suporte
4304,60.3533041,49.0838472,30.8389811,19.8075353,negocios_gestao_e_suporte
4305,39.7068732,54.7632699,59.4726892,37.9405405,negocios_gestao_e_suporte
4306,56.216947,52.1134995,33.1135793,32.160592900000005,negocios_gestao_e_suporte
4307,60.092360600000006,34.2143565,28.172347800000004,23.756059099999998,negocios_gestao_e_suporte
4308,52.6013054,41.8819445,39.6503076,18.6904265,negocios_gestao_e_suporte
4309,71.58759,31.7836432,22.608888,19.9909645,negocios_gestao_e_suporte
4310,65.8997099,39.4895312,35.6690868,22.9298695,negocios_gestao_e_suporte
4311,74.6003231,39.835714,31.6190487,26.897408699999996,negocios_gestao_e_suporte
4312,73.8271989,27.7018908,33.883392099999995,11.3511455,negocios_gestao_e_suporte
4313,66.7913126,50.474592699999995,36.8841674,28.6380274,negocios_gestao_e_suporte
4314,60.6808401,35.4187427,33.9978277,21.9853126,negocios_gestao_e_suporte
4315,75.5077124,33.2867009,8.7558778,24.827413800000002,negocios_gestao_e_suporte
4316,66.6791719,41.259408400000005,25.649475,26.826359999999998,negocios_gestao_e_suporte
4317,72.3889426,42.0245886,33.5781609,25.8980782,negocios_gestao_e_suporte
4318,50.2431582,42.4323077,33.8210805,24.8572946,negocios_gestao_e_suporte
4319,61.7644263,41.9282174,32.7942027,31.400568,negocios_gestao_e_suporte
4320,57.8366944,42.0955015,28.622731499999997,26.0306194,seguranca_e_qualidade
4321,81.80010300000001,35.6244185,23.4093557,18.268266,seguranca_e_qualidade
4322,68.2928319,37.445813300000005,36.0714465,20.2579225,seguranca_e_qualidade
4323,63.860121199999995,31.7443304,28.946110800000003,19.130118600000003,seguranca_e_qualidade
4324,58.134993099999996,36.403373,36.2327224,29.178006,seguranca_e_qualidade
4325,58.003838900000005,37.1875842,22.6959546,26.080312100000004,seguranca_e_qualidade
4326,57.8366944,42.0955015,28.622731499999997,26.0306194,seguranca_e_qualidade
4327,81.80010300000001,35.6244185,23.4093557,18.268266,seguranca_e_qualidade
4328,68.2928319,37.445813300000005,36.0714465,20.2579225,seguranca_e_qualidade
4329,63.860121199999995,31.7443304,28.946110800000003,19.130118600000003,seguranca_e_qualidade
4330,58.134993099999996,36.403373,36.2327224,29.178006,seguranca_e_qualidade
4331,58.003838900000005,37.1875842,22.6959546,26.080312100000004,seguranca_e_qualidade
4332,57.8366944,42.0955015,28.622731499999997,26.0306194,seguranca_e_qualidade
4333,81.80010300000001,35.6244185,23.4093557,18.268266,seguranca_e_qualidade
4334,68.2928319,37.445813300000005,36.0714465,20.2579225,seguranca_e_qualidade
4335,63.860121199999995,31.7443304,28.946110800000003,19.130118600000003,seguranca_e_qualidade
4336,58.134993099999996,36.403373,36.2327224,29.178006,seguranca_e_qualidade
4337,58.003838900000005,37.1875842,22.6959546,26.080312100000004,seguranca_e_qualidade
4338,57.8366944,42.0955015,28.622731499999997,26.0306194,seguranca_e_qualidade
4339,81.80010300000001,35.6244185,23.4093557,18.268266,seguranca_e_qualidade
4340,68.2928319,37.445813300000005,36.0714465,20.2579225,seguranca_e_qualidade
4341,63.860121199999995,31.7443304,28.946110800000003,19.130118600000003,seguranca_e_qualidade
4342,58.134993099999996,36.403373,36.2327224,29.178006,seguranca_e_qualidade
4343,58.003838900000005,37.1875842,22.6959546,26.080312100000004,seguranca_e_qualidade
4344,57.8366944,42.0955015,28.622731499999997,26.0306194,seguranca_e_qualidade
4345,81.80010300000001,35.6244185,23.4093557,18.268266,seguranca_e_qualidade
4346,68.2928319,37.445813300000005,36.0714465,20.2579225,seguranca_e_qualidade
4347,63.860121199999995,31.7443304,28.946110800000003,19.130118600000003,seguranca_e_qualidade
4348,58.134993099999996,36.403373,36.2327224,29.178006,seguranca_e_qualidade
4349,58.003838900000005,37.1875842,22.6959546,26.080312100000004,seguranca_e_qualidade
4350,57.8366944,42.0955015,28.622731499999997,26.0306194,seguranca_e_qualidade
4351,81.80010300000001,35.6244185,23.4093557,18.268266,seguranca_e_qualidade
4352,68.2928319,37.445813300000005,36.0714465,20.2579225,seguranca_e_qualidade
4353,63.860121199999995,31.7443304,28.946110800000003,19.130118600000003,seguranca_e_qualidade
4354,58.134993099999996,36.403373,36.2327224,29.178006,seguranca_e_qualidade
4355,58.003838900000005,37.1875842,22.6959546,26.080312100000004,seguranca_e_qualidade
4356,57.8366944,42.0955015,28.622731499999997,26.0306194,seguranca_e_qualidade
4357,81.80010300000001,35.6244185,23.4093557,18.268266,seguranca_e_qualidade
4358,68.2928319,37.445813300000005,36.0714465,20.2579225,seguranca_e_qualidade
4359,63.860121199999995,31.7443304,28.946110800000003,19.130118600000003,seguranca_e_qualidade
4360,58.134993099999996,36.403373,36.2327224,29.178006,seguranca_e_qualidade
4361,58.003838900000005,37.1875842,22.6959546,26.080312100000004,seguranca_e_qualidade
4362,57.8366944,42.0955015,28.622731499999997,26.0306194,seguranca_e_qualidade
4363,81.80010300000001,35.6244185,23.4093557,18.268266,seguranca_e_qualidade
4364,68.2928319,37.445813300000005,36.0714465,20.2579225,seguranca_e_qualidade
4365,63.860121199999995,31.7443304,28.946110800000003,19.130118600000003,seguranca_e_qualidade
4366,58.134993099999996,36.403373,36.2327224,29.178006,seguranca_e_qualidade
4367,58.003838900000005,37.1875842,22.6959546,26.080312100000004,seguranca_e_qualidade
4368,57.8366944,42.0955015,28.622731499999997,26.0306194,seguranca_e_qualidade
4369,81.80010300000001,35.6244185,23.4093557,18.268266,seguranca_e_qualidade
4370,68.2928319,37.445813300000005,36.0714465,20.2579225,seguranca_e_qualidade
4371,63.860121199999995,31.7443304,28.946110800000003,19.130118600000003,seguranca_e_qualidade
4372,58.134993099999996,36.403373,36.2327224,29.178006,seguranca_e_qualidade
4373,58.003838900000005,37.1875842,22.6959546,26.080312100000004,seguranca_e_qualidade
4374,57.8366944,42.0955015,28.622731499999997,26.0306194,seguranca_e_qualidade
4375,81.80010300000001,35.6244185,23.4093557,18.268266,seguranca_e_qualidade
4376,68.2928319,37.445813300000005,36.0714465,20.2579225,seguranca_e_qualidade
4377,63.860121199999995,31.7443304,28.946110800000003,19.130118600000003,seguranca_e_qualidade
4378,58.134993099999996,36.403373,36.2327224,29.178006,seguranca_e_qualidade
4379,58.003838900000005,37.1875842,22.6959546,26.080312100000004,seguranca_e_qualidade
4380,57.8366944,42.0955015,28.622731499999997,26.0306194,seguranca_e_qualidade
4381,81.80010300000001,35.6244185,23.4093557,18.268266,seguranca_e_qualidade
4382,68.2928319,37.445813300000005,36.0714465,20.2579225,seguranca_e_qualidade
4383,63.860121199999995,31.7443304,28.946110800000003,19.130118600000003,seguranca_e_qualidade
4384,58.134993099999996,36.403373,36.2327224,29.178006,seguranca_e_qualidade
4385,58.003838900000005,37.1875842,22.6959546,26.080312100000004,seguranca_e_qualidade
4386,57.8366944,42.0955015,28.622731499999997,26.0306194,seguranca_e_qualidade
4387,81.80010300000001,35.6244185,23.4093557,18.268266,seguranca_e_qualidade
4388,68.2928319,37.445813300000005,36.0714465,20.2579225,seguranca_e_qualidade
4389,63.860121199999995,31.7443304,28.946110800000003,19.130118600000003,seguranca_e_qualidade
4390,58.134993099999996,36.403373,36.2327224,29.178006,seguranca_e_qualidade
4391,58.003838900000005,37.1875842,22.6959546,26.080312100000004,seguranca_e_qualidade
4392,57.8366944,42.0955015,28.622731499999997,26.0306194,seguranca_e_qualidade
4393,81.80010300000001,35.6244185,23.4093557,18.268266,seguranca_e_qualidade
4394,68.2928319,37.445813300000005,36.0714465,20.2579225,seguranca_e_qualidade
4395,63.860121199999995,31.7443304,28.946110800000003,19.130118600000003,seguranca_e_qualidade
4396,58.134993099999996,36.403373,36.2327224,29.178006,seguranca_e_qualidade
4397,58.003838900000005,37.1875842,22.6959546,26.080312100000004,seguranca_e_qualidade
4398,57.8366944,42.0955015,28.622731499999997,26.0306194,seguranca_e_qualidade
4399,81.80010300000001,35.6244185,23.4093557,18.268266,seguranca_e_qualidade
4400,68.2928319,37.445813300000005,36.0714465,20.2579225,seguranca_e_qualidade
4401,63.860121199999995,31.7443304,28.946110800000003,19.130118600000003,seguranca_e_qualidade
4402,58.134993099999996,36.403373,36.2327224,29.178006,seguranca_e_qualidade
4403,58.003838900000005,37.1875842,22.6959546,26.080312100000004,seguranca_e_qualidade
4404,57.8366944,42.0955015,28.622731499999997,26.0306194,seguranca_e_qualidade
4405,81.80010300000001,35.6244185,23.4093557,18.268266,seguranca_e_qualidade
4406,68.2928319,37.445813300000005,36.0714465,20.2579225,seguranca_e_qualidade
4407,63.860121199999995,31.7443304,28.946110800000003,19.130118600000003,seguranca_e_qualidade
4408,58.134993099999996,36.403373,36.2327224,29.178006,seguranca_e_qualidade
4409,58.003838900000005,37.1875842,22.6959546,26.080312100000004,seguranca_e_qualidade
4410,57.8366944,42.0955015,28.622731499999997,26.0306194,seguranca_e_qualidade
4411,81.80010300000001,35.6244185,23.4093557,18.268266,seguranca_e_qualidade
4412,68.2928319,37.445813300000005,36.0714465,20.2579225,seguranca_e_qualidade
4413,63.860121199999995,31.7443304,28.946110800000003,19.130118600000003,seguranca_e_qualidade
4414,58.134993099999996,36.403373,36.2327224,29.178006,seguranca_e_qualidade
4415,58.003838900000005,37.1875842,22.6959546,26.080312100000004,seguranca_e_qualidade
4416,57.8366944,42.0955015,28.622731499999997,26.0306194,seguranca_e_qualidade
4417,81.80010300000001,35.6244185,23.4093557,18.268266,seguranca_e_qualidade
4418,68.2928319,37.445813300000005,36.0714465,20.2579225,seguranca_e_qualidade
4419,63.860121199999995,31.7443304,28.946110800000003,19.130118600000003,seguranca_e_qualidade
4420,58.134993099999996,36.403373,36.2327224,29.178006,seguranca_e_qualidade
4421,58.003838900000005,37.1875842,22.6959546,26.080312100000004,seguranca_e_qualidade
4422,57.8366944,42.0955015,28.622731499999997,26.0306194,seguranca_e_qualidade
4423,81.80010300000001,35.6244185,23.4093557,18.268266,seguranca_e_qualidade
4424,68.2928319,37.445813300000005,36.0714465,20.2579225,seguranca_e_qualidade
4425,63.860121199999995,31.7443304,28.946110800000003,19.130118600000003,seguranca_e_qualidade
4426,58.134993099999996,36.403373,36.2327224,29.178006,seguranca_e_qualidade
4427,58.003838900000005,37.1875842,22.6959546,26.080312100000004,seguranca_e_qualidade
4428,57.8366944,42.0955015,28.622731499999997,26.0306194,seguranca_e_qualidade
4429,81.80010300000001,35.6244185,23.4093557,18.268266,seguranca_e_qualidade
4430,68.2928319,37.445813300000005,36.0714465,20.2579225,seguranca_e_qualidade
4431,63.860121199999995,31.7443304,28.946110800000003,19.130118600000003,seguranca_e_qualidade
4432,58.134993099999996,36.403373,36.2327224,29.178006,seguranca_e_qualidade
4433,58.003838900000005,37.1875842,22.6959546,26.080312100000004,seguranca_e_qualidade
4434,57.8366944,42.0955015,28.622731499999997,26.0306194,seguranca_e_qualidade
4435,81.80010300000001,35.6244185,23.4093557,18.268266,seguranca_e_qualidade
4436,68.2928319,37.445813300000005,36.0714465,20.2579225,seguranca_e_qualidade
4437,63.860121199999995,31.7443304,28.946110800000003,19.130118600000003,seguranca_e_qualidade
4438,58.134993099999996,36.403373,36.2327224,29.178006,seguranca_e_qualidade
4439,58.003838900000005,37.1875842,22.6959546,26.080312100000004,seguranca_e_qualidade
4440,57.8366944,42.0955015,28.622731499999997,26.0306194,seguranca_e_qualidade
4441,81.80010300000001,35.6244185,23.4093557,18.268266,seguranca_e_qualidade
4442,68.2928319,37.445813300000005,36.0714465,20.2579225,seguranca_e_qualidade
4443,63.860121199999995,31.7443304,28.946110800000003,19.130118600000003,seguranca_e_qualidade
4444,58.134993099999996,36.403373,36.2327224,29.178006,seguranca_e_qualidade
4445,58.003838900000005,37.1875842,22.6959546,26.080312100000004,seguranca_e_qualidade
4446,57.8366944,42.0955015,28.622731499999997,26.0306194,seguranca_e_qualidade
4447,81.80010300000001,35.6244185,23.4093557,18.268266,seguranca_e_qualidade
4448,68.2928319,37.445813300000005,36.0714465,20.2579225,seguranca_e_qualidade
4449,63.860121199999995,31.7443304,28.946110800000003,19.130118600000003,seguranca_e_qualidade
4450,58.134993099999996,36.403373,36.2327224,29.178006,seguranca_e_qualidade
4451,58.003838900000005,37.1875842,22.6959546,26.080312100000004,seguranca_e_qualidade
4452,57.8366944,42.0955015,28.622731499999997,26.0306194,seguranca_e_qualidade
4453,81.80010300000001,35.6244185,23.4093557,18.268266,seguranca_e_qualidade
4454,68.2928319,37.445813300000005,36.0714465,20.2579225,seguranca_e_qualidade
4455,63.860121199999995,31.7443304,28.946110800000003,19.130118600000003,seguranca_e_qualidade
4456,58.134993099999996,36.403373,36.2327224,29.178006,seguranca_e_qualidade
4457,58.003838900000005,37.1875842,22.6959546,26.080312100000004,seguranca_e_qualidade
4458,57.8366944,42.0955015,28.622731499999997,26.0306194,seguranca_e_qualidade
4459,81.80010300000001,35.6244185,23.4093557,18.268266,seguranca_e_qualidade
4460,68.2928319,37.445813300000005,36.0714465,20.2579225,seguranca_e_qualidade
4461,63.860121199999995,31.7443304,28.946110800000003,19.130118600000003,seguranca_e_qualidade
4462,58.134993099999996,36.403373,36.2327224,29.178006,seguranca_e_qualidade
4463,58.003838900000005,37.1875842,22.6959546,26.080312100000004,seguranca_e_qualidade
4464,57.8366944,42.0955015,28.622731499999997,26.0306194,seguranca_e_qualidade
4465,81.80010300000001,35.6244185,23.4093557,18.268266,seguranca_e_qualidade
4466,68.2928319,37.445813300000005,36.0714465,20.2579225,seguranca_e_qualidade
4467,63.860121199999995,31.7443304,28.946110800000003,19.130118600000003,seguranca_e_qualidade
4468,58.134993099999996,36.403373,36.2327224,29.178006,seguranca_e_qualidade
4469,58.003838900000005,37.1875842,22.6959546,26.080312100000004,seguranca_e_qualidade
4470,57.8366944,42.0955015,28.622731499999997,26.0306194,seguranca_e_qualidade
4471,81.80010300000001,35.6244185,23.4093557,18.268266,seguranca_e_qualidade
4472,68.2928319,37.445813300000005,36.0714465,20.2579225,seguranca_e_qualidade
4473,63.860121199999995,31.7443304,28.946110800000003,19.130118600000003,seguranca_e_qualidade
4474,58.134993099999996,36.403373,36.2327224,29.178006,seguranca_e_qualidade
4475,58.003838900000005,37.1875842,22.6959546,26.080312100000004,seguranca_e_qualidade
4476,57.8366944,42.0955015,28.622731499999997,26.0306194,seguranca_e_qualidade
4477,81.80010300000001,35.6244185,23.4093557,18.268266,seguranca_e_qualidade
4478,68.2928319,37.445813300000005,36.0714465,20.2579225,seguranca_e_qualidade
4479,63.860121199999995,31.7443304,28.946110800000003,19.130118600000003,seguranca_e_qualidade
4480,58.134993099999996,36.403373,36.2327224,29.178006,seguranca_e_qualidade
4481,58.003838900000005,37.1875842,22.6959546,26.080312100000004,seguranca_e_qualidade
4482,57.8366944,42.0955015,28.622731499999997,26.0306194,seguranca_e_qualidade
4483,81.80010300000001,35.6244185,23.4093557,18.268266,seguranca_e_qualidade
4484,68.2928319,37.445813300000005,36.0714465,20.2579225,seguranca_e_qualidade
4485,63.860121199999995,31.7443304,28.946110800000003,19.130118600000003,seguranca_e_qualidade
4486,58.134993099999996,36.403373,36.2327224,29.178006,seguranca_e_qualidade
4487,58.003838900000005,37.1875842,22.6959546,26.080312100000004,seguranca_e_qualidade
4488,57.8366944,42.0955015,28.622731499999997,26.0306194,seguranca_e_qualidade
4489,81.80010300000001,35.6244185,23.4093557,18.268266,seguranca_e_qualidade
4490,68.2928319,37.445813300000005,36.0714465,20.2579225,seguranca_e_qualidade
4491,63.860121199999995,31.7443304,28.946110800000003,19.130118600000003,seguranca_e_qualidade
4492,58.134993099999996,36.403373,36.2327224,29.178006,seguranca_e_qualidade
4493,58.003838900000005,37.1875842,22.6959546,26.080312100000004,seguranca_e_qualidade
4494,57.8366944,42.0955015,28.622731499999997,26.0306194,seguranca_e_qualidade
4495,81.80010300000001,35.6244185,23.4093557,18.268266,seguranca_e_qualidade
4496,68.2928319,37.445813300000005,36.0714465,20.2579225,seguranca_e_qualidade
4497,63.860121199999995,31.7443304,28.946110800000003,19.130118600000003,seguranca_e_qualidade
4498,58.134993099999996,36.403373,36.2327224,29.178006,seguranca_e_qualidade
4499,58.003838900000005,37.1875842,22.6959546,26.080312100000004,seguranca_e_qualidade
4500,57.8366944,42.0955015,28.622731499999997,26.0306194,seguranca_e_qualidade
4501,81.80010300000001,35.6244185,23.4093557,18.268266,seguranca_e_qualidade
4502,68.2928319,37.445813300000005,36.0714465,20.2579225,seguranca_e_qualidade
4503,63.860121199999995,31.7443304,28.946110800000003,19.130118600000003,seguranca_e_qualidade
4504,58.134993099999996,36.403373,36.2327224,29.178006,seguranca_e_qualidade
4505,58.003838900000005,37.1875842,22.6959546,26.080312100000004,seguranca_e_qualidade
4506,57.8366944,42.0955015,28.622731499999997,26.0306194,seguranca_e_qualidade
4507,81.80010300000001,35.6244185,23.4093557,18.268266,seguranca_e_qualidade
4508,68.2928319,37.445813300000005,36.0714465,20.2579225,seguranca_e_qualidade
4509,63.860121199999995,31.7443304,28.946110800000003,19.130118600000003,seguranca_e_qualidade
4510,58.134993099999996,36.403373,36.2327224,29.178006,seguranca_e_qualidade
4511,58.003838900000005,37.1875842,22.6959546,26.080312100000004,seguranca_e_qualidade
4512,57.8366944,42.0955015,28.622731499999997,26.0306194,seguranca_e_qualidade
4513,81.80010300000001,35.6244185,23.4093557,18.268266,seguranca_e_qualidade
4514,68.2928319,37.445813300000005,36.0714465,20.2579225,seguranca_e_qualidade
4515,63.860121199999995,31.7443304,28.946110800000003,19.130118600000003,seguranca_e_qualidade
4516,58.134993099999996,36.403373,36.2327224,29.178006,seguranca_e_qualidade
4517,58.003838900000005,37.1875842,22.6959546,26.080312100000004,seguranca_e_qualidade
4518,57.8366944,42.0955015,28.622731499999997,26.0306194,seguranca_e_qualidade
4519,81.80010300000001,35.6244185,23.4093557,18.268266,seguranca_e_qualidade
4520,68.2928319,37.445813300000005,36.0714465,20.2579225,seguranca_e_qualidade
4521,63.860121199999995,31.7443304,28.946110800000003,19.130118600000003,seguranca_e_qualidade
4522,58.134993099999996,36.403373,36.2327224,29.178006,seguranca_e_qualidade
4523,58.003838900000005,37.1875842,22.6959546,26.080312100000004,seguranca_e_qualidade
4524,57.8366944,42.0955015,28.622731499999997,26.0306194,seguranca_e_qualidade
4525,81.80010300000001,35.6244185,23.4093557,18.268266,seguranca_e_qualidade
4526,68.2928319,37.445813300000005,36.0714465,20.2579225,seguranca_e_qualidade
4527,63.860121199999995,31.7443304,28.946110800000003,19.130118600000003,seguranca_e_qualidade
4528,58.134993099999996,36.403373,36.2327224,29.178006,seguranca_e_qualidade
4529,58.003838900000005,37.1875842,22.6959546,26.080312100000004,seguranca_e_qualidade
4530,57.8366944,42.0955015,28.622731499999997,26.0306194,seguranca_e_qualidade
4531,81.80010300000001,35.6244185,23.4093557,18.268266,seguranca_e_qualidade
4532,68.2928319,37.445813300000005,36.0714465,20.2579225,seguranca_e_qualidade
4533,63.860121199999995,31.7443304,28.946110800000003,19.130118600000003,seguranca_e_qualidade
4534,58.134993099999996,36.403373,36.2327224,29.178006,seguranca_e_qualidade
4535,58.003838900000005,37.1875842,22.6959546,26.080312100000004,seguranca_e_qualidade
4536,57.8366944,42.0955015,28.622731499999997,26.0306194,seguranca_e_qualidade
4537,81.80010300000001,35.6244185,23.4093557,18.268266,seguranca_e_qualidade
4538,68.2928319,37.445813300000005,36.0714465,20.2579225,seguranca_e_qualidade
4539,63.860121199999995,31.7443304,28.946110800000003,19.130118600000003,seguranca_e_qualidade
4540,58.134993099999996,36.403373,36.2327224,29.178006,seguranca_e_qualidade
4541,58.003838900000005,37.1875842,22.6959546,26.080312100000004,seguranca_e_qualidade
4542,57.8366944,42.0955015,28.622731499999997,26.0306194,seguranca_e_qualidade
4543,81.80010300000001,35.6244185,23.4093557,18.268266,seguranca_e_qualidade
4544,68.2928319,37.445813300000005,36.0714465,20.2579225,seguranca_e_qualidade
4545,63.860121199999995,31.7443304,28.946110800000003,19.130118600000003,seguranca_e_qualidade
4546,58.134993099999996,36.403373,36.2327224,29.178006,seguranca_e_qualidade
4547,58.003838900000005,37.1875842,22.6959546,26.080312100000004,seguranca_e_qualidade
4548,57.8366944,42.0955015,28.622731499999997,26.0306194,seguranca_e_qualidade
4549,81.80010300000001,35.6244185,23.4093557,18.268266,seguranca_e_qualidade
4550,68.2928319,37.445813300000005,36.0714465,20.2579225,seguranca_e_qualidade
4551,63.860121199999995,31.7443304,28.946110800000003,19.130118600000003,seguranca_e_qualidade
4552,58.134993099999996,36.403373,36.2327224,29.178006,seguranca_e_qualidade
4553,58.003838900000005,37.1875842,22.6959546,26.080312100000004,seguranca_e_qualidade
4554,57.8366944,42.0955015,28.622731499999997,26.0306194,seguranca_e_qualidade
4555,81.80010300000001,35.6244185,23.4093557,18.268266,seguranca_e_qualidade
4556,68.2928319,37.445813300000005,36.0714465,20.2579225,seguranca_e_qualidade
4557,63.860121199999995,31.7443304,28.946110800000003,19.130118600000003,seguranca_e_qualidade
4558,58.134993099999996,36.403373,36.2327224,29.178006,seguranca_e_qualidade
4559,58.003838900000005,37.1875842,22.6959546,26.080312100000004,seguranca_e_qualidade
4560,57.8366944,42.0955015,28.622731499999997,26.0306194,seguranca_e_qualidade
4561,81.80010300000001,35.6244185,23.4093557,18.268266,seguranca_e_qualidade
4562,68.2928319,37.445813300000005,36.0714465,20.2579225,seguranca_e_qualidade
4563,63.860121199999995,31.7443304,28.946110800000003,19.130118600000003,seguranca_e_qualidade
4564,58.134993099999996,36.403373,36.2327224,29.178006,seguranca_e_qualidade
4565,58.003838900000005,37.1875842,22.6959546,26.080312100000004,seguranca_e_qualidade
4566,57.8366944,42.0955015,28.622731499999997,26.0306194,seguranca_e_qualidade
4567,81.80010300000001,35.6244185,23.4093557,18.268266,seguranca_e_qualidade
4568,68.2928319,37.445813300000005,36.0714465,20.2579225,seguranca_e_qualidade
4569,63.860121199999995,31.7443304,28.946110800000003,19.130118600000003,seguranca_e_qualidade
4570,58.134993099999996,36.403373,36.2327224,29.178006,seguranca_e_qualidade
4571,58.003838900000005,37.1875842,22.6959546,26.080312100000004,seguranca_e_qualidade
4572,57.8366944,42.0955015,28.622731499999997,26.0306194,seguranca_e_qualidade
4573,81.80010300000001,35.6244185,23.4093557,18.268266,seguranca_e_qualidade
4574,68.2928319,37.445813300000005,36.0714465,20.2579225,seguranca_e_qualidade
4575,63.860121199999995,31.7443304,28.946110800000003,19.130118600000003,seguranca_e_qualidade
4576,58.134993099999996,36.403373,36.2327224,29.178006,seguranca_e_qualidade
4577,58.003838900000005,37.1875842,22.6959546,26.080312100000004,seguranca_e_qualidade
4578,57.8366944,42.0955015,28.622731499999997,26.0306194,seguranca_e_qualidade
4579,81.80010300000001,35.6244185,23.4093557,18.268266,seguranca_e_qualidade
4580,68.2928319,37.445813300000005,36.0714465,20.2579225,seguranca_e_qualidade
4581,63.860121199999995,31.7443304,28.946110800000003,19.130118600000003,seguranca_e_qualidade
4582,58.134993099999996,36.403373,36.2327224,29.178006,seguranca_e_qualidade
4583,58.003838900000005,37.1875842,22.6959546,26.080312100000004,seguranca_e_qualidade
4584,57.8366944,42.0955015,28.622731499999997,26.0306194,seguranca_e_qualidade
4585,81.80010300000001,35.6244185,23.4093557,18.268266,seguranca_e_qualidade
4586,68.2928319,37.445813300000005,36.0714465,20.2579225,seguranca_e_qualidade
4587,63.860121199999995,31.7443304,28.946110800000003,19.130118600000003,seguranca_e_qualidade
4588,58.134993099999996,36.403373,36.2327224,29.178006,seguranca_e_qualidade
4589,58.003838900000005,37.1875842,22.6959546,26.080312100000004,seguranca_e_qualidade
4590,57.8366944,42.0955015,28.622731499999997,26.0306194,seguranca_e_qualidade
4591,81.80010300000001,35.6244185,23.4093557,18.268266,seguranca_e_qualidade
4592,68.2928319,37.445813300000005,36.0714465,20.2579225,seguranca_e_qualidade
4593,63.860121199999995,31.7443304,28.946110800000003,19.130118600000003,seguranca_e_qualidade
4594,58.134993099999996,36.403373,36.2327224,29.178006,seguranca_e_qualidade
4595,58.003838900000005,37.1875842,22.6959546,26.080312100000004,seguranca_e_qualidade
4596,57.8366944,42.0955015,28.622731499999997,26.0306194,seguranca_e_qualidade
4597,81.80010300000001,35.6244185,23.4093557,18.268266,seguranca_e_qualidade
4598,68.2928319,37.445813300000005,36.0714465,20.2579225,seguranca_e_qualidade
4599,63.860121199999995,31.7443304,28.946110800000003,19.130118600000003,seguranca_e_qualidade
4600,58.134993099999996,36.403373,36.2327224,29.178006,seguranca_e_qualidade
4601,58.003838900000005,37.1875842,22.6959546,26.080312100000004,seguranca_e_qualidade
4602,57.8366944,42.0955015,28.622731499999997,26.0306194,seguranca_e_qualidade
4603,81.80010300000001,35.6244185,23.4093557,18.268266,seguranca_e_qualidade
4604,68.2928319,37.445813300000005,36.0714465,20.2579225,seguranca_e_qualidade
4605,63.860121199999995,31.7443304,28.946110800000003,19.130118600000003,seguranca_e_qualidade
4606,58.134993099999996,36.403373,36.2327224,29.178006,seguranca_e_qualidade
4607,58.003838900000005,37.1875842,22.6959546,26.080312100000004,seguranca_e_qualidade
4608,57.8366944,42.0955015,28.622731499999997,26.0306194,seguranca_e_qualidade
4609,81.80010300000001,35.6244185,23.4093557,18.268266,seguranca_e_qualidade
4610,68.2928319,37.445813300000005,36.0714465,20.2579225,seguranca_e_qualidade
4611,63.860121199999995,31.7443304,28.946110800000003,19.130118600000003,seguranca_e_qualidade
4612,58.134993099999996,36.403373,36.2327224,29.178006,seguranca_e_qualidade
4613,58.003838900000005,37.1875842,22.6959546,26.080312100000004,seguranca_e_qualidade
4614,57.8366944,42.0955015,28.622731499999997,26.0306194,seguranca_e_qualidade
4615,81.80010300000001,35.6244185,23.4093557,18.268266,seguranca_e_qualidade
4616,68.2928319,37.445813300000005,36.0714465,20.2579225,seguranca_e_qualidade
4617,63.860121199999995,31.7443304,28.946110800000003,19.130118600000003,seguranca_e_qualidade
4618,58.134993099999996,36.403373,36.2327224,29.178006,seguranca_e_qualidade
4619,58.003838900000005,37.1875842,22.6959546,26.080312100000004,seguranca_e_qualidade
4620,57.8366944,42.0955015,28.622731499999997,26.0306194,seguranca_e_qualidade
4621,81.80010300000001,35.6244185,23.4093557,18.268266,seguranca_e_qualidade
4622,68.2928319,37.445813300000005,36.0714465,20.2579225,seguranca_e_qualidade
4623,63.860121199999995,31.7443304,28.946110800000003,19.130118600000003,seguranca_e_qualidade
4624,58.134993099999996,36.403373,36.2327224,29.178006,seguranca_e_qualidade
4625,58.003838900000005,37.1875842,22.6959546,26.080312100000004,seguranca_e_qualidade
4626,57.8366944,42.0955015,28.622731499999997,26.0306194,seguranca_e_qualidade
4627,81.80010300000001,35.6244185,23.4093557,18.268266,seguranca_e_qualidade
4628,68.2928319,37.445813300000005,36.0714465,20.2579225,seguranca_e_qualidade
4629,63.860121199999995,31.7443304,28.946110800000003,19.130118600000003,seguranca_e_qualidade
4630,58.134993099999996,36.403373,36.2327224,29.178006,seguranca_e_qualidade
4631,58.003838900000005,37.1875842,22.6959546,26.080312100000004,seguranca_e_qualidade
4632,57.8366944,42.0955015,28.622731499999997,26.0306194,seguranca_e_qualidade
4633,81.80010300000001,35.6244185,23.4093557,18.268266,seguranca_e_qualidade
4634,68.2928319,37.445813300000005,36.0714465,20.2579225,seguranca_e_qualidade
4635,63.860121199999995,31.7443304,28.946110800000003,19.130118600000003,seguranca_e_qualidade
4636,58.134993099999996,36.403373,36.2327224,29.178006,seguranca_e_qualidade
4637,58.003838900000005,37.1875842,22.6959546,26.080312100000004,seguranca_e_qualidade
4638,57.8366944,42.0955015,28.622731499999997,26.0306194,seguranca_e_qualidade
4639,81.80010300000001,35.6244185,23.4093557,18.268266,seguranca_e_qualidade
4640,68.2928319,37.445813300000005,36.0714465,20.2579225,seguranca_e_qualidade
4641,63.860121199999995,31.7443304,28.946110800000003,19.130118600000003,seguranca_e_qualidade
4642,58.134993099999996,36.403373,36.2327224,29.178006,seguranca_e_qualidade
4643,58.003838900000005,37.1875842,22.6959546,26.080312100000004,seguranca_e_qualidade
4644,57.8366944,42.0955015,28.622731499999997,26.0306194,seguranca_e_qualidade
4645,81.80010300000001,35.6244185,23.4093557,18.268266,seguranca_e_qualidade
4646,68.2928319,37.445813300000005,36.0714465,20.2579225,seguranca_e_qualidade
4647,63.860121199999995,31.7443304,28.946110800000003,19.130118600000003,seguranca_e_qualidade
4648,58.134993099999996,36.403373,36.2327224,29.178006,seguranca_e_qualidade
4649,58.003838900000005,37.1875842,22.6959546,26.080312100000004,seguranca_e_qualidade
4650,57.8366944,42.0955015,28.622731499999997,26.0306194,seguranca_e_qualidade
4651,81.80010300000001,35.6244185,23.4093557,18.268266,seguranca_e_qualidade
4652,68.2928319,37.445813300000005,36.0714465,20.2579225,seguranca_e_qualidade
4653,63.860121199999995,31.7443304,28.946110800000003,19.130118600000003,seguranca_e_qualidade
4654,58.134993099999996,36.403373,36.2327224,29.178006,seguranca_e_qualidade
4655,58.003838900000005,37.1875842,22.6959546,26.080312100000004,seguranca_e_qualidade
4656,57.8366944,42.0955015,28.622731499999997,26.0306194,seguranca_e_qualidade
4657,81.80010300000001,35.6244185,23.4093557,18.268266,seguranca_e_qualidade
4658,68.2928319,37.445813300000005,36.0714465,20.2579225,seguranca_e_qualidade
4659,63.860121199999995,31.7443304,28.946110800000003,19.130118600000003,seguranca_e_qualidade
4660,58.134993099999996,36.403373,36.2327224,29.178006,seguranca_e_qualidade
4661,58.003838900000005,37.1875842,22.6959546,26.080312100000004,seguranca_e_qualidade
4662,57.8366944,42.0955015,28.622731499999997,26.0306194,seguranca_e_qualidade
4663,81.80010300000001,35.6244185,23.4093557,18.268266,seguranca_e_qualidade
4664,68.2928319,37.445813300000005,36.0714465,20.2579225,seguranca_e_qualidade
4665,63.860121199999995,31.7443304,28.946110800000003,19.130118600000003,seguranca_e_qualidade
4666,58.134993099999996,36.403373,36.2327224,29.178006,seguranca_e_qualidade
4667,58.003838900000005,37.1875842,22.6959546,26.080312100000004,seguranca_e_qualidade
4668,57.8366944,42.0955015,28.622731499999997,26.0306194,seguranca_e_qualidade
4669,81.80010300000001,35.6244185,23.4093557,18.268266,seguranca_e_qualidade
4670,68.2928319,37.445813300000005,36.0714465,20.2579225,seguranca_e_qualidade
4671,63.860121199999995,31.7443304,28.946110800000003,19.130118600000003,seguranca_e_qualidade
4672,58.134993099999996,36.403373,36.2327224,29.178006,seguranca_e_qualidade
4673,58.003838900000005,37.1875842,22.6959546,26.080312100000004,seguranca_e_qualidade
4674,57.8366944,42.0955015,28.622731499999997,26.0306194,seguranca_e_qualidade
4675,81.80010300000001,35.6244185,23.4093557,18.268266,seguranca_e_qualidade
4676,68.2928319,37.445813300000005,36.0714465,20.2579225,seguranca_e_qualidade
4677,63.860121199999995,31.7443304,28.946110800000003,19.130118600000003,seguranca_e_qualidade
4678,58.134993099999996,36.403373,36.2327224,29.178006,seguranca_e_qualidade
4679,58.003838900000005,37.1875842,22.6959546,26.080312100000004,seguranca_e_qualidade
4680,57.8366944,42.0955015,28.622731499999997,26.0306194,seguranca_e_qualidade
4681,81.80010300000001,35.6244185,23.4093557,18.268266,seguranca_e_qualidade
4682,68.2928319,37.445813300000005,36.0714465,20.2579225,seguranca_e_qualidade
4683,63.860121199999995,31.7443304,28.946110800000003,19.130118600000003,seguranca_e_qualidade
4684,58.134993099999996,36.403373,36.2327224,29.178006,seguranca_e_qualidade
4685,58.003838900000005,37.1875842,22.6959546,26.080312100000004,seguranca_e_qualidade
4686,57.8366944,42.0955015,28.622731499999997,26.0306194,seguranca_e_qualidade
4687,81.80010300000001,35.6244185,23.4093557,18.268266,seguranca_e_qualidade
4688,68.2928319,37.445813300000005,36.0714465,20.2579225,seguranca_e_qualidade
4689,63.860121199999995,31.7443304,28.946110800000003,19.130118600000003,seguranca_e_qualidade
4690,58.134993099999996,36.403373,36.2327224,29.178006,seguranca_e_qualidade
4691,58.003838900000005,37.1875842,22.6959546,26.080312100000004,seguranca_e_qualidade
4692,57.8366944,42.0955015,28.622731499999997,26.0306194,seguranca_e_qualidade
4693,81.80010300000001,35.6244185,23.4093557,18.268266,seguranca_e_qualidade
4694,68.2928319,37.445813300000005,36.0714465,20.2579225,seguranca_e_qualidade
4695,63.860121199999995,31.7443304,28.946110800000003,19.130118600000003,seguranca_e_qualidade
4696,58.134993099999996,36.403373,36.2327224,29.178006,seguranca_e_qualidade
4697,58.003838900000005,37.1875842,22.6959546,26.080312100000004,seguranca_e_qualidade
4698,57.8366944,42.0955015,28.622731499999997,26.0306194,seguranca_e_qualidade
4699,81.80010300000001,35.6244185,23.4093557,18.268266,seguranca_e_qualidade
4700,68.2928319,37.445813300000005,36.0714465,20.2579225,seguranca_e_qualidade
4701,63.860121199999995,31.7443304,28.946110800000003,19.130118600000003,seguranca_e_qualidade
4702,58.134993099999996,36.403373,36.2327224,29.178006,seguranca_e_qualidade
4703,58.003838900000005,37.1875842,22.6959546,26.080312100000004,seguranca_e_qualidade
4704,57.8366944,42.0955015,28.622731499999997,26.0306194,seguranca_e_qualidade
4705,81.80010300000001,35.6244185,23.4093557,18.268266,seguranca_e_qualidade
4706,68.2928319,37.445813300000005,36.0714465,20.2579225,seguranca_e_qualidade
4707,63.860121199999995,31.7443304,28.946110800000003,19.130118600000003,seguranca_e_qualidade
4708,58.134993099999996,36.403373,36.2327224,29.178006,seguranca_e_qualidade
4709,58.003838900000005,37.1875842,22.6959546,26.080312100000004,seguranca_e_qualidade
4710,57.8366944,42.0955015,28.622731499999997,26.0306194,seguranca_e_qualidade
4711,81.80010300000001,35.6244185,23.4093557,18.268266,seguranca_e_qualidade
4712,68.2928319,37.445813300000005,36.0714465,20.2579225,seguranca_e_qualidade
4713,63.860121199999995,31.7443304,28.946110800000003,19.130118600000003,seguranca_e_qualidade
4714,58.134993099999996,36.403373,36.2327224,29.178006,seguranca_e_qualidade
4715,58.003838900000005,37.1875842,22.6959546,26.080312100000004,seguranca_e_qualidade
4716,57.8366944,42.0955015,28.622731499999997,26.0306194,seguranca_e_qualidade
4717,81.80010300000001,35.6244185,23.4093557,18.268266,seguranca_e_qualidade
4718,68.2928319,37.445813300000005,36.0714465,20.2579225,seguranca_e_qualidade
4719,63.860121199999995,31.7443304,28.946110800000003,19.130118600000003,seguranca_e_qualidade
4720,58.134993099999996,36.403373,36.2327224,29.178006,seguranca_e_qualidade
4721,58.003838900000005,37.1875842,22.6959546,26.080312100000004,seguranca_e_qualidade
4722,57.8366944,42.0955015,28.622731499999997,26.0306194,seguranca_e_qualidade
4723,81.80010300000001,35.6244185,23.4093557,18.268266,seguranca_e_qualidade
4724,68.2928319,37.445813300000005,36.0714465,20.2579225,seguranca_e_qualidade
4725,63.860121199999995,31.7443304,28.946110800000003,19.130118600000003,seguranca_e_qualidade
4726,58.134993099999996,36.403373,36.2327224,29.178006,seguranca_e_qualidade
4727,58.003838900000005,37.1875842,22.6959546,26.080312100000004,seguranca_e_qualidade
4728,57.8366944,42.0955015,28.622731499999997,26.0306194,seguranca_e_qualidade
4729,81.80010300000001,35.6244185,23.4093557,18.268266,seguranca_e_qualidade
4730,68.2928319,37.445813300000005,36.0714465,20.2579225,seguranca_e_qualidade
4731,63.860121199999995,31.7443304,28.946110800000003,19.130118600000003,seguranca_e_qualidade
4732,58.134993099999996,36.403373,36.2327224,29.178006,seguranca_e_qualidade
4733,58.003838900000005,37.1875842,22.6959546,26.080312100000004,seguranca_e_qualidade
4734,57.8366944,42.0955015,28.622731499999997,26.0306194,seguranca_e_qualidade
4735,81.80010300000001,35.6244185,23.4093557,18.268266,seguranca_e_qualidade
4736,68.2928319,37.445813300000005,36.0714465,20.2579225,seguranca_e_qualidade
4737,63.860121199999995,31.7443304,28.946110800000003,19.130118600000003,seguranca_e_qualidade
4738,58.134993099999996,36.403373,36.2327224,29.178006,seguranca_e_qualidade
4739,58.003838900000005,37.1875842,22.6959546,26.080312100000004,seguranca_e_qualidade
4740,57.8366944,42.0955015,28.622731499999997,26.0306194,seguranca_e_qualidade
4741,81.80010300000001,35.6244185,23.4093557,18.268266,seguranca_e_qualidade
4742,68.2928319,37.445813300000005,36.0714465,20.2579225,seguranca_e_qualidade
4743,63.860121199999995,31.7443304,28.946110800000003,19.130118600000003,seguranca_e_qualidade
4744,58.134993099999996,36.403373,36.2327224,29.178006,seguranca_e_qualidade
4745,58.003838900000005,37.1875842,22.6959546,26.080312100000004,seguranca_e_qualidade
4746,57.8366944,42.0955015,28.622731499999997,26.0306194,seguranca_e_qualidade
4747,81.80010300000001,35.6244185,23.4093557,18.268266,seguranca_e_qualidade
4748,68.2928319,37.445813300000005,36.0714465,20.2579225,seguranca_e_qualidade
4749,63.860121199999995,31.7443304,28.946110800000003,19.130118600000003,seguranca_e_qualidade
4750,58.134993099999996,36.403373,36.2327224,29.178006,seguranca_e_qualidade
4751,58.003838900000005,37.1875842,22.6959546,26.080312100000004,seguranca_e_qualidade
4752,57.8366944,42.0955015,28.622731499999997,26.0306194,seguranca_e_qualidade
4753,81.80010300000001,35.6244185,23.4093557,18.268266,seguranca_e_qualidade
4754,68.2928319,37.445813300000005,36.0714465,20.2579225,seguranca_e_qualidade
4755,63.860121199999995,31.7443304,28.946110800000003,19.130118600000003,seguranca_e_qualidade
4756,58.134993099999996,36.403373,36.2327224,29.178006,seguranca_e_qualidade
4757,58.003838900000005,37.1875842,22.6959546,26.080312100000004,seguranca_e_qualidade
4758,57.8366944,42.0955015,28.622731499999997,26.0306194,seguranca_e_qualidade
4759,81.80010300000001,35.6244185,23.4093557,18.268266,seguranca_e_qualidade
4760,68.2928319,37.445813300000005,36.0714465,20.2579225,seguranca_e_qualidade
4761,63.860121199999995,31.7443304,28.946110800000003,19.130118600000003,seguranca_e_qualidade
4762,58.134993099999996,36.403373,36.2327224,29.178006,seguranca_e_qualidade
4763,58.003838900000005,37.1875842,22.6959546,26.080312100000004,seguranca_e_qualidade
4764,57.8366944,42.0955015,28.622731499999997,26.0306194,seguranca_e_qualidade
4765,81.80010300000001,35.6244185,23.4093557,18.268266,seguranca_e_qualidade
4766,68.2928319,37.445813300000005,36.0714465,20.2579225,seguranca_e_qualidade
4767,63.860121199999995,31.7443304,28.946110800000003,19.130118600000003,seguranca_e_qualidade
4768,58.134993099999996,36.403373,36.2327224,29.178006,seguranca_e_qualidade
4769,58.003838900000005,37.1875842,22.6959546,26.080312100000004,seguranca_e_qualidade
4770,57.8366944,42.0955015,28.622731499999997,26.0306194,seguranca_e_qualidade
4771,81.80010300000001,35.6244185,23.4093557,18.268266,seguranca_e_qualidade
4772,68.2928319,37.445813300000005,36.0714465,20.2579225,seguranca_e_qualidade
4773,63.860121199999995,31.7443304,28.946110800000003,19.130118600000003,seguranca_e_qualidade
4774,58.134993099999996,36.403373,36.2327224,29.178006,seguranca_e_qualidade
4775,58.003838900000005,37.1875842,22.6959546,26.080312100000004,seguranca_e_qualidade
4776,57.8366944,42.0955015,28.622731499999997,26.0306194,seguranca_e_qualidade
4777,81.80010300000001,35.6244185,23.4093557,18.268266,seguranca_e_qualidade
4778,68.2928319,37.445813300000005,36.0714465,20.2579225,seguranca_e_qualidade
4779,63.860121199999995,31.7443304,28.946110800000003,19.130118600000003,seguranca_e_qualidade
4780,58.134993099999996,36.403373,36.2327224,29.178006,seguranca_e_qualidade
4781,58.003838900000005,37.1875842,22.6959546,26.080312100000004,seguranca_e_qualidade
4782,57.8366944,42.0955015,28.622731499999997,26.0306194,seguranca_e_qualidade
4783,81.80010300000001,35.6244185,23.4093557,18.268266,seguranca_e_qualidade
4784,68.2928319,37.445813300000005,36.0714465,20.2579225,seguranca_e_qualidade
4785,63.860121199999995,31.7443304,28.946110800000003,19.130118600000003,seguranca_e_qualidade
4786,58.134993099999996,36.403373,36.2327224,29.178006,seguranca_e_qualidade
4787,58.003838900000005,37.1875842,22.6959546,26.080312100000004,seguranca_e_qualidade
4788,57.8366944,42.0955015,28.622731499999997,26.0306194,seguranca_e_qualidade
4789,81.80010300000001,35.6244185,23.4093557,18.268266,seguranca_e_qualidade
4790,68.2928319,37.445813300000005,36.0714465,20.2579225,seguranca_e_qualidade
4791,63.860121199999995,31.7443304,28.946110800000003,19.130118600000003,seguranca_e_qualidade
4792,58.134993099999996,36.403373,36.2327224,29.178006,seguranca_e_qualidade
4793,58.003838900000005,37.1875842,22.6959546,26.080312100000004,seguranca_e_qualidade
4794,57.8366944,42.0955015,28.622731499999997,26.0306194,seguranca_e_qualidade
4795,81.80010300000001,35.6244185,23.4093557,18.268266,seguranca_e_qualidade
4796,68.2928319,37.445813300000005,36.0714465,20.2579225,seguranca_e_qualidade
4797,63.860121199999995,31.7443304,28.946110800000003,19.130118600000003,seguranca_e_qualidade
4798,58.134993099999996,36.403373,36.2327224,29.178006,seguranca_e_qualidade
4799,58.003838900000005,37.1875842,22.6959546,26.080312100000004,seguranca_e_qualidade
4800,57.8366944,42.0955015,28.622731499999997,26.0306194,seguranca_e_qualidade
4801,81.80010300000001,35.6244185,23.4093557,18.268266,seguranca_e_qualidade
4802,68.2928319,37.445813300000005,36.0714465,20.2579225,seguranca_e_qualidade
4803,63.860121199999995,31.7443304,28.946110800000003,19.130118600000003,seguranca_e_qualidade
4804,58.134993099999996,36.403373,36.2327224,29.178006,seguranca_e_qualidade
4805,58.003838900000005,37.1875842,22.6959546,26.080312100000004,seguranca_e_qualidade
4806,57.8366944,42.0955015,28.622731499999997,26.0306194,seguranca_e_qualidade
4807,81.80010300000001,35.6244185,23.4093557,18.268266,seguranca_e_qualidade
4808,68.2928319,37.445813300000005,36.0714465,20.2579225,seguranca_e_qualidade
4809,63.860121199999995,31.7443304,28.946110800000003,19.130118600000003,seguranca_e_qualidade
4810,58.134993099999996,36.403373,36.2327224,29.178006,seguranca_e_qualidade
4811,58.003838900000005,37.1875842,22.6959546,26.080312100000004,seguranca_e_qualidade
4812,57.8366944,42.0955015,28.622731499999997,26.0306194,seguranca_e_qualidade
4813,81.80010300000001,35.6244185,23.4093557,18.268266,seguranca_e_qualidade
4814,68.2928319,37.445813300000005,36.0714465,20.2579225,seguranca_e_qualidade
4815,63.860121199999995,31.7443304,28.946110800000003,19.130118600000003,seguranca_e_qualidade
4816,58.134993099999996,36.403373,36.2327224,29.178006,seguranca_e_qualidade
4817,58.003838900000005,37.1875842,22.6959546,26.080312100000004,seguranca_e_qualidade
4818,57.8366944,42.0955015,28.622731499999997,26.0306194,seguranca_e_qualidade
4819,81.80010300000001,35.6244185,23.4093557,18.268266,seguranca_e_qualidade
4820,68.2928319,37.445813300000005,36.0714465,20.2579225,seguranca_e_qualidade
4821,63.860121199999995,31.7443304,28.946110800000003,19.130118600000003,seguranca_e_qualidade
4822,58.134993099999996,36.403373,36.2327224,29.178006,seguranca_e_qualidade
4823,58.003838900000005,37.1875842,22.6959546,26.080312100000004,seguranca_e_qualidade
4824,57.8366944,42.0955015,28.622731499999997,26.0306194,seguranca_e_qualidade
4825,81.80010300000001,35.6244185,23.4093557,18.268266,seguranca_e_qualidade
4826,68.2928319,37.445813300000005,36.0714465,20.2579225,seguranca_e_qualidade
4827,63.860121199999995,31.7443304,28.946110800000003,19.130118600000003,seguranca_e_qualidade
4828,58.134993099999996,36.403373,36.2327224,29.178006,seguranca_e_qualidade
4829,58.003838900000005,37.1875842,22.6959546,26.080312100000004,seguranca_e_qualidade
4830,57.8366944,42.0955015,28.622731499999997,26.0306194,seguranca_e_qualidade
4831,81.80010300000001,35.6244185,23.4093557,18.268266,seguranca_e_qualidade
4832,68.2928319,37.445813300000005,36.0714465,20.2579225,seguranca_e_qualidade
4833,63.860121199999995,31.7443304,28.946110800000003,19.130118600000003,seguranca_e_qualidade
4834,58.134993099999996,36.403373,36.2327224,29.178006,seguranca_e_qualidade
4835,58.003838900000005,37.1875842,22.6959546,26.080312100000004,seguranca_e_qualidade
4836,57.8366944,42.0955015,28.622731499999997,26.0306194,seguranca_e_qualidade
4837,81.80010300000001,35.6244185,23.4093557,18.268266,seguranca_e_qualidade
4838,68.2928319,37.445813300000005,36.0714465,20.2579225,seguranca_e_qualidade
4839,63.860121199999995,31.7443304,28.946110800000003,19.130118600000003,seguranca_e_qualidade
4840,58.134993099999996,36.403373,36.2327224,29.178006,seguranca_e_qualidade
4841,58.003838900000005,37.1875842,22.6959546,26.080312100000004,seguranca_e_qualidade
4842,57.8366944,42.0955015,28.622731499999997,26.0306194,seguranca_e_qualidade
4843,81.80010300000001,35.6244185,23.4093557,18.268266,seguranca_e_qualidade
4844,68.2928319,37.445813300000005,36.0714465,20.2579225,seguranca_e_qualidade
4845,63.860121199999995,31.7443304,28.946110800000003,19.130118600000003,seguranca_e_qualidade
4846,58.134993099999996,36.403373,36.2327224,29.178006,seguranca_e_qualidade
4847,58.003838900000005,37.1875842,22.6959546,26.080312100000004,seguranca_e_qualidade
4848,57.8366944,42.0955015,28.622731499999997,26.0306194,seguranca_e_qualidade
4849,81.80010300000001,35.6244185,23.4093557,18.268266,seguranca_e_qualidade
4850,68.2928319,37.445813300000005,36.0714465,20.2579225,seguranca_e_qualidade
4851,63.860121199999995,31.7443304,28.946110800000003,19.130118600000003,seguranca_e_qualidade
4852,58.134993099999996,36.403373,36.2327224,29.178006,seguranca_e_qualidade
4853,58.003838900000005,37.1875842,22.6959546,26.080312100000004,seguranca_e_qualidade
4854,57.8366944,42.0955015,28.622731499999997,26.0306194,seguranca_e_qualidade
4855,81.80010300000001,35.6244185,23.4093557,18.268266,seguranca_e_qualidade
4856,68.2928319,37.445813300000005,36.0714465,20.2579225,seguranca_e_qualidade
4857,63.860121199999995,31.7443304,28.946110800000003,19.130118600000003,seguranca_e_qualidade
4858,58.134993099999996,36.403373,36.2327224,29.178006,seguranca_e_qualidade
4859,58.003838900000005,37.1875842,22.6959546,26.080312100000004,seguranca_e_qualidade
4860,81.2133312,19.7148358,14.5552773,17.5621993,negocios_gestao_e_suporte
4861,51.3302888,39.088154200000005,27.2436921,22.1903097,negocios_gestao_e_suporte
4862,68.4597296,33.0299177,32.8565328,28.1113762,negocios_gestao_e_suporte
4863,60.6099465,43.949041,40.723726,32.007838,negocios_gestao_e_suporte
4864,48.230657300000004,38.559002199999995,31.460771599999998,16.1230504,negocios_gestao_e_suporte
4865,81.2133312,19.7148358,14.5552773,17.5621993,negocios_gestao_e_suporte
4866,51.3302888,39.088154200000005,27.2436921,22.1903097,negocios_gestao_e_suporte
4867,68.4597296,33.0299177,32.8565328,28.1113762,negocios_gestao_e_suporte
4868,60.6099465,43.949041,40.723726,32.007838,negocios_gestao_e_suporte
4869,48.230657300000004,38.559002199999995,31.460771599999998,16.1230504,negocios_gestao_e_suporte
4870,81.2133312,19.7148358,14.5552773,17.5621993,negocios_gestao_e_suporte
4871,51.3302888,39.088154200000005,27.2436921,22.1903097,negocios_gestao_e_suporte
4872,68.4597296,33.0299177,32.8565328,28.1113762,negocios_gestao_e_suporte
4873,60.6099465,43.949041,40.723726,32.007838,negocios_gestao_e_suporte
4874,48.230657300000004,38.559002199999995,31.460771599999998,16.1230504,negocios_gestao_e_suporte
4875,81.2133312,19.7148358,14.5552773,17.5621993,negocios_gestao_e_suporte
4876,51.3302888,39.088154200000005,27.2436921,22.1903097,negocios_gestao_e_suporte
4877,68.4597296,33.0299177,32.8565328,28.1113762,negocios_gestao_e_suporte
4878,60.6099465,43.949041,40.723726,32.007838,negocios_gestao_e_suporte
4879,48.230657300000004,38.559002199999995,31.460771599999998,16.1230504,negocios_gestao_e_suporte
4880,81.2133312,19.7148358,14.5552773,17.5621993,negocios_gestao_e_suporte
4881,51.3302888,39.088154200000005,27.2436921,22.1903097,negocios_gestao_e_suporte
4882,68.4597296,33.0299177,32.8565328,28.1113762,negocios_gestao_e_suporte
4883,60.6099465,43.949041,40.723726,32.007838,negocios_gestao_e_suporte
4884,48.230657300000004,38.559002199999995,31.460771599999998,16.1230504,negocios_gestao_e_suporte
4885,81.2133312,19.7148358,14.5552773,17.5621993,negocios_gestao_e_suporte
4886,51.3302888,39.088154200000005,27.2436921,22.1903097,negocios_gestao_e_suporte
4887,68.4597296,33.0299177,32.8565328,28.1113762,negocios_gestao_e_suporte
4888,60.6099465,43.949041,40.723726,32.007838,negocios_gestao_e_suporte
4889,48.230657300000004,38.559002199999995,31.460771599999998,16.1230504,negocios_gestao_e_suporte
4890,81.2133312,19.7148358,14.5552773,17.5621993,negocios_gestao_e_suporte
4891,51.3302888,39.088154200000005,27.2436921,22.1903097,negocios_gestao_e_suporte
4892,68.4597296,33.0299177,32.8565328,28.1113762,negocios_gestao_e_suporte
4893,60.6099465,43.949041,40.723726,32.007838,negocios_gestao_e_suporte
4894,48.230657300000004,38.559002199999995,31.460771599999998,16.1230504,negocios_gestao_e_suporte
4895,81.2133312,19.7148358,14.5552773,17.5621993,negocios_gestao_e_suporte
4896,51.3302888,39.088154200000005,27.2436921,22.1903097,negocios_gestao_e_suporte
4897,68.4597296,33.0299177,32.8565328,28.1113762,negocios_gestao_e_suporte
4898,60.6099465,43.949041,40.723726,32.007838,negocios_gestao_e_suporte
4899,48.230657300000004,38.559002199999995,31.460771599999998,16.1230504,negocios_gestao_e_suporte
4900,81.2133312,19.7148358,14.5552773,17.5621993,negocios_gestao_e_suporte
4901,51.3302888,39.088154200000005,27.2436921,22.1903097,negocios_gestao_e_suporte
4902,68.4597296,33.0299177,32.8565328,28.1113762,negocios_gestao_e_suporte
4903,60.6099465,43.949041,40.723726,32.007838,negocios_gestao_e_suporte
4904,48.230657300000004,38.559002199999995,31.460771599999998,16.1230504,negocios_gestao_e_suporte
4905,81.2133312,19.7148358,14.5552773,17.5621993,negocios_gestao_e_suporte
4906,51.3302888,39.088154200000005,27.2436921,22.1903097,negocios_gestao_e_suporte
4907,68.4597296,33.0299177,32.8565328,28.1113762,negocios_gestao_e_suporte
4908,60.6099465,43.949041,40.723726,32.007838,negocios_gestao_e_suporte
4909,48.230657300000004,38.559002199999995,31.460771599999998,16.1230504,negocios_gestao_e_suporte
4910,81.2133312,19.7148358,14.5552773,17.5621993,negocios_gestao_e_suporte
4911,51.3302888,39.088154200000005,27.2436921,22.1903097,negocios_gestao_e_suporte
4912,68.4597296,33.0299177,32.8565328,28.1113762,negocios_gestao_e_suporte
4913,60.6099465,43.949041,40.723726,32.007838,negocios_gestao_e_suporte
4914,48.230657300000004,38.559002199999995,31.460771599999998,16.1230504,negocios_gestao_e_suporte
4915,81.2133312,19.7148358,14.5552773,17.5621993,negocios_gestao_e_suporte
4916,51.3302888,39.088154200000005,27.2436921,22.1903097,negocios_gestao_e_suporte
4917,68.4597296,33.0299177,32.8565328,28.1113762,negocios_gestao_e_suporte
4918,60.6099465,43.949041,40.723726,32.007838,negocios_gestao_e_suporte
4919,48.230657300000004,38.559002199999995,31.460771599999998,16.1230504,negocios_gestao_e_suporte
4920,81.2133312,19.7148358,14.5552773,17.5621993,negocios_gestao_e_suporte
4921,51.3302888,39.088154200000005,27.2436921,22.1903097,negocios_gestao_e_suporte
4922,68.4597296,33.0299177,32.8565328,28.1113762,negocios_gestao_e_suporte
4923,60.6099465,43.949041,40.723726,32.007838,negocios_gestao_e_suporte
4924,48.230657300000004,38.559002199999995,31.460771599999998,16.1230504,negocios_gestao_e_suporte
4925,81.2133312,19.7148358,14.5552773,17.5621993,negocios_gestao_e_suporte
4926,51.3302888,39.088154200000005,27.2436921,22.1903097,negocios_gestao_e_suporte
4927,68.4597296,33.0299177,32.8565328,28.1113762,negocios_gestao_e_suporte
4928,60.6099465,43.949041,40.723726,32.007838,negocios_gestao_e_suporte
4929,48.230657300000004,38.559002199999995,31.460771599999998,16.1230504,negocios_gestao_e_suporte
4930,81.2133312,19.7148358,14.5552773,17.5621993,negocios_gestao_e_suporte
4931,51.3302888,39.088154200000005,27.2436921,22.1903097,negocios_gestao_e_suporte
4932,68.4597296,33.0299177,32.8565328,28.1113762,negocios_gestao_e_suporte
4933,60.6099465,43.949041,40.723726,32.007838,negocios_gestao_e_suporte
4934,48.230657300000004,38.559002199999995,31.460771599999998,16.1230504,negocios_gestao_e_suporte
4935,81.2133312,19.7148358,14.5552773,17.5621993,negocios_gestao_e_suporte
4936,51.3302888,39.088154200000005,27.2436921,22.1903097,negocios_gestao_e_suporte
4937,68.4597296,33.0299177,32.8565328,28.1113762,negocios_gestao_e_suporte
4938,60.6099465,43.949041,40.723726,32.007838,negocios_gestao_e_suporte
4939,48.230657300000004,38.559002199999995,31.460771599999998,16.1230504,negocios_gestao_e_suporte
4940,81.2133312,19.7148358,14.5552773,17.5621993,negocios_gestao_e_suporte
4941,51.3302888,39.088154200000005,27.2436921,22.1903097,negocios_gestao_e_suporte
4942,68.4597296,33.0299177,32.8565328,28.1113762,negocios_gestao_e_suporte
4943,60.6099465,43.949041,40.723726,32.007838,negocios_gestao_e_suporte
4944,48.230657300000004,38.559002199999995,31.460771599999998,16.1230504,negocios_gestao_e_suporte
4945,81.2133312,19.7148358,14.5552773,17.5621993,negocios_gestao_e_suporte
4946,51.3302888,39.088154200000005,27.2436921,22.1903097,negocios_gestao_e_suporte
4947,68.4597296,33.0299177,32.8565328,28.1113762,negocios_gestao_e_suporte
4948,60.6099465,43.949041,40.723726,32.007838,negocios_gestao_e_suporte
4949,48.230657300000004,38.559002199999995,31.460771599999998,16.1230504,negocios_gestao_e_suporte
4950,81.2133312,19.7148358,14.5552773,17.5621993,negocios_gestao_e_suporte
4951,51.3302888,39.088154200000005,27.2436921,22.1903097,negocios_gestao_e_suporte
4952,68.4597296,33.0299177,32.8565328,28.1113762,negocios_gestao_e_suporte
4953,60.6099465,43.949041,40.723726,32.007838,negocios_gestao_e_suporte
4954,48.230657300000004,38.559002199999995,31.460771599999998,16.1230504,negocios_gestao_e_suporte
4955,81.2133312,19.7148358,14.5552773,17.5621993,negocios_gestao_e_suporte
4956,51.3302888,39.088154200000005,27.2436921,22.1903097,negocios_gestao_e_suporte
4957,68.4597296,33.0299177,32.8565328,28.1113762,negocios_gestao_e_suporte
4958,60.6099465,43.949041,40.723726,32.007838,negocios_gestao_e_suporte
4959,48.230657300000004,38.559002199999995,31.460771599999998,16.1230504,negocios_gestao_e_suporte
4960,81.2133312,19.7148358,14.5552773,17.5621993,negocios_gestao_e_suporte
4961,51.3302888,39.088154200000005,27.2436921,22.1903097,negocios_gestao_e_suporte
4962,68.4597296,33.0299177,32.8565328,28.1113762,negocios_gestao_e_suporte
4963,60.6099465,43.949041,40.723726,32.007838,negocios_gestao_e_suporte
4964,48.230657300000004,38.559002199999995,31.460771599999998,16.1230504,negocios_gestao_e_suporte
4965,81.2133312,19.7148358,14.5552773,17.5621993,negocios_gestao_e_suporte
4966,51.3302888,39.088154200000005,27.2436921,22.1903097,negocios_gestao_e_suporte
4967,68.4597296,33.0299177,32.8565328,28.1113762,negocios_gestao_e_suporte
4968,60.6099465,43.949041,40.723726,32.007838,negocios_gestao_e_suporte
4969,48.230657300000004,38.559002199999995,31.460771599999998,16.1230504,negocios_gestao_e_suporte
4970,81.2133312,19.7148358,14.5552773,17.5621993,negocios_gestao_e_suporte
4971,51.3302888,39.088154200000005,27.2436921,22.1903097,negocios_gestao_e_suporte
4972,68.4597296,33.0299177,32.8565328,28.1113762,negocios_gestao_e_suporte
4973,60.6099465,43.949041,40.723726,32.007838,negocios_gestao_e_suporte
4974,48.230657300000004,38.559002199999995,31.460771599999998,16.1230504,negocios_gestao_e_suporte
4975,81.2133312,19.7148358,14.5552773,17.5621993,negocios_gestao_e_suporte
4976,51.3302888,39.088154200000005,27.2436921,22.1903097,negocios_gestao_e_suporte
4977,68.4597296,33.0299177,32.8565328,28.1113762,negocios_gestao_e_suporte
4978,60.6099465,43.949041,40.723726,32.007838,negocios_gestao_e_suporte
4979,48.230657300000004,38.559002199999995,31.460771599999998,16.1230504,negocios_gestao_e_suporte
4980,81.2133312,19.7148358,14.5552773,17.5621993,negocios_gestao_e_suporte
4981,51.3302888,39.088154200000005,27.2436921,22.1903097,negocios_gestao_e_suporte
4982,68.4597296,33.0299177,32.8565328,28.1113762,negocios_gestao_e_suporte
4983,60.6099465,43.949041,40.723726,32.007838,negocios_gestao_e_suporte
4984,48.230657300000004,38.559002199999995,31.460771599999998,16.1230504,negocios_gestao_e_suporte
4985,81.2133312,19.7148358,14.5552773,17.5621993,negocios_gestao_e_suporte
4986,51.3302888,39.088154200000005,27.2436921,22.1903097,negocios_gestao_e_suporte
4987,68.4597296,33.0299177,32.8565328,28.1113762,negocios_gestao_e_suporte
4988,60.6099465,43.949041,40.723726,32.007838,negocios_gestao_e_suporte
4989,48.230657300000004,38.559002199999995,31.460771599999998,16.1230504,negocios_gestao_e_suporte
4990,81.2133312,19.7148358,14.5552773,17.5621993,negocios_gestao_e_suporte
4991,51.3302888,39.088154200000005,27.2436921,22.1903097,negocios_gestao_e_suporte
4992,68.4597296,33.0299177,32.8565328,28.1113762,negocios_gestao_e_suporte
4993,60.6099465,43.949041,40.723726,32.007838,negocios_gestao_e_suporte
4994,48.230657300000004,38.559002199999995,31.460771599999998,16.1230504,negocios_gestao_e_suporte
4995,81.2133312,19.7148358,14.5552773,17.5621993,negocios_gestao_e_suporte
4996,51.3302888,39.088154200000005,27.2436921,22.1903097,negocios_gestao_e_suporte
4997,68.4597296,33.0299177,32.8565328,28.1113762,negocios_gestao_e_suporte
4998,60.6099465,43.949041,40.723726,32.007838,negocios_gestao_e_suporte
4999,48.230657300000004,38.559002199999995,31.460771599999998,16.1230504,negocios_gestao_e_suporte
5000,81.2133312,19.7148358,14.5552773,17.5621993,negocios_gestao_e_suporte
5001,51.3302888,39.088154200000005,27.2436921,22.1903097,negocios_gestao_e_suporte
5002,68.4597296,33.0299177,32.8565328,28.1113762,negocios_gestao_e_suporte
5003,60.6099465,43.949041,40.723726,32.007838,negocios_gestao_e_suporte
5004,48.230657300000004,38.559002199999995,31.460771599999998,16.1230504,negocios_gestao_e_suporte
5005,81.2133312,19.7148358,14.5552773,17.5621993,negocios_gestao_e_suporte
5006,51.3302888,39.088154200000005,27.2436921,22.1903097,negocios_gestao_e_suporte
5007,68.4597296,33.0299177,32.8565328,28.1113762,negocios_gestao_e_suporte
5008,60.6099465,43.949041,40.723726,32.007838,negocios_gestao_e_suporte
5009,48.230657300000004,38.559002199999995,31.460771599999998,16.1230504,negocios_gestao_e_suporte
5010,81.2133312,19.7148358,14.5552773,17.5621993,negocios_gestao_e_suporte
5011,51.3302888,39.088154200000005,27.2436921,22.1903097,negocios_gestao_e_suporte
5012,68.4597296,33.0299177,32.8565328,28.1113762,negocios_gestao_e_suporte
5013,60.6099465,43.949041,40.723726,32.007838,negocios_gestao_e_suporte
5014,48.230657300000004,38.559002199999995,31.460771599999998,16.1230504,negocios_gestao_e_suporte
5015,81.2133312,19.7148358,14.5552773,17.5621993,negocios_gestao_e_suporte
5016,51.3302888,39.088154200000005,27.2436921,22.1903097,negocios_gestao_e_suporte
5017,68.4597296,33.0299177,32.8565328,28.1113762,negocios_gestao_e_suporte
5018,60.6099465,43.949041,40.723726,32.007838,negocios_gestao_e_suporte
5019,48.230657300000004,38.559002199999995,31.460771599999998,16.1230504,negocios_gestao_e_suporte
5020,81.2133312,19.7148358,14.5552773,17.5621993,negocios_gestao_e_suporte
5021,51.3302888,39.088154200000005,27.2436921,22.1903097,negocios_gestao_e_suporte
5022,68.4597296,33.0299177,32.8565328,28.1113762,negocios_gestao_e_suporte
5023,60.6099465,43.949041,40.723726,32.007838,negocios_gestao_e_suporte
5024,48.230657300000004,38.559002199999995,31.460771599999998,16.1230504,negocios_gestao_e_suporte
5025,81.2133312,19.7148358,14.5552773,17.5621993,negocios_gestao_e_suporte
5026,51.3302888,39.088154200000005,27.2436921,22.1903097,negocios_gestao_e_suporte
5027,68.4597296,33.0299177,32.8565328,28.1113762,negocios_gestao_e_suporte
5028,60.6099465,43.949041,40.723726,32.007838,negocios_gestao_e_suporte
5029,48.230657300000004,38.559002199999995,31.460771599999998,16.1230504,negocios_gestao_e_suporte
5030,81.2133312,19.7148358,14.5552773,17.5621993,negocios_gestao_e_suporte
5031,51.3302888,39.088154200000005,27.2436921,22.1903097,negocios_gestao_e_suporte
5032,68.4597296,33.0299177,32.8565328,28.1113762,negocios_gestao_e_suporte
5033,60.6099465,43.949041,40.723726,32.007838,negocios_gestao_e_suporte
5034,48.230657300000004,38.559002199999995,31.460771599999998,16.1230504,negocios_gestao_e_suporte
5035,81.2133312,19.7148358,14.5552773,17.5621993,negocios_gestao_e_suporte
5036,51.3302888,39.088154200000005,27.2436921,22.1903097,negocios_gestao_e_suporte
5037,68.4597296,33.0299177,32.8565328,28.1113762,negocios_gestao_e_suporte
5038,60.6099465,43.949041,40.723726,32.007838,negocios_gestao_e_suporte
5039,48.230657300000004,38.559002199999995,31.460771599999998,16.1230504,negocios_gestao_e_suporte
5040,81.2133312,19.7148358,14.5552773,17.5621993,negocios_gestao_e_suporte
5041,51.3302888,39.088154200000005,27.2436921,22.1903097,negocios_gestao_e_suporte
5042,68.4597296,33.0299177,32.8565328,28.1113762,negocios_gestao_e_suporte
5043,60.6099465,43.949041,40.723726,32.007838,negocios_gestao_e_suporte
5044,48.230657300000004,38.559002199999995,31.460771599999998,16.1230504,negocios_gestao_e_suporte
5045,81.2133312,19.7148358,14.5552773,17.5621993,negocios_gestao_e_suporte
5046,51.3302888,39.088154200000005,27.2436921,22.1903097,negocios_gestao_e_suporte
5047,68.4597296,33.0299177,32.8565328,28.1113762,negocios_gestao_e_suporte
5048,60.6099465,43.949041,40.723726,32.007838,negocios_gestao_e_suporte
5049,48.230657300000004,38.559002199999995,31.460771599999998,16.1230504,negocios_gestao_e_suporte
5050,81.2133312,19.7148358,14.5552773,17.5621993,negocios_gestao_e_suporte
5051,51.3302888,39.088154200000005,27.2436921,22.1903097,negocios_gestao_e_suporte
5052,68.4597296,33.0299177,32.8565328,28.1113762,negocios_gestao_e_suporte
5053,60.6099465,43.949041,40.723726,32.007838,negocios_gestao_e_suporte
5054,48.230657300000004,38.559002199999995,31.460771599999998,16.1230504,negocios_gestao_e_suporte
5055,81.2133312,19.7148358,14.5552773,17.5621993,negocios_gestao_e_suporte
5056,51.3302888,39.088154200000005,27.2436921,22.1903097,negocios_gestao_e_suporte
5057,68.4597296,33.0299177,32.8565328,28.1113762,negocios_gestao_e_suporte
5058,60.6099465,43.949041,40.723726,32.007838,negocios_gestao_e_suporte
5059,48.230657300000004,38.559002199999995,31.460771599999998,16.1230504,negocios_gestao_e_suporte
5060,81.2133312,19.7148358,14.5552773,17.5621993,negocios_gestao_e_suporte
5061,51.3302888,39.088154200000005,27.2436921,22.1903097,negocios_gestao_e_suporte
5062,68.4597296,33.0299177,32.8565328,28.1113762,negocios_gestao_e_suporte
5063,60.6099465,43.949041,40.723726,32.007838,negocios_gestao_e_suporte
5064,48.230657300000004,38.559002199999995,31.460771599999998,16.1230504,negocios_gestao_e_suporte
5065,81.2133312,19.7148358,14.5552773,17.5621993,negocios_gestao_e_suporte
5066,51.3302888,39.088154200000005,27.2436921,22.1903097,negocios_gestao_e_suporte
5067,68.4597296,33.0299177,32.8565328,28.1113762,negocios_gestao_e_suporte
5068,60.6099465,43.949041,40.723726,32.007838,negocios_gestao_e_suporte
5069,48.230657300000004,38.559002199999995,31.460771599999998,16.1230504,negocios_gestao_e_suporte
5070,81.2133312,19.7148358,14.5552773,17.5621993,negocios_gestao_e_suporte
5071,51.3302888,39.088154200000005,27.2436921,22.1903097,negocios_gestao_e_suporte
5072,68.4597296,33.0299177,32.8565328,28.1113762,negocios_gestao_e_suporte
5073,60.6099465,43.949041,40.723726,32.007838,negocios_gestao_e_suporte
5074,48.230657300000004,38.559002199999995,31.460771599999998,16.1230504,negocios_gestao_e_suporte
5075,81.2133312,19.7148358,14.5552773,17.5621993,negocios_gestao_e_suporte
5076,51.3302888,39.088154200000005,27.2436921,22.1903097,negocios_gestao_e_suporte
5077,68.4597296,33.0299177,32.8565328,28.1113762,negocios_gestao_e_suporte
5078,60.6099465,43.949041,40.723726,32.007838,negocios_gestao_e_suporte
5079,48.230657300000004,38.559002199999995,31.460771599999998,16.1230504,negocios_gestao_e_suporte
5080,81.2133312,19.7148358,14.5552773,17.5621993,negocios_gestao_e_suporte
5081,51.3302888,39.088154200000005,27.2436921,22.1903097,negocios_gestao_e_suporte
5082,68.4597296,33.0299177,32.8565328,28.1113762,negocios_gestao_e_suporte
5083,60.6099465,43.949041,40.723726,32.007838,negocios_gestao_e_suporte
5084,48.230657300000004,38.559002199999995,31.460771599999998,16.1230504,negocios_gestao_e_suporte
5085,81.2133312,19.7148358,14.5552773,17.5621993,negocios_gestao_e_suporte
5086,51.3302888,39.088154200000005,27.2436921,22.1903097,negocios_gestao_e_suporte
5087,68.4597296,33.0299177,32.8565328,28.1113762,negocios_gestao_e_suporte
5088,60.6099465,43.949041,40.723726,32.007838,negocios_gestao_e_suporte
5089,48.230657300000004,38.559002199999995,31.460771599999998,16.1230504,negocios_gestao_e_suporte
5090,81.2133312,19.7148358,14.5552773,17.5621993,negocios_gestao_e_suporte
5091,51.3302888,39.088154200000005,27.2436921,22.1903097,negocios_gestao_e_suporte
5092,68.4597296,33.0299177,32.8565328,28.1113762,negocios_gestao_e_suporte
5093,60.6099465,43.949041,40.723726,32.007838,negocios_gestao_e_suporte
5094,48.230657300000004,38.559002199999995,31.460771599999998,16.1230504,negocios_gestao_e_suporte
5095,81.2133312,19.7148358,14.5552773,17.5621993,negocios_gestao_e_suporte
5096,51.3302888,39.088154200000005,27.2436921,22.1903097,negocios_gestao_e_suporte
5097,68.4597296,33.0299177,32.8565328,28.1113762,negocios_gestao_e_suporte
5098,60.6099465,43.949041,40.723726,32.007838,negocios_gestao_e_suporte
5099,48.230657300000004,38.559002199999995,31.460771599999998,16.1230504,negocios_gestao_e_suporte
5100,81.2133312,19.7148358,14.5552773,17.5621993,negocios_gestao_e_suporte
5101,51.3302888,39.088154200000005,27.2436921,22.1903097,negocios_gestao_e_suporte
5102,68.4597296,33.0299177,32.8565328,28.1113762,negocios_gestao_e_suporte
5103,60.6099465,43.949041,40.723726,32.007838,negocios_gestao_e_suporte
5104,48.230657300000004,38.559002199999995,31.460771599999998,16.1230504,negocios_gestao_e_suporte
5105,81.2133312,19.7148358,14.5552773,17.5621993,negocios_gestao_e_suporte
5106,51.3302888,39.088154200000005,27.2436921,22.1903097,negocios_gestao_e_suporte
5107,68.4597296,33.0299177,32.8565328,28.1113762,negocios_gestao_e_suporte
5108,60.6099465,43.949041,40.723726,32.007838,negocios_gestao_e_suporte
5109,48.230657300000004,38.559002199999995,31.460771599999998,16.1230504,negocios_gestao_e_suporte
5110,81.2133312,19.7148358,14.5552773,17.5621993,negocios_gestao_e_suporte
5111,51.3302888,39.088154200000005,27.2436921,22.1903097,negocios_gestao_e_suporte
5112,68.4597296,33.0299177,32.8565328,28.1113762,negocios_gestao_e_suporte
5113,60.6099465,43.949041,40.723726,32.007838,negocios_gestao_e_suporte
5114,48.230657300000004,38.559002199999995,31.460771599999998,16.1230504,negocios_gestao_e_suporte
5115,81.2133312,19.7148358,14.5552773,17.5621993,negocios_gestao_e_suporte
5116,51.3302888,39.088154200000005,27.2436921,22.1903097,negocios_gestao_e_suporte
5117,68.4597296,33.0299177,32.8565328,28.1113762,negocios_gestao_e_suporte
5118,60.6099465,43.949041,40.723726,32.007838,negocios_gestao_e_suporte
5119,48.230657300000004,38.559002199999995,31.460771599999998,16.1230504,negocios_gestao_e_suporte
5120,81.2133312,19.7148358,14.5552773,17.5621993,negocios_gestao_e_suporte
5121,51.3302888,39.088154200000005,27.2436921,22.1903097,negocios_gestao_e_suporte
5122,68.4597296,33.0299177,32.8565328,28.1113762,negocios_gestao_e_suporte
5123,60.6099465,43.949041,40.723726,32.007838,negocios_gestao_e_suporte
5124,48.230657300000004,38.559002199999995,31.460771599999998,16.1230504,negocios_gestao_e_suporte
5125,81.2133312,19.7148358,14.5552773,17.5621993,negocios_gestao_e_suporte
5126,51.3302888,39.088154200000005,27.2436921,22.1903097,negocios_gestao_e_suporte
5127,68.4597296,33.0299177,32.8565328,28.1113762,negocios_gestao_e_suporte
5128,60.6099465,43.949041,40.723726,32.007838,negocios_gestao_e_suporte
5129,48.230657300000004,38.559002199999995,31.460771599999998,16.1230504,negocios_gestao_e_suporte
5130,81.2133312,19.7148358,14.5552773,17.5621993,negocios_gestao_e_suporte
5131,51.3302888,39.088154200000005,27.2436921,22.1903097,negocios_gestao_e_suporte
5132,68.4597296,33.0299177,32.8565328,28.1113762,negocios_gestao_e_suporte
5133,60.6099465,43.949041,40.723726,32.007838,negocios_gestao_e_suporte
5134,48.230657300000004,38.559002199999995,31.460771599999998,16.1230504,negocios_gestao_e_suporte
5135,81.2133312,19.7148358,14.5552773,17.5621993,negocios_gestao_e_suporte
5136,51.3302888,39.088154200000005,27.2436921,22.1903097,negocios_gestao_e_suporte
5137,68.4597296,33.0299177,32.8565328,28.1113762,negocios_gestao_e_suporte
5138,60.6099465,43.949041,40.723726,32.007838,negocios_gestao_e_suporte
5139,48.230657300000004,38.559002199999995,31.460771599999998,16.1230504,negocios_gestao_e_suporte
5140,81.2133312,19.7148358,14.5552773,17.5621993,negocios_gestao_e_suporte
5141,51.3302888,39.088154200000005,27.2436921,22.1903097,negocios_gestao_e_suporte
5142,68.4597296,33.0299177,32.8565328,28.1113762,negocios_gestao_e_suporte
5143,60.6099465,43.949041,40.723726,32.007838,negocios_gestao_e_suporte
5144,48.230657300000004,38.559002199999995,31.460771599999998,16.1230504,negocios_gestao_e_suporte
5145,81.2133312,19.7148358,14.5552773,17.5621993,negocios_gestao_e_suporte
5146,51.3302888,39.088154200000005,27.2436921,22.1903097,negocios_gestao_e_suporte
5147,68.4597296,33.0299177,32.8565328,28.1113762,negocios_gestao_e_suporte
5148,60.6099465,43.949041,40.723726,32.007838,negocios_gestao_e_suporte
5149,48.230657300000004,38.559002199999995,31.460771599999998,16.1230504,negocios_gestao_e_suporte
5150,81.2133312,19.7148358,14.5552773,17.5621993,negocios_gestao_e_suporte
5151,51.3302888,39.088154200000005,27.2436921,22.1903097,negocios_gestao_e_suporte
5152,68.4597296,33.0299177,32.8565328,28.1113762,negocios_gestao_e_suporte
5153,60.6099465,43.949041,40.723726,32.007838,negocios_gestao_e_suporte
5154,48.230657300000004,38.559002199999995,31.460771599999998,16.1230504,negocios_gestao_e_suporte
5155,81.2133312,19.7148358,14.5552773,17.5621993,negocios_gestao_e_suporte
5156,51.3302888,39.088154200000005,27.2436921,22.1903097,negocios_gestao_e_suporte
5157,68.4597296,33.0299177,32.8565328,28.1113762,negocios_gestao_e_suporte
5158,60.6099465,43.949041,40.723726,32.007838,negocios_gestao_e_suporte
5159,48.230657300000004,38.559002199999995,31.460771599999998,16.1230504,negocios_gestao_e_suporte
5160,81.2133312,19.7148358,14.5552773,17.5621993,negocios_gestao_e_suporte
5161,51.3302888,39.088154200000005,27.2436921,22.1903097,negocios_gestao_e_suporte
5162,68.4597296,33.0299177,32.8565328,28.1113762,negocios_gestao_e_suporte
5163,60.6099465,43.949041,40.723726,32.007838,negocios_gestao_e_suporte
5164,48.230657300000004,38.559002199999995,31.460771599999998,16.1230504,negocios_gestao_e_suporte
5165,81.2133312,19.7148358,14.5552773,17.5621993,negocios_gestao_e_suporte
5166,51.3302888,39.088154200000005,27.2436921,22.1903097,negocios_gestao_e_suporte
5167,68.4597296,33.0299177,32.8565328,28.1113762,negocios_gestao_e_suporte
5168,60.6099465,43.949041,40.723726,32.007838,negocios_gestao_e_suporte
5169,48.230657300000004,38.559002199999995,31.460771599999998,16.1230504,negocios_gestao_e_suporte
5170,81.2133312,19.7148358,14.5552773,17.5621993,negocios_gestao_e_suporte
5171,51.3302888,39.088154200000005,27.2436921,22.1903097,negocios_gestao_e_suporte
5172,68.4597296,33.0299177,32.8565328,28.1113762,negocios_gestao_e_suporte
5173,60.6099465,43.949041,40.723726,32.007838,negocios_gestao_e_suporte
5174,48.230657300000004,38.559002199999995,31.460771599999998,16.1230504,negocios_gestao_e_suporte
5175,81.2133312,19.7148358,14.5552773,17.5621993,negocios_gestao_e_suporte
5176,51.3302888,39.088154200000005,27.2436921,22.1903097,negocios_gestao_e_suporte
5177,68.4597296,33.0299177,32.8565328,28.1113762,negocios_gestao_e_suporte
5178,60.6099465,43.949041,40.723726,32.007838,negocios_gestao_e_suporte
5179,48.230657300000004,38.559002199999995,31.460771599999998,16.1230504,negocios_gestao_e_suporte
5180,81.2133312,19.7148358,14.5552773,17.5621993,negocios_gestao_e_suporte
5181,51.3302888,39.088154200000005,27.2436921,22.1903097,negocios_gestao_e_suporte
5182,68.4597296,33.0299177,32.8565328,28.1113762,negocios_gestao_e_suporte
5183,60.6099465,43.949041,40.723726,32.007838,negocios_gestao_e_suporte
5184,48.230657300000004,38.559002199999995,31.460771599999998,16.1230504,negocios_gestao_e_suporte
5185,81.2133312,19.7148358,14.5552773,17.5621993,negocios_gestao_e_suporte
5186,51.3302888,39.088154200000005,27.2436921,22.1903097,negocios_gestao_e_suporte
5187,68.4597296,33.0299177,32.8565328,28.1113762,negocios_gestao_e_suporte
5188,60.6099465,43.949041,40.723726,32.007838,negocios_gestao_e_suporte
5189,48.230657300000004,38.559002199999995,31.460771599999998,16.1230504,negocios_gestao_e_suporte
5190,81.2133312,19.7148358,14.5552773,17.5621993,negocios_gestao_e_suporte
5191,51.3302888,39.088154200000005,27.2436921,22.1903097,negocios_gestao_e_suporte
5192,68.4597296,33.0299177,32.8565328,28.1113762,negocios_gestao_e_suporte
5193,60.6099465,43.949041,40.723726,32.007838,negocios_gestao_e_suporte
5194,48.230657300000004,38.559002199999995,31.460771599999998,16.1230504,negocios_gestao_e_suporte
5195,81.2133312,19.7148358,14.5552773,17.5621993,negocios_gestao_e_suporte
5196,51.3302888,39.088154200000005,27.2436921,22.1903097,negocios_gestao_e_suporte
5197,68.4597296,33.0299177,32.8565328,28.1113762,negocios_gestao_e_suporte
5198,60.6099465,43.949041,40.723726,32.007838,negocios_gestao_e_suporte
5199,48.230657300000004,38.559002199999995,31.460771599999998,16.1230504,negocios_gestao_e_suporte
5200,81.2133312,19.7148358,14.5552773,17.5621993,negocios_gestao_e_suporte
5201,51.3302888,39.088154200000005,27.2436921,22.1903097,negocios_gestao_e_suporte
5202,68.4597296,33.0299177,32.8565328,28.1113762,negocios_gestao_e_suporte
5203,60.6099465,43.949041,40.723726,32.007838,negocios_gestao_e_suporte
5204,48.230657300000004,38.559002199999995,31.460771599999998,16.1230504,negocios_gestao_e_suporte
5205,81.2133312,19.7148358,14.5552773,17.5621993,negocios_gestao_e_suporte
5206,51.3302888,39.088154200000005,27.2436921,22.1903097,negocios_gestao_e_suporte
5207,68.4597296,33.0299177,32.8565328,28.1113762,negocios_gestao_e_suporte
5208,60.6099465,43.949041,40.723726,32.007838,negocios_gestao_e_suporte
5209,48.230657300000004,38.559002199999995,31.460771599999998,16.1230504,negocios_gestao_e_suporte
5210,81.2133312,19.7148358,14.5552773,17.5621993,negocios_gestao_e_suporte
5211,51.3302888,39.088154200000005,27.2436921,22.1903097,negocios_gestao_e_suporte
5212,68.4597296,33.0299177,32.8565328,28.1113762,negocios_gestao_e_suporte
5213,60.6099465,43.949041,40.723726,32.007838,negocios_gestao_e_suporte
5214,48.230657300000004,38.559002199999995,31.460771599999998,16.1230504,negocios_gestao_e_suporte
5215,81.2133312,19.7148358,14.5552773,17.5621993,negocios_gestao_e_suporte
5216,51.3302888,39.088154200000005,27.2436921,22.1903097,negocios_gestao_e_suporte
5217,68.4597296,33.0299177,32.8565328,28.1113762,negocios_gestao_e_suporte
5218,60.6099465,43.949041,40.723726,32.007838,negocios_gestao_e_suporte
5219,48.230657300000004,38.559002199999995,31.460771599999998,16.1230504,negocios_gestao_e_suporte
5220,81.2133312,19.7148358,14.5552773,17.5621993,negocios_gestao_e_suporte
5221,51.3302888,39.088154200000005,27.2436921,22.1903097,negocios_gestao_e_suporte
5222,68.4597296,33.0299177,32.8565328,28.1113762,negocios_gestao_e_suporte
5223,60.6099465,43.949041,40.723726,32.007838,negocios_gestao_e_suporte
5224,48.230657300000004,38.559002199999995,31.460771599999998,16.1230504,negocios_gestao_e_suporte
5225,81.2133312,19.7148358,14.5552773,17.5621993,negocios_gestao_e_suporte
5226,51.3302888,39.088154200000005,27.2436921,22.1903097,negocios_gestao_e_suporte
5227,68.4597296,33.0299177,32.8565328,28.1113762,negocios_gestao_e_suporte
5228,60.6099465,43.949041,40.723726,32.007838,negocios_gestao_e_suporte
5229,48.230657300000004,38.559002199999995,31.460771599999998,16.1230504,negocios_gestao_e_suporte
5230,81.2133312,19.7148358,14.5552773,17.5621993,negocios_gestao_e_suporte
5231,51.3302888,39.088154200000005,27.2436921,22.1903097,negocios_gestao_e_suporte
5232,68.4597296,33.0299177,32.8565328,28.1113762,negocios_gestao_e_suporte
5233,60.6099465,43.949041,40.723726,32.007838,negocios_gestao_e_suporte
5234,48.230657300000004,38.559002199999995,31.460771599999998,16.1230504,negocios_gestao_e_suporte
5235,81.2133312,19.7148358,14.5552773,17.5621993,negocios_gestao_e_suporte
5236,51.3302888,39.088154200000005,27.2436921,22.1903097,negocios_gestao_e_suporte
5237,68.4597296,33.0299177,32.8565328,28.1113762,negocios_gestao_e_suporte
5238,60.6099465,43.949041,40.723726,32.007838,negocios_gestao_e_suporte
5239,48.230657300000004,38.559002199999995,31.460771599999998,16.1230504,negocios_gestao_e_suporte
5240,81.2133312,19.7148358,14.5552773,17.5621993,negocios_gestao_e_suporte
5241,51.3302888,39.088154200000005,27.2436921,22.1903097,negocios_gestao_e_suporte
5242,68.4597296,33.0299177,32.8565328,28.1113762,negocios_gestao_e_suporte
5243,60.6099465,43.949041,40.723726,32.007838,negocios_gestao_e_suporte
5244,48.230657300000004,38.559002199999995,31.460771599999998,16.1230504,negocios_gestao_e_suporte
5245,81.2133312,19.7148358,14.5552773,17.5621993,negocios_gestao_e_suporte
5246,51.3302888,39.088154200000005,27.2436921,22.1903097,negocios_gestao_e_suporte
5247,68.4597296,33.0299177,32.8565328,28.1113762,negocios_gestao_e_suporte
5248,60.6099465,43.949041,40.723726,32.007838,negocios_gestao_e_suporte
5249,48.230657300000004,38.559002199999995,31.460771599999998,16.1230504,negocios_gestao_e_suporte
5250,81.2133312,19.7148358,14.5552773,17.5621993,negocios_gestao_e_suporte
5251,51.3302888,39.088154200000005,27.2436921,22.1903097,negocios_gestao_e_suporte
5252,68.4597296,33.0299177,32.8565328,28.1113762,negocios_gestao_e_suporte
5253,60.6099465,43.949041,40.723726,32.007838,negocios_gestao_e_suporte
5254,48.230657300000004,38.559002199999995,31.460771599999998,16.1230504,negocios_gestao_e_suporte
5255,81.2133312,19.7148358,14.5552773,17.5621993,negocios_gestao_e_suporte
5256,51.3302888,39.088154200000005,27.2436921,22.1903097,negocios_gestao_e_suporte
5257,68.4597296,33.0299177,32.8565328,28.1113762,negocios_gestao_e_suporte
5258,60.6099465,43.949041,40.723726,32.007838,negocios_gestao_e_suporte
5259,48.230657300000004,38.559002199999995,31.460771599999998,16.1230504,negocios_gestao_e_suporte
5260,81.2133312,19.7148358,14.5552773,17.5621993,negocios_gestao_e_suporte
5261,51.3302888,39.088154200000005,27.2436921,22.1903097,negocios_gestao_e_suporte
5262,68.4597296,33.0299177,32.8565328,28.1113762,negocios_gestao_e_suporte
5263,60.6099465,43.949041,40.723726,32.007838,negocios_gestao_e_suporte
5264,48.230657300000004,38.559002199999995,31.460771599999998,16.1230504,negocios_gestao_e_suporte
5265,81.2133312,19.7148358,14.5552773,17.5621993,negocios_gestao_e_suporte
5266,51.3302888,39.088154200000005,27.2436921,22.1903097,negocios_gestao_e_suporte
5267,68.4597296,33.0299177,32.8565328,28.1113762,negocios_gestao_e_suporte
5268,60.6099465,43.949041,40.723726,32.007838,negocios_gestao_e_suporte
5269,48.230657300000004,38.559002199999995,31.460771599999998,16.1230504,negocios_gestao_e_suporte
5270,81.2133312,19.7148358,14.5552773,17.5621993,negocios_gestao_e_suporte
5271,51.3302888,39.088154200000005,27.2436921,22.1903097,negocios_gestao_e_suporte
5272,68.4597296,33.0299177,32.8565328,28.1113762,negocios_gestao_e_suporte
5273,60.6099465,43.949041,40.723726,32.007838,negocios_gestao_e_suporte
5274,48.230657300000004,38.559002199999995,31.460771599999998,16.1230504,negocios_gestao_e_suporte
5275,81.2133312,19.7148358,14.5552773,17.5621993,negocios_gestao_e_suporte
5276,51.3302888,39.088154200000005,27.2436921,22.1903097,negocios_gestao_e_suporte
5277,68.4597296,33.0299177,32.8565328,28.1113762,negocios_gestao_e_suporte
5278,60.6099465,43.949041,40.723726,32.007838,negocios_gestao_e_suporte
5279,48.230657300000004,38.559002199999995,31.460771599999998,16.1230504,negocios_gestao_e_suporte
5280,81.2133312,19.7148358,14.5552773,17.5621993,negocios_gestao_e_suporte
5281,51.3302888,39.088154200000005,27.2436921,22.1903097,negocios_gestao_e_suporte
5282,68.4597296,33.0299177,32.8565328,28.1113762,negocios_gestao_e_suporte
5283,60.6099465,43.949041,40.723726,32.007838,negocios_gestao_e_suporte
5284,48.230657300000004,38.559002199999995,31.460771599999998,16.1230504,negocios_gestao_e_suporte
5285,81.2133312,19.7148358,14.5552773,17.5621993,negocios_gestao_e_suporte
5286,51.3302888,39.088154200000005,27.2436921,22.1903097,negocios_gestao_e_suporte
5287,68.4597296,33.0299177,32.8565328,28.1113762,negocios_gestao_e_suporte
5288,60.6099465,43.949041,40.723726,32.007838,negocios_gestao_e_suporte
5289,48.230657300000004,38.559002199999995,31.460771599999998,16.1230504,negocios_gestao_e_suporte
5290,81.2133312,19.7148358,14.5552773,17.5621993,negocios_gestao_e_suporte
5291,51.3302888,39.088154200000005,27.2436921,22.1903097,negocios_gestao_e_suporte
5292,68.4597296,33.0299177,32.8565328,28.1113762,negocios_gestao_e_suporte
5293,60.6099465,43.949041,40.723726,32.007838,negocios_gestao_e_suporte
5294,48.230657300000004,38.559002199999995,31.460771599999998,16.1230504,negocios_gestao_e_suporte
5295,81.2133312,19.7148358,14.5552773,17.5621993,negocios_gestao_e_suporte
5296,51.3302888,39.088154200000005,27.2436921,22.1903097,negocios_gestao_e_suporte
5297,68.4597296,33.0299177,32.8565328,28.1113762,negocios_gestao_e_suporte
5298,60.6099465,43.949041,40.723726,32.007838,negocios_gestao_e_suporte
5299,48.230657300000004,38.559002199999995,31.460771599999998,16.1230504,negocios_gestao_e_suporte
5300,81.2133312,19.7148358,14.5552773,17.5621993,negocios_gestao_e_suporte
5301,51.3302888,39.088154200000005,27.2436921,22.1903097,negocios_gestao_e_suporte
5302,68.4597296,33.0299177,32.8565328,28.1113762,negocios_gestao_e_suporte
5303,60.6099465,43.949041,40.723726,32.007838,negocios_gestao_e_suporte
5304,48.230657300000004,38.559002199999995,31.460771599999998,16.1230504,negocios_gestao_e_suporte
5305,81.2133312,19.7148358,14.5552773,17.5621993,negocios_gestao_e_suporte
5306,51.3302888,39.088154200000005,27.2436921,22.1903097,negocios_gestao_e_suporte
5307,68.4597296,33.0299177,32.8565328,28.1113762,negocios_gestao_e_suporte
5308,60.6099465,43.949041,40.723726,32.007838,negocios_gestao_e_suporte
5309,48.230657300000004,38.559002199999995,31.460771599999998,16.1230504,negocios_gestao_e_suporte
5310,81.2133312,19.7148358,14.5552773,17.5621993,negocios_gestao_e_suporte
5311,51.3302888,39.088154200000005,27.2436921,22.1903097,negocios_gestao_e_suporte
5312,68.4597296,33.0299177,32.8565328,28.1113762,negocios_gestao_e_suporte
5313,60.6099465,43.949041,40.723726,32.007838,negocios_gestao_e_suporte
5314,48.230657300000004,38.559002199999995,31.460771599999998,16.1230504,negocios_gestao_e_suporte
5315,81.2133312,19.7148358,14.5552773,17.5621993,negocios_gestao_e_suporte
5316,51.3302888,39.088154200000005,27.2436921,22.1903097,negocios_gestao_e_suporte
5317,68.4597296,33.0299177,32.8565328,28.1113762,negocios_gestao_e_suporte
5318,60.6099465,43.949041,40.723726,32.007838,negocios_gestao_e_suporte
5319,48.230657300000004,38.559002199999995,31.460771599999998,16.1230504,negocios_gestao_e_suporte
5320,81.2133312,19.7148358,14.5552773,17.5621993,negocios_gestao_e_suporte
5321,51.3302888,39.088154200000005,27.2436921,22.1903097,negocios_gestao_e_suporte
5322,68.4597296,33.0299177,32.8565328,28.1113762,negocios_gestao_e_suporte
5323,60.6099465,43.949041,40.723726,32.007838,negocios_gestao_e_suporte
5324,48.230657300000004,38.559002199999995,31.460771599999998,16.1230504,negocios_gestao_e_suporte
5325,81.2133312,19.7148358,14.5552773,17.5621993,negocios_gestao_e_suporte
5326,51.3302888,39.088154200000005,27.2436921,22.1903097,negocios_gestao_e_suporte
5327,68.4597296,33.0299177,32.8565328,28.1113762,negocios_gestao_e_suporte
5328,60.6099465,43.949041,40.723726,32.007838,negocios_gestao_e_suporte
5329,48.230657300000004,38.559002199999995,31.460771599999998,16.1230504,negocios_gestao_e_suporte
5330,81.2133312,19.7148358,14.5552773,17.5621993,negocios_gestao_e_suporte
5331,51.3302888,39.088154200000005,27.2436921,22.1903097,negocios_gestao_e_suporte
5332,68.4597296,33.0299177,32.8565328,28.1113762,negocios_gestao_e_suporte
5333,60.6099465,43.949041,40.723726,32.007838,negocios_gestao_e_suporte
5334,48.230657300000004,38.559002199999995,31.460771599999998,16.1230504,negocios_gestao_e_suporte
5335,81.2133312,19.7148358,14.5552773,17.5621993,negocios_gestao_e_suporte
5336,51.3302888,39.088154200000005,27.2436921,22.1903097,negocios_gestao_e_suporte
5337,68.4597296,33.0299177,32.8565328,28.1113762,negocios_gestao_e_suporte
5338,60.6099465,43.949041,40.723726,32.007838,negocios_gestao_e_suporte
5339,48.230657300000004,38.559002199999995,31.460771599999998,16.1230504,negocios_gestao_e_suporte
5340,81.2133312,19.7148358,14.5552773,17.5621993,negocios_gestao_e_suporte
5341,51.3302888,39.088154200000005,27.2436921,22.1903097,negocios_gestao_e_suporte
5342,68.4597296,33.0299177,32.8565328,28.1113762,negocios_gestao_e_suporte
5343,60.6099465,43.949041,40.723726,32.007838,negocios_gestao_e_suporte
5344,48.230657300000004,38.559002199999995,31.460771599999998,16.1230504,negocios_gestao_e_suporte
5345,81.2133312,19.7148358,14.5552773,17.5621993,negocios_gestao_e_suporte
5346,51.3302888,39.088154200000005,27.2436921,22.1903097,negocios_gestao_e_suporte
5347,68.4597296,33.0299177,32.8565328,28.1113762,negocios_gestao_e_suporte
5348,60.6099465,43.949041,40.723726,32.007838,negocios_gestao_e_suporte
5349,48.230657300000004,38.559002199999995,31.460771599999998,16.1230504,negocios_gestao_e_suporte
5350,81.2133312,19.7148358,14.5552773,17.5621993,negocios_gestao_e_suporte
5351,51.3302888,39.088154200000005,27.2436921,22.1903097,negocios_gestao_e_suporte
5352,68.4597296,33.0299177,32.8565328,28.1113762,negocios_gestao_e_suporte
5353,60.6099465,43.949041,40.723726,32.007838,negocios_gestao_e_suporte
5354,48.230657300000004,38.559002199999995,31.460771599999998,16.1230504,negocios_gestao_e_suporte
5355,81.2133312,19.7148358,14.5552773,17.5621993,negocios_gestao_e_suporte
5356,51.3302888,39.088154200000005,27.2436921,22.1903097,negocios_gestao_e_suporte
5357,68.4597296,33.0299177,32.8565328,28.1113762,negocios_gestao_e_suporte
5358,60.6099465,43.949041,40.723726,32.007838,negocios_gestao_e_suporte
5359,48.230657300000004,38.559002199999995,31.460771599999998,16.1230504,negocios_gestao_e_suporte
5360,81.2133312,19.7148358,14.5552773,17.5621993,negocios_gestao_e_suporte
5361,51.3302888,39.088154200000005,27.2436921,22.1903097,negocios_gestao_e_suporte
5362,68.4597296,33.0299177,32.8565328,28.1113762,negocios_gestao_e_suporte
5363,60.6099465,43.949041,40.723726,32.007838,negocios_gestao_e_suporte
5364,48.230657300000004,38.559002199999995,31.460771599999998,16.1230504,negocios_gestao_e_suporte
5365,81.2133312,19.7148358,14.5552773,17.5621993,negocios_gestao_e_suporte
5366,51.3302888,39.088154200000005,27.2436921,22.1903097,negocios_gestao_e_suporte
5367,68.4597296,33.0299177,32.8565328,28.1113762,negocios_gestao_e_suporte
5368,60.6099465,43.949041,40.723726,32.007838,negocios_gestao_e_suporte
5369,48.230657300000004,38.559002199999995,31.460771599999998,16.1230504,negocios_gestao_e_suporte
5370,81.2133312,19.7148358,14.5552773,17.5621993,negocios_gestao_e_suporte
5371,51.3302888,39.088154200000005,27.2436921,22.1903097,negocios_gestao_e_suporte
5372,68.4597296,33.0299177,32.8565328,28.1113762,negocios_gestao_e_suporte
5373,60.6099465,43.949041,40.723726,32.007838,negocios_gestao_e_suporte
5374,48.230657300000004,38.559002199999995,31.460771599999998,16.1230504,negocios_gestao_e_suporte
5375,81.2133312,19.7148358,14.5552773,17.5621993,negocios_gestao_e_suporte
5376,51.3302888,39.088154200000005,27.2436921,22.1903097,negocios_gestao_e_suporte
5377,68.4597296,33.0299177,32.8565328,28.1113762,negocios_gestao_e_suporte
5378,60.6099465,43.949041,40.723726,32.007838,negocios_gestao_e_suporte
5379,48.230657300000004,38.559002199999995,31.460771599999998,16.1230504,negocios_gestao_e_suporte
5380,81.2133312,19.7148358,14.5552773,17.5621993,negocios_gestao_e_suporte
5381,51.3302888,39.088154200000005,27.2436921,22.1903097,negocios_gestao_e_suporte
5382,68.4597296,33.0299177,32.8565328,28.1113762,negocios_gestao_e_suporte
5383,60.6099465,43.949041,40.723726,32.007838,negocios_gestao_e_suporte
5384,48.230657300000004,38.559002199999995,31.460771599999998,16.1230504,negocios_gestao_e_suporte
5385,81.2133312,19.7148358,14.5552773,17.5621993,negocios_gestao_e_suporte
5386,51.3302888,39.088154200000005,27.2436921,22.1903097,negocios_gestao_e_suporte
5387,68.4597296,33.0299177,32.8565328,28.1113762,negocios_gestao_e_suporte
5388,60.6099465,43.949041,40.723726,32.007838,negocios_gestao_e_suporte
5389,48.230657300000004,38.559002199999995,31.460771599999998,16.1230504,negocios_gestao_e_suporte
5390,81.2133312,19.7148358,14.5552773,17.5621993,negocios_gestao_e_suporte
5391,51.3302888,39.088154200000005,27.2436921,22.1903097,negocios_gestao_e_suporte
5392,68.4597296,33.0299177,32.8565328,28.1113762,negocios_gestao_e_suporte
5393,60.6099465,43.949041,40.723726,32.007838,negocios_gestao_e_suporte
5394,48.230657300000004,38.559002199999995,31.460771599999998,16.1230504,negocios_gestao_e_suporte
5395,81.2133312,19.7148358,14.5552773,17.5621993,negocios_gestao_e_suporte
5396,51.3302888,39.088154200000005,27.2436921,22.1903097,negocios_gestao_e_suporte
5397,68.4597296,33.0299177,32.8565328,28.1113762,negocios_gestao_e_suporte
5398,60.6099465,43.949041,40.723726,32.007838,negocios_gestao_e_suporte
5399,48.230657300000004,38.559002199999995,31.460771599999998,16.1230504,negocios_gestao_e_suporte
5400,48.5390778,40.230058899999996,29.738737599999997,27.9881315,desenvolvimento_e_engenharia_de_produto
5401,65.8515837,37.1321736,30.269464600000003,24.1001381,desenvolvimento_e_engenharia_de_produto
5402,39.1125324,47.428197100000006,27.879113500000003,24.6115276,desenvolvimento_e_engenharia_de_produto
5403,43.5166024,43.9994136,36.631720699999995,20.4767929,desenvolvimento_e_engenharia_de_produto
5404,54.5446946,38.2970671,37.7615778,21.7996519,desenvolvimento_e_engenharia_de_produto
5405,64.9124032,36.4199467,27.034245600000002,18.2944237,desenvolvimento_e_engenharia_de_produto
5406,46.4201827,41.2821822,37.9300966,23.4770651,desenvolvimento_e_engenharia_de_produto
5407,54.106671500000004,41.4619646,31.140039800000004,24.2762657,desenvolvimento_e_engenharia_de_produto
5408,52.8778501,44.0875018,31.191521599999998,21.6947833,desenvolvimento_e_engenharia_de_produto
5409,63.7518305,40.0886543,33.3711094,20.8807712,desenvolvimento_e_engenharia_de_produto
5410,69.8982468,44.571368500000005,29.587988,16.862085,desenvolvimento_e_engenharia_de_produto
5411,58.786432600000005,43.405996699999996,31.412112399999998,17.5538648,desenvolvimento_e_engenharia_de_produto
5412,56.8329612,14.703872800000001,35.3477989,5.9278179,desenvolvimento_e_engenharia_de_produto
5413,48.5390778,40.230058899999996,29.738737599999997,27.9881315,desenvolvimento_e_engenharia_de_produto
5414,65.8515837,37.1321736,30.269464600000003,24.1001381,desenvolvimento_e_engenharia_de_produto
5415,39.1125324,47.428197100000006,27.879113500000003,24.6115276,desenvolvimento_e_engenharia_de_produto
5416,43.5166024,43.9994136,36.631720699999995,20.4767929,desenvolvimento_e_engenharia_de_produto
5417,54.5446946,38.2970671,37.7615778,21.7996519,desenvolvimento_e_engenharia_de_produto
5418,64.9124032,36.4199467,27.034245600000002,18.2944237,desenvolvimento_e_engenharia_de_produto
5419,46.4201827,41.2821822,37.9300966,23.4770651,desenvolvimento_e_engenharia_de_produto
5420,54.106671500000004,41.4619646,31.140039800000004,24.2762657,desenvolvimento_e_engenharia_de_produto
5421,52.8778501,44.0875018,31.191521599999998,21.6947833,desenvolvimento_e_engenharia_de_produto
5422,63.7518305,40.0886543,33.3711094,20.8807712,desenvolvimento_e_engenharia_de_produto
5423,69.8982468,44.571368500000005,29.587988,16.862085,desenvolvimento_e_engenharia_de_produto
5424,58.786432600000005,43.405996699999996,31.412112399999998,17.5538648,desenvolvimento_e_engenharia_de_produto
5425,56.8329612,14.703872800000001,35.3477989,5.9278179,desenvolvimento_e_engenharia_de_produto
5426,48.5390778,40.230058899999996,29.738737599999997,27.9881315,desenvolvimento_e_engenharia_de_produto
5427,65.8515837,37.1321736,30.269464600000003,24.1001381,desenvolvimento_e_engenharia_de_produto
5428,39.1125324,47.428197100000006,27.879113500000003,24.6115276,desenvolvimento_e_engenharia_de_produto
5429,43.5166024,43.9994136,36.631720699999995,20.4767929,desenvolvimento_e_engenharia_de_produto
5430,54.5446946,38.2970671,37.7615778,21.7996519,desenvolvimento_e_engenharia_de_produto
5431,64.9124032,36.4199467,27.034245600000002,18.2944237,desenvolvimento_e_engenharia_de_produto
5432,46.4201827,41.2821822,37.9300966,23.4770651,desenvolvimento_e_engenharia_de_produto
5433,54.106671500000004,41.4619646,31.140039800000004,24.2762657,desenvolvimento_e_engenharia_de_produto
5434,52.8778501,44.0875018,31.191521599999998,21.6947833,desenvolvimento_e_engenharia_de_produto
5435,63.7518305,40.0886543,33.3711094,20.8807712,desenvolvimento_e_engenharia_de_produto
5436,69.8982468,44.571368500000005,29.587988,16.862085,desenvolvimento_e_engenharia_de_produto
5437,58.786432600000005,43.405996699999996,31.412112399999998,17.5538648,desenvolvimento_e_engenharia_de_produto
5438,56.8329612,14.703872800000001,35.3477989,5.9278179,desenvolvimento_e_engenharia_de_produto
5439,48.5390778,40.230058899999996,29.738737599999997,27.9881315,desenvolvimento_e_engenharia_de_produto
5440,65.8515837,37.1321736,30.269464600000003,24.1001381,desenvolvimento_e_engenharia_de_produto
5441,39.1125324,47.428197100000006,27.879113500000003,24.6115276,desenvolvimento_e_engenharia_de_produto
5442,43.5166024,43.9994136,36.631720699999995,20.4767929,desenvolvimento_e_engenharia_de_produto
5443,54.5446946,38.2970671,37.7615778,21.7996519,desenvolvimento_e_engenharia_de_produto
5444,64.9124032,36.4199467,27.034245600000002,18.2944237,desenvolvimento_e_engenharia_de_produto
5445,46.4201827,41.2821822,37.9300966,23.4770651,desenvolvimento_e_engenharia_de_produto
5446,54.106671500000004,41.4619646,31.140039800000004,24.2762657,desenvolvimento_e_engenharia_de_produto
5447,52.8778501,44.0875018,31.191521599999998,21.6947833,desenvolvimento_e_engenharia_de_produto
5448,63.7518305,40.0886543,33.3711094,20.8807712,desenvolvimento_e_engenharia_de_produto
5449,69.8982468,44.571368500000005,29.587988,16.862085,desenvolvimento_e_engenharia_de_produto
5450,58.786432600000005,43.405996699999996,31.412112399999998,17.5538648,desenvolvimento_e_engenharia_de_produto
5451,56.8329612,14.703872800000001,35.3477989,5.9278179,desenvolvimento_e_engenharia_de_produto
5452,48.5390778,40.230058899999996,29.738737599999997,27.9881315,desenvolvimento_e_engenharia_de_produto
5453,65.8515837,37.1321736,30.269464600000003,24.1001381,desenvolvimento_e_engenharia_de_produto
5454,39.1125324,47.428197100000006,27.879113500000003,24.6115276,desenvolvimento_e_engenharia_de_produto
5455,43.5166024,43.9994136,36.631720699999995,20.4767929,desenvolvimento_e_engenharia_de_produto
5456,54.5446946,38.2970671,37.7615778,21.7996519,desenvolvimento_e_engenharia_de_produto
5457,64.9124032,36.4199467,27.034245600000002,18.2944237,desenvolvimento_e_engenharia_de_produto
5458,46.4201827,41.2821822,37.9300966,23.4770651,desenvolvimento_e_engenharia_de_produto
5459,54.106671500000004,41.4619646,31.140039800000004,24.2762657,desenvolvimento_e_engenharia_de_produto
5460,52.8778501,44.0875018,31.191521599999998,21.6947833,desenvolvimento_e_engenharia_de_produto
5461,63.7518305,40.0886543,33.3711094,20.8807712,desenvolvimento_e_engenharia_de_produto
5462,69.8982468,44.571368500000005,29.587988,16.862085,desenvolvimento_e_engenharia_de_produto
5463,58.786432600000005,43.405996699999996,31.412112399999998,17.5538648,desenvolvimento_e_engenharia_de_produto
5464,56.8329612,14.703872800000001,35.3477989,5.9278179,desenvolvimento_e_engenharia_de_produto
5465,48.5390778,40.230058899999996,29.738737599999997,27.9881315,desenvolvimento_e_engenharia_de_produto
5466,65.8515837,37.1321736,30.269464600000003,24.1001381,desenvolvimento_e_engenharia_de_produto
5467,39.1125324,47.428197100000006,27.879113500000003,24.6115276,desenvolvimento_e_engenharia_de_produto
5468,43.5166024,43.9994136,36.631720699999995,20.4767929,desenvolvimento_e_engenharia_de_produto
5469,54.5446946,38.2970671,37.7615778,21.7996519,desenvolvimento_e_engenharia_de_produto
5470,64.9124032,36.4199467,27.034245600000002,18.2944237,desenvolvimento_e_engenharia_de_produto
5471,46.4201827,41.2821822,37.9300966,23.4770651,desenvolvimento_e_engenharia_de_produto
5472,54.106671500000004,41.4619646,31.140039800000004,24.2762657,desenvolvimento_e_engenharia_de_produto
5473,52.8778501,44.0875018,31.191521599999998,21.6947833,desenvolvimento_e_engenharia_de_produto
5474,63.7518305,40.0886543,33.3711094,20.8807712,desenvolvimento_e_engenharia_de_produto
5475,69.8982468,44.571368500000005,29.587988,16.862085,desenvolvimento_e_engenharia_de_produto
5476,58.786432600000005,43.405996699999996,31.412112399999998,17.5538648,desenvolvimento_e_engenharia_de_produto
5477,56.8329612,14.703872800000001,35.3477989,5.9278179,desenvolvimento_e_engenharia_de_produto
5478,48.5390778,40.230058899999996,29.738737599999997,27.9881315,desenvolvimento_e_engenharia_de_produto
5479,65.8515837,37.1321736,30.269464600000003,24.1001381,desenvolvimento_e_engenharia_de_produto
5480,39.1125324,47.428197100000006,27.879113500000003,24.6115276,desenvolvimento_e_engenharia_de_produto
5481,43.5166024,43.9994136,36.631720699999995,20.4767929,desenvolvimento_e_engenharia_de_produto
5482,54.5446946,38.2970671,37.7615778,21.7996519,desenvolvimento_e_engenharia_de_produto
5483,64.9124032,36.4199467,27.034245600000002,18.2944237,desenvolvimento_e_engenharia_de_produto
5484,46.4201827,41.2821822,37.9300966,23.4770651,desenvolvimento_e_engenharia_de_produto
5485,54.106671500000004,41.4619646,31.140039800000004,24.2762657,desenvolvimento_e_engenharia_de_produto
5486,52.8778501,44.0875018,31.191521599999998,21.6947833,desenvolvimento_e_engenharia_de_produto
5487,63.7518305,40.0886543,33.3711094,20.8807712,desenvolvimento_e_engenharia_de_produto
5488,69.8982468,44.571368500000005,29.587988,16.862085,desenvolvimento_e_engenharia_de_produto
5489,58.786432600000005,43.405996699999996,31.412112399999998,17.5538648,desenvolvimento_e_engenharia_de_produto
5490,56.8329612,14.703872800000001,35.3477989,5.9278179,desenvolvimento_e_engenharia_de_produto
5491,48.5390778,40.230058899999996,29.738737599999997,27.9881315,desenvolvimento_e_engenharia_de_produto
5492,65.8515837,37.1321736,30.269464600000003,24.1001381,desenvolvimento_e_engenharia_de_produto
5493,39.1125324,47.428197100000006,27.879113500000003,24.6115276,desenvolvimento_e_engenharia_de_produto
5494,43.5166024,43.9994136,36.631720699999995,20.4767929,desenvolvimento_e_engenharia_de_produto
5495,54.5446946,38.2970671,37.7615778,21.7996519,desenvolvimento_e_engenharia_de_produto
5496,64.9124032,36.4199467,27.034245600000002,18.2944237,desenvolvimento_e_engenharia_de_produto
5497,46.4201827,41.2821822,37.9300966,23.4770651,desenvolvimento_e_engenharia_de_produto
5498,54.106671500000004,41.4619646,31.140039800000004,24.2762657,desenvolvimento_e_engenharia_de_produto
5499,52.8778501,44.0875018,31.191521599999998,21.6947833,desenvolvimento_e_engenharia_de_produto
5500,63.7518305,40.0886543,33.3711094,20.8807712,desenvolvimento_e_engenharia_de_produto
5501,69.8982468,44.571368500000005,29.587988,16.862085,desenvolvimento_e_engenharia_de_produto
5502,58.786432600000005,43.405996699999996,31.412112399999998,17.5538648,desenvolvimento_e_engenharia_de_produto
5503,56.8329612,14.703872800000001,35.3477989,5.9278179,desenvolvimento_e_engenharia_de_produto
5504,48.5390778,40.230058899999996,29.738737599999997,27.9881315,desenvolvimento_e_engenharia_de_produto
5505,65.8515837,37.1321736,30.269464600000003,24.1001381,desenvolvimento_e_engenharia_de_produto
5506,39.1125324,47.428197100000006,27.879113500000003,24.6115276,desenvolvimento_e_engenharia_de_produto
5507,43.5166024,43.9994136,36.631720699999995,20.4767929,desenvolvimento_e_engenharia_de_produto
5508,54.5446946,38.2970671,37.7615778,21.7996519,desenvolvimento_e_engenharia_de_produto
5509,64.9124032,36.4199467,27.034245600000002,18.2944237,desenvolvimento_e_engenharia_de_produto
5510,46.4201827,41.2821822,37.9300966,23.4770651,desenvolvimento_e_engenharia_de_produto
5511,54.106671500000004,41.4619646,31.140039800000004,24.2762657,desenvolvimento_e_engenharia_de_produto
5512,52.8778501,44.0875018,31.191521599999998,21.6947833,desenvolvimento_e_engenharia_de_produto
5513,63.7518305,40.0886543,33.3711094,20.8807712,desenvolvimento_e_engenharia_de_produto
5514,69.8982468,44.571368500000005,29.587988,16.862085,desenvolvimento_e_engenharia_de_produto
5515,58.786432600000005,43.405996699999996,31.412112399999998,17.5538648,desenvolvimento_e_engenharia_de_produto
5516,56.8329612,14.703872800000001,35.3477989,5.9278179,desenvolvimento_e_engenharia_de_produto
5517,48.5390778,40.230058899999996,29.738737599999997,27.9881315,desenvolvimento_e_engenharia_de_produto
5518,65.8515837,37.1321736,30.269464600000003,24.1001381,desenvolvimento_e_engenharia_de_produto
5519,39.1125324,47.428197100000006,27.879113500000003,24.6115276,desenvolvimento_e_engenharia_de_produto
5520,43.5166024,43.9994136,36.631720699999995,20.4767929,desenvolvimento_e_engenharia_de_produto
5521,54.5446946,38.2970671,37.7615778,21.7996519,desenvolvimento_e_engenharia_de_produto
5522,64.9124032,36.4199467,27.034245600000002,18.2944237,desenvolvimento_e_engenharia_de_produto
5523,46.4201827,41.2821822,37.9300966,23.4770651,desenvolvimento_e_engenharia_de_produto
5524,54.106671500000004,41.4619646,31.140039800000004,24.2762657,desenvolvimento_e_engenharia_de_produto
5525,52.8778501,44.0875018,31.191521599999998,21.6947833,desenvolvimento_e_engenharia_de_produto
5526,63.7518305,40.0886543,33.3711094,20.8807712,desenvolvimento_e_engenharia_de_produto
5527,69.8982468,44.571368500000005,29.587988,16.862085,desenvolvimento_e_engenharia_de_produto
5528,58.786432600000005,43.405996699999996,31.412112399999998,17.5538648,desenvolvimento_e_engenharia_de_produto
5529,56.8329612,14.703872800000001,35.3477989,5.9278179,desenvolvimento_e_engenharia_de_produto
5530,48.5390778,40.230058899999996,29.738737599999997,27.9881315,desenvolvimento_e_engenharia_de_produto
5531,65.8515837,37.1321736,30.269464600000003,24.1001381,desenvolvimento_e_engenharia_de_produto
5532,39.1125324,47.428197100000006,27.879113500000003,24.6115276,desenvolvimento_e_engenharia_de_produto
5533,43.5166024,43.9994136,36.631720699999995,20.4767929,desenvolvimento_e_engenharia_de_produto
5534,54.5446946,38.2970671,37.7615778,21.7996519,desenvolvimento_e_engenharia_de_produto
5535,64.9124032,36.4199467,27.034245600000002,18.2944237,desenvolvimento_e_engenharia_de_produto
5536,46.4201827,41.2821822,37.9300966,23.4770651,desenvolvimento_e_engenharia_de_produto
5537,54.106671500000004,41.4619646,31.140039800000004,24.2762657,desenvolvimento_e_engenharia_de_produto
5538,52.8778501,44.0875018,31.191521599999998,21.6947833,desenvolvimento_e_engenharia_de_produto
5539,63.7518305,40.0886543,33.3711094,20.8807712,desenvolvimento_e_engenharia_de_produto
5540,69.8982468,44.571368500000005,29.587988,16.862085,desenvolvimento_e_engenharia_de_produto
5541,58.786432600000005,43.405996699999996,31.412112399999998,17.5538648,desenvolvimento_e_engenharia_de_produto
5542,56.8329612,14.703872800000001,35.3477989,5.9278179,desenvolvimento_e_engenharia_de_produto
5543,48.5390778,40.230058899999996,29.738737599999997,27.9881315,desenvolvimento_e_engenharia_de_produto
5544,65.8515837,37.1321736,30.269464600000003,24.1001381,desenvolvimento_e_engenharia_de_produto
5545,39.1125324,47.428197100000006,27.879113500000003,24.6115276,desenvolvimento_e_engenharia_de_produto
5546,43.5166024,43.9994136,36.631720699999995,20.4767929,desenvolvimento_e_engenharia_de_produto
5547,54.5446946,38.2970671,37.7615778,21.7996519,desenvolvimento_e_engenharia_de_produto
5548,64.9124032,36.4199467,27.034245600000002,18.2944237,desenvolvimento_e_engenharia_de_produto
5549,46.4201827,41.2821822,37.9300966,23.4770651,desenvolvimento_e_engenharia_de_produto
5550,54.106671500000004,41.4619646,31.140039800000004,24.2762657,desenvolvimento_e_engenharia_de_produto
5551,52.8778501,44.0875018,31.191521599999998,21.6947833,desenvolvimento_e_engenharia_de_produto
5552,63.7518305,40.0886543,33.3711094,20.8807712,desenvolvimento_e_engenharia_de_produto
5553,69.8982468,44.571368500000005,29.587988,16.862085,desenvolvimento_e_engenharia_de_produto
5554,58.786432600000005,43.405996699999996,31.412112399999998,17.5538648,desenvolvimento_e_engenharia_de_produto
5555,56.8329612,14.703872800000001,35.3477989,5.9278179,desenvolvimento_e_engenharia_de_produto
5556,48.5390778,40.230058899999996,29.738737599999997,27.9881315,desenvolvimento_e_engenharia_de_produto
5557,65.8515837,37.1321736,30.269464600000003,24.1001381,desenvolvimento_e_engenharia_de_produto
5558,39.1125324,47.428197100000006,27.879113500000003,24.6115276,desenvolvimento_e_engenharia_de_produto
5559,43.5166024,43.9994136,36.631720699999995,20.4767929,desenvolvimento_e_engenharia_de_produto
5560,54.5446946,38.2970671,37.7615778,21.7996519,desenvolvimento_e_engenharia_de_produto
5561,64.9124032,36.4199467,27.034245600000002,18.2944237,desenvolvimento_e_engenharia_de_produto
5562,46.4201827,41.2821822,37.9300966,23.4770651,desenvolvimento_e_engenharia_de_produto
5563,54.106671500000004,41.4619646,31.140039800000004,24.2762657,desenvolvimento_e_engenharia_de_produto
5564,52.8778501,44.0875018,31.191521599999998,21.6947833,desenvolvimento_e_engenharia_de_produto
5565,63.7518305,40.0886543,33.3711094,20.8807712,desenvolvimento_e_engenharia_de_produto
5566,69.8982468,44.571368500000005,29.587988,16.862085,desenvolvimento_e_engenharia_de_produto
5567,58.786432600000005,43.405996699999996,31.412112399999998,17.5538648,desenvolvimento_e_engenharia_de_produto
5568,56.8329612,14.703872800000001,35.3477989,5.9278179,desenvolvimento_e_engenharia_de_produto
5569,48.5390778,40.230058899999996,29.738737599999997,27.9881315,desenvolvimento_e_engenharia_de_produto
5570,65.8515837,37.1321736,30.269464600000003,24.1001381,desenvolvimento_e_engenharia_de_produto
5571,39.1125324,47.428197100000006,27.879113500000003,24.6115276,desenvolvimento_e_engenharia_de_produto
5572,43.5166024,43.9994136,36.631720699999995,20.4767929,desenvolvimento_e_engenharia_de_produto
5573,54.5446946,38.2970671,37.7615778,21.7996519,desenvolvimento_e_engenharia_de_produto
5574,64.9124032,36.4199467,27.034245600000002,18.2944237,desenvolvimento_e_engenharia_de_produto
5575,46.4201827,41.2821822,37.9300966,23.4770651,desenvolvimento_e_engenharia_de_produto
5576,54.106671500000004,41.4619646,31.140039800000004,24.2762657,desenvolvimento_e_engenharia_de_produto
5577,52.8778501,44.0875018,31.191521599999998,21.6947833,desenvolvimento_e_engenharia_de_produto
5578,63.7518305,40.0886543,33.3711094,20.8807712,desenvolvimento_e_engenharia_de_produto
5579,69.8982468,44.571368500000005,29.587988,16.862085,desenvolvimento_e_engenharia_de_produto
5580,58.786432600000005,43.405996699999996,31.412112399999998,17.5538648,desenvolvimento_e_engenharia_de_produto
5581,56.8329612,14.703872800000001,35.3477989,5.9278179,desenvolvimento_e_engenharia_de_produto
5582,48.5390778,40.230058899999996,29.738737599999997,27.9881315,desenvolvimento_e_engenharia_de_produto
5583,65.8515837,37.1321736,30.269464600000003,24.1001381,desenvolvimento_e_engenharia_de_produto
5584,39.1125324,47.428197100000006,27.879113500000003,24.6115276,desenvolvimento_e_engenharia_de_produto
5585,43.5166024,43.9994136,36.631720699999995,20.4767929,desenvolvimento_e_engenharia_de_produto
5586,54.5446946,38.2970671,37.7615778,21.7996519,desenvolvimento_e_engenharia_de_produto
5587,64.9124032,36.4199467,27.034245600000002,18.2944237,desenvolvimento_e_engenharia_de_produto
5588,46.4201827,41.2821822,37.9300966,23.4770651,desenvolvimento_e_engenharia_de_produto
5589,54.106671500000004,41.4619646,31.140039800000004,24.2762657,desenvolvimento_e_engenharia_de_produto
5590,52.8778501,44.0875018,31.191521599999998,21.6947833,desenvolvimento_e_engenharia_de_produto
5591,63.7518305,40.0886543,33.3711094,20.8807712,desenvolvimento_e_engenharia_de_produto
5592,69.8982468,44.571368500000005,29.587988,16.862085,desenvolvimento_e_engenharia_de_produto
5593,58.786432600000005,43.405996699999996,31.412112399999998,17.5538648,desenvolvimento_e_engenharia_de_produto
5594,56.8329612,14.703872800000001,35.3477989,5.9278179,desenvolvimento_e_engenharia_de_produto
5595,48.5390778,40.230058899999996,29.738737599999997,27.9881315,desenvolvimento_e_engenharia_de_produto
5596,65.8515837,37.1321736,30.269464600000003,24.1001381,desenvolvimento_e_engenharia_de_produto
5597,39.1125324,47.428197100000006,27.879113500000003,24.6115276,desenvolvimento_e_engenharia_de_produto
5598,43.5166024,43.9994136,36.631720699999995,20.4767929,desenvolvimento_e_engenharia_de_produto
5599,54.5446946,38.2970671,37.7615778,21.7996519,desenvolvimento_e_engenharia_de_produto
5600,64.9124032,36.4199467,27.034245600000002,18.2944237,desenvolvimento_e_engenharia_de_produto
5601,46.4201827,41.2821822,37.9300966,23.4770651,desenvolvimento_e_engenharia_de_produto
5602,54.106671500000004,41.4619646,31.140039800000004,24.2762657,desenvolvimento_e_engenharia_de_produto
5603,52.8778501,44.0875018,31.191521599999998,21.6947833,desenvolvimento_e_engenharia_de_produto
5604,63.7518305,40.0886543,33.3711094,20.8807712,desenvolvimento_e_engenharia_de_produto
5605,69.8982468,44.571368500000005,29.587988,16.862085,desenvolvimento_e_engenharia_de_produto
5606,58.786432600000005,43.405996699999996,31.412112399999998,17.5538648,desenvolvimento_e_engenharia_de_produto
5607,56.8329612,14.703872800000001,35.3477989,5.9278179,desenvolvimento_e_engenharia_de_produto
5608,48.5390778,40.230058899999996,29.738737599999997,27.9881315,desenvolvimento_e_engenharia_de_produto
5609,65.8515837,37.1321736,30.269464600000003,24.1001381,desenvolvimento_e_engenharia_de_produto
5610,39.1125324,47.428197100000006,27.879113500000003,24.6115276,desenvolvimento_e_engenharia_de_produto
5611,43.5166024,43.9994136,36.631720699999995,20.4767929,desenvolvimento_e_engenharia_de_produto
5612,54.5446946,38.2970671,37.7615778,21.7996519,desenvolvimento_e_engenharia_de_produto
5613,64.9124032,36.4199467,27.034245600000002,18.2944237,desenvolvimento_e_engenharia_de_produto
5614,46.4201827,41.2821822,37.9300966,23.4770651,desenvolvimento_e_engenharia_de_produto
5615,54.106671500000004,41.4619646,31.140039800000004,24.2762657,desenvolvimento_e_engenharia_de_produto
5616,52.8778501,44.0875018,31.191521599999998,21.6947833,desenvolvimento_e_engenharia_de_produto
5617,63.7518305,40.0886543,33.3711094,20.8807712,desenvolvimento_e_engenharia_de_produto
5618,69.8982468,44.571368500000005,29.587988,16.862085,desenvolvimento_e_engenharia_de_produto
5619,58.786432600000005,43.405996699999996,31.412112399999998,17.5538648,desenvolvimento_e_engenharia_de_produto
5620,56.8329612,14.703872800000001,35.3477989,5.9278179,desenvolvimento_e_engenharia_de_produto
5621,48.5390778,40.230058899999996,29.738737599999997,27.9881315,desenvolvimento_e_engenharia_de_produto
5622,65.8515837,37.1321736,30.269464600000003,24.1001381,desenvolvimento_e_engenharia_de_produto
5623,39.1125324,47.428197100000006,27.879113500000003,24.6115276,desenvolvimento_e_engenharia_de_produto
5624,43.5166024,43.9994136,36.631720699999995,20.4767929,desenvolvimento_e_engenharia_de_produto
5625,54.5446946,38.2970671,37.7615778,21.7996519,desenvolvimento_e_engenharia_de_produto
5626,64.9124032,36.4199467,27.034245600000002,18.2944237,desenvolvimento_e_engenharia_de_produto
5627,46.4201827,41.2821822,37.9300966,23.4770651,desenvolvimento_e_engenharia_de_produto
5628,54.106671500000004,41.4619646,31.140039800000004,24.2762657,desenvolvimento_e_engenharia_de_produto
5629,52.8778501,44.0875018,31.191521599999998,21.6947833,desenvolvimento_e_engenharia_de_produto
5630,63.7518305,40.0886543,33.3711094,20.8807712,desenvolvimento_e_engenharia_de_produto
5631,69.8982468,44.571368500000005,29.587988,16.862085,desenvolvimento_e_engenharia_de_produto
5632,58.786432600000005,43.405996699999996,31.412112399999998,17.5538648,desenvolvimento_e_engenharia_de_produto
5633,56.8329612,14.703872800000001,35.3477989,5.9278179,desenvolvimento_e_engenharia_de_produto
5634,48.5390778,40.230058899999996,29.738737599999997,27.9881315,desenvolvimento_e_engenharia_de_produto
5635,65.8515837,37.1321736,30.269464600000003,24.1001381,desenvolvimento_e_engenharia_de_produto
5636,39.1125324,47.428197100000006,27.879113500000003,24.6115276,desenvolvimento_e_engenharia_de_produto
5637,43.5166024,43.9994136,36.631720699999995,20.4767929,desenvolvimento_e_engenharia_de_produto
5638,54.5446946,38.2970671,37.7615778,21.7996519,desenvolvimento_e_engenharia_de_produto
5639,64.9124032,36.4199467,27.034245600000002,18.2944237,desenvolvimento_e_engenharia_de_produto
5640,46.4201827,41.2821822,37.9300966,23.4770651,desenvolvimento_e_engenharia_de_produto
5641,54.106671500000004,41.4619646,31.140039800000004,24.2762657,desenvolvimento_e_engenharia_de_produto
5642,52.8778501,44.0875018,31.191521599999998,21.6947833,desenvolvimento_e_engenharia_de_produto
5643,63.7518305,40.0886543,33.3711094,20.8807712,desenvolvimento_e_engenharia_de_produto
5644,69.8982468,44.571368500000005,29.587988,16.862085,desenvolvimento_e_engenharia_de_produto
5645,58.786432600000005,43.405996699999996,31.412112399999998,17.5538648,desenvolvimento_e_engenharia_de_produto
5646,56.8329612,14.703872800000001,35.3477989,5.9278179,desenvolvimento_e_engenharia_de_produto
5647,48.5390778,40.230058899999996,29.738737599999997,27.9881315,desenvolvimento_e_engenharia_de_produto
5648,65.8515837,37.1321736,30.269464600000003,24.1001381,desenvolvimento_e_engenharia_de_produto
5649,39.1125324,47.428197100000006,27.879113500000003,24.6115276,desenvolvimento_e_engenharia_de_produto
5650,43.5166024,43.9994136,36.631720699999995,20.4767929,desenvolvimento_e_engenharia_de_produto
5651,54.5446946,38.2970671,37.7615778,21.7996519,desenvolvimento_e_engenharia_de_produto
5652,64.9124032,36.4199467,27.034245600000002,18.2944237,desenvolvimento_e_engenharia_de_produto
5653,46.4201827,41.2821822,37.9300966,23.4770651,desenvolvimento_e_engenharia_de_produto
5654,54.106671500000004,41.4619646,31.140039800000004,24.2762657,desenvolvimento_e_engenharia_de_produto
5655,52.8778501,44.0875018,31.191521599999998,21.6947833,desenvolvimento_e_engenharia_de_produto
5656,63.7518305,40.0886543,33.3711094,20.8807712,desenvolvimento_e_engenharia_de_produto
5657,69.8982468,44.571368500000005,29.587988,16.862085,desenvolvimento_e_engenharia_de_produto
5658,58.786432600000005,43.405996699999996,31.412112399999998,17.5538648,desenvolvimento_e_engenharia_de_produto
5659,56.8329612,14.703872800000001,35.3477989,5.9278179,desenvolvimento_e_engenharia_de_produto
5660,48.5390778,40.230058899999996,29.738737599999997,27.9881315,desenvolvimento_e_engenharia_de_produto
5661,65.8515837,37.1321736,30.269464600000003,24.1001381,desenvolvimento_e_engenharia_de_produto
5662,39.1125324,47.428197100000006,27.879113500000003,24.6115276,desenvolvimento_e_engenharia_de_produto
5663,43.5166024,43.9994136,36.631720699999995,20.4767929,desenvolvimento_e_engenharia_de_produto
5664,54.5446946,38.2970671,37.7615778,21.7996519,desenvolvimento_e_engenharia_de_produto
5665,64.9124032,36.4199467,27.034245600000002,18.2944237,desenvolvimento_e_engenharia_de_produto
5666,46.4201827,41.2821822,37.9300966,23.4770651,desenvolvimento_e_engenharia_de_produto
5667,54.106671500000004,41.4619646,31.140039800000004,24.2762657,desenvolvimento_e_engenharia_de_produto
5668,52.8778501,44.0875018,31.191521599999998,21.6947833,desenvolvimento_e_engenharia_de_produto
5669,63.7518305,40.0886543,33.3711094,20.8807712,desenvolvimento_e_engenharia_de_produto
5670,69.8982468,44.571368500000005,29.587988,16.862085,desenvolvimento_e_engenharia_de_produto
5671,58.786432600000005,43.405996699999996,31.412112399999998,17.5538648,desenvolvimento_e_engenharia_de_produto
5672,56.8329612,14.703872800000001,35.3477989,5.9278179,desenvolvimento_e_engenharia_de_produto
5673,48.5390778,40.230058899999996,29.738737599999997,27.9881315,desenvolvimento_e_engenharia_de_produto
5674,65.8515837,37.1321736,30.269464600000003,24.1001381,desenvolvimento_e_engenharia_de_produto
5675,39.1125324,47.428197100000006,27.879113500000003,24.6115276,desenvolvimento_e_engenharia_de_produto
5676,43.5166024,43.9994136,36.631720699999995,20.4767929,desenvolvimento_e_engenharia_de_produto
5677,54.5446946,38.2970671,37.7615778,21.7996519,desenvolvimento_e_engenharia_de_produto
5678,64.9124032,36.4199467,27.034245600000002,18.2944237,desenvolvimento_e_engenharia_de_produto
5679,46.4201827,41.2821822,37.9300966,23.4770651,desenvolvimento_e_engenharia_de_produto
5680,54.106671500000004,41.4619646,31.140039800000004,24.2762657,desenvolvimento_e_engenharia_de_produto
5681,52.8778501,44.0875018,31.191521599999998,21.6947833,desenvolvimento_e_engenharia_de_produto
5682,63.7518305,40.0886543,33.3711094,20.8807712,desenvolvimento_e_engenharia_de_produto
5683,69.8982468,44.571368500000005,29.587988,16.862085,desenvolvimento_e_engenharia_de_produto
5684,58.786432600000005,43.405996699999996,31.412112399999998,17.5538648,desenvolvimento_e_engenharia_de_produto
5685,56.8329612,14.703872800000001,35.3477989,5.9278179,desenvolvimento_e_engenharia_de_produto
5686,48.5390778,40.230058899999996,29.738737599999997,27.9881315,desenvolvimento_e_engenharia_de_produto
5687,65.8515837,37.1321736,30.269464600000003,24.1001381,desenvolvimento_e_engenharia_de_produto
5688,39.1125324,47.428197100000006,27.879113500000003,24.6115276,desenvolvimento_e_engenharia_de_produto
5689,43.5166024,43.9994136,36.631720699999995,20.4767929,desenvolvimento_e_engenharia_de_produto
5690,54.5446946,38.2970671,37.7615778,21.7996519,desenvolvimento_e_engenharia_de_produto
5691,64.9124032,36.4199467,27.034245600000002,18.2944237,desenvolvimento_e_engenharia_de_produto
5692,46.4201827,41.2821822,37.9300966,23.4770651,desenvolvimento_e_engenharia_de_produto
5693,54.106671500000004,41.4619646,31.140039800000004,24.2762657,desenvolvimento_e_engenharia_de_produto
5694,52.8778501,44.0875018,31.191521599999998,21.6947833,desenvolvimento_e_engenharia_de_produto
5695,63.7518305,40.0886543,33.3711094,20.8807712,desenvolvimento_e_engenharia_de_produto
5696,69.8982468,44.571368500000005,29.587988,16.862085,desenvolvimento_e_engenharia_de_produto
5697,58.786432600000005,43.405996699999996,31.412112399999998,17.5538648,desenvolvimento_e_engenharia_de_produto
5698,56.8329612,14.703872800000001,35.3477989,5.9278179,desenvolvimento_e_engenharia_de_produto
5699,48.5390778,40.230058899999996,29.738737599999997,27.9881315,desenvolvimento_e_engenharia_de_produto
5700,65.8515837,37.1321736,30.269464600000003,24.1001381,desenvolvimento_e_engenharia_de_produto
5701,39.1125324,47.428197100000006,27.879113500000003,24.6115276,desenvolvimento_e_engenharia_de_produto
5702,43.5166024,43.9994136,36.631720699999995,20.4767929,desenvolvimento_e_engenharia_de_produto
5703,54.5446946,38.2970671,37.7615778,21.7996519,desenvolvimento_e_engenharia_de_produto
5704,64.9124032,36.4199467,27.034245600000002,18.2944237,desenvolvimento_e_engenharia_de_produto
5705,46.4201827,41.2821822,37.9300966,23.4770651,desenvolvimento_e_engenharia_de_produto
5706,54.106671500000004,41.4619646,31.140039800000004,24.2762657,desenvolvimento_e_engenharia_de_produto
5707,52.8778501,44.0875018,31.191521599999998,21.6947833,desenvolvimento_e_engenharia_de_produto
5708,63.7518305,40.0886543,33.3711094,20.8807712,desenvolvimento_e_engenharia_de_produto
5709,69.8982468,44.571368500000005,29.587988,16.862085,desenvolvimento_e_engenharia_de_produto
5710,58.786432600000005,43.405996699999996,31.412112399999998,17.5538648,desenvolvimento_e_engenharia_de_produto
5711,56.8329612,14.703872800000001,35.3477989,5.9278179,desenvolvimento_e_engenharia_de_produto
5712,48.5390778,40.230058899999996,29.738737599999997,27.9881315,desenvolvimento_e_engenharia_de_produto
5713,65.8515837,37.1321736,30.269464600000003,24.1001381,desenvolvimento_e_engenharia_de_produto
5714,39.1125324,47.428197100000006,27.879113500000003,24.6115276,desenvolvimento_e_engenharia_de_produto
5715,43.5166024,43.9994136,36.631720699999995,20.4767929,desenvolvimento_e_engenharia_de_produto
5716,54.5446946,38.2970671,37.7615778,21.7996519,desenvolvimento_e_engenharia_de_produto
5717,64.9124032,36.4199467,27.034245600000002,18.2944237,desenvolvimento_e_engenharia_de_produto
5718,46.4201827,41.2821822,37.9300966,23.4770651,desenvolvimento_e_engenharia_de_produto
5719,54.106671500000004,41.4619646,31.140039800000004,24.2762657,desenvolvimento_e_engenharia_de_produto
5720,52.8778501,44.0875018,31.191521599999998,21.6947833,desenvolvimento_e_engenharia_de_produto
5721,63.7518305,40.0886543,33.3711094,20.8807712,desenvolvimento_e_engenharia_de_produto
5722,69.8982468,44.571368500000005,29.587988,16.862085,desenvolvimento_e_engenharia_de_produto
5723,58.786432600000005,43.405996699999996,31.412112399999998,17.5538648,desenvolvimento_e_engenharia_de_produto
5724,56.8329612,14.703872800000001,35.3477989,5.9278179,desenvolvimento_e_engenharia_de_produto
5725,48.5390778,40.230058899999996,29.738737599999997,27.9881315,desenvolvimento_e_engenharia_de_produto
5726,65.8515837,37.1321736,30.269464600000003,24.1001381,desenvolvimento_e_engenharia_de_produto
5727,39.1125324,47.428197100000006,27.879113500000003,24.6115276,desenvolvimento_e_engenharia_de_produto
5728,43.5166024,43.9994136,36.631720699999995,20.4767929,desenvolvimento_e_engenharia_de_produto
5729,54.5446946,38.2970671,37.7615778,21.7996519,desenvolvimento_e_engenharia_de_produto
5730,64.9124032,36.4199467,27.034245600000002,18.2944237,desenvolvimento_e_engenharia_de_produto
5731,46.4201827,41.2821822,37.9300966,23.4770651,desenvolvimento_e_engenharia_de_produto
5732,54.106671500000004,41.4619646,31.140039800000004,24.2762657,desenvolvimento_e_engenharia_de_produto
5733,52.8778501,44.0875018,31.191521599999998,21.6947833,desenvolvimento_e_engenharia_de_produto
5734,63.7518305,40.0886543,33.3711094,20.8807712,desenvolvimento_e_engenharia_de_produto
5735,69.8982468,44.571368500000005,29.587988,16.862085,desenvolvimento_e_engenharia_de_produto
5736,58.786432600000005,43.405996699999996,31.412112399999998,17.5538648,desenvolvimento_e_engenharia_de_produto
5737,56.8329612,14.703872800000001,35.3477989,5.9278179,desenvolvimento_e_engenharia_de_produto
5738,48.5390778,40.230058899999996,29.738737599999997,27.9881315,desenvolvimento_e_engenharia_de_produto
5739,65.8515837,37.1321736,30.269464600000003,24.1001381,desenvolvimento_e_engenharia_de_produto
5740,39.1125324,47.428197100000006,27.879113500000003,24.6115276,desenvolvimento_e_engenharia_de_produto
5741,43.5166024,43.9994136,36.631720699999995,20.4767929,desenvolvimento_e_engenharia_de_produto
5742,54.5446946,38.2970671,37.7615778,21.7996519,desenvolvimento_e_engenharia_de_produto
5743,64.9124032,36.4199467,27.034245600000002,18.2944237,desenvolvimento_e_engenharia_de_produto
5744,46.4201827,41.2821822,37.9300966,23.4770651,desenvolvimento_e_engenharia_de_produto
5745,54.106671500000004,41.4619646,31.140039800000004,24.2762657,desenvolvimento_e_engenharia_de_produto
5746,52.8778501,44.0875018,31.191521599999998,21.6947833,desenvolvimento_e_engenharia_de_produto
5747,63.7518305,40.0886543,33.3711094,20.8807712,desenvolvimento_e_engenharia_de_produto
5748,69.8982468,44.571368500000005,29.587988,16.862085,desenvolvimento_e_engenharia_de_produto
5749,58.786432600000005,43.405996699999996,31.412112399999998,17.5538648,desenvolvimento_e_engenharia_de_produto
5750,56.8329612,14.703872800000001,35.3477989,5.9278179,desenvolvimento_e_engenharia_de_produto
5751,48.5390778,40.230058899999996,29.738737599999997,27.9881315,desenvolvimento_e_engenharia_de_produto
5752,65.8515837,37.1321736,30.269464600000003,24.1001381,desenvolvimento_e_engenharia_de_produto
5753,39.1125324,47.428197100000006,27.879113500000003,24.6115276,desenvolvimento_e_engenharia_de_produto
5754,43.5166024,43.9994136,36.631720699999995,20.4767929,desenvolvimento_e_engenharia_de_produto
5755,54.5446946,38.2970671,37.7615778,21.7996519,desenvolvimento_e_engenharia_de_produto
5756,64.9124032,36.4199467,27.034245600000002,18.2944237,desenvolvimento_e_engenharia_de_produto
5757,46.4201827,41.2821822,37.9300966,23.4770651,desenvolvimento_e_engenharia_de_produto
5758,54.106671500000004,41.4619646,31.140039800000004,24.2762657,desenvolvimento_e_engenharia_de_produto
5759,52.8778501,44.0875018,31.191521599999998,21.6947833,desenvolvimento_e_engenharia_de_produto
5760,63.7518305,40.0886543,33.3711094,20.8807712,desenvolvimento_e_engenharia_de_produto
5761,69.8982468,44.571368500000005,29.587988,16.862085,desenvolvimento_e_engenharia_de_produto
5762,58.786432600000005,43.405996699999996,31.412112399999998,17.5538648,desenvolvimento_e_engenharia_de_produto
5763,56.8329612,14.703872800000001,35.3477989,5.9278179,desenvolvimento_e_engenharia_de_produto
5764,48.5390778,40.230058899999996,29.738737599999997,27.9881315,desenvolvimento_e_engenharia_de_produto
5765,65.8515837,37.1321736,30.269464600000003,24.1001381,desenvolvimento_e_engenharia_de_produto
5766,39.1125324,47.428197100000006,27.879113500000003,24.6115276,desenvolvimento_e_engenharia_de_produto
5767,43.5166024,43.9994136,36.631720699999995,20.4767929,desenvolvimento_e_engenharia_de_produto
5768,54.5446946,38.2970671,37.7615778,21.7996519,desenvolvimento_e_engenharia_de_produto
5769,64.9124032,36.4199467,27.034245600000002,18.2944237,desenvolvimento_e_engenharia_de_produto
5770,46.4201827,41.2821822,37.9300966,23.4770651,desenvolvimento_e_engenharia_de_produto
5771,54.106671500000004,41.4619646,31.140039800000004,24.2762657,desenvolvimento_e_engenharia_de_produto
5772,52.8778501,44.0875018,31.191521599999998,21.6947833,desenvolvimento_e_engenharia_de_produto
5773,63.7518305,40.0886543,33.3711094,20.8807712,desenvolvimento_e_engenharia_de_produto
5774,69.8982468,44.571368500000005,29.587988,16.862085,desenvolvimento_e_engenharia_de_produto
5775,58.786432600000005,43.405996699999996,31.412112399999998,17.5538648,desenvolvimento_e_engenharia_de_produto
5776,56.8329612,14.703872800000001,35.3477989,5.9278179,desenvolvimento_e_engenharia_de_produto
5777,48.5390778,40.230058899999996,29.738737599999997,27.9881315,desenvolvimento_e_engenharia_de_produto
5778,65.8515837,37.1321736,30.269464600000003,24.1001381,desenvolvimento_e_engenharia_de_produto
5779,39.1125324,47.428197100000006,27.879113500000003,24.6115276,desenvolvimento_e_engenharia_de_produto
5780,43.5166024,43.9994136,36.631720699999995,20.4767929,desenvolvimento_e_engenharia_de_produto
5781,54.5446946,38.2970671,37.7615778,21.7996519,desenvolvimento_e_engenharia_de_produto
5782,64.9124032,36.4199467,27.034245600000002,18.2944237,desenvolvimento_e_engenharia_de_produto
5783,46.4201827,41.2821822,37.9300966,23.4770651,desenvolvimento_e_engenharia_de_produto
5784,54.106671500000004,41.4619646,31.140039800000004,24.2762657,desenvolvimento_e_engenharia_de_produto
5785,52.8778501,44.0875018,31.191521599999998,21.6947833,desenvolvimento_e_engenharia_de_produto
5786,63.7518305,40.0886543,33.3711094,20.8807712,desenvolvimento_e_engenharia_de_produto
5787,69.8982468,44.571368500000005,29.587988,16.862085,desenvolvimento_e_engenharia_de_produto
5788,58.786432600000005,43.405996699999996,31.412112399999998,17.5538648,desenvolvimento_e_engenharia_de_produto
5789,56.8329612,14.703872800000001,35.3477989,5.9278179,desenvolvimento_e_engenharia_de_produto
5790,48.5390778,40.230058899999996,29.738737599999997,27.9881315,desenvolvimento_e_engenharia_de_produto
5791,65.8515837,37.1321736,30.269464600000003,24.1001381,desenvolvimento_e_engenharia_de_produto
5792,39.1125324,47.428197100000006,27.879113500000003,24.6115276,desenvolvimento_e_engenharia_de_produto
5793,43.5166024,43.9994136,36.631720699999995,20.4767929,desenvolvimento_e_engenharia_de_produto
5794,54.5446946,38.2970671,37.7615778,21.7996519,desenvolvimento_e_engenharia_de_produto
5795,64.9124032,36.4199467,27.034245600000002,18.2944237,desenvolvimento_e_engenharia_de_produto
5796,46.4201827,41.2821822,37.9300966,23.4770651,desenvolvimento_e_engenharia_de_produto
5797,54.106671500000004,41.4619646,31.140039800000004,24.2762657,desenvolvimento_e_engenharia_de_produto
5798,52.8778501,44.0875018,31.191521599999998,21.6947833,desenvolvimento_e_engenharia_de_produto
5799,63.7518305,40.0886543,33.3711094,20.8807712,desenvolvimento_e_engenharia_de_produto
5800,69.8982468,44.571368500000005,29.587988,16.862085,desenvolvimento_e_engenharia_de_produto
5801,58.786432600000005,43.405996699999996,31.412112399999998,17.5538648,desenvolvimento_e_engenharia_de_produto
5802,56.8329612,14.703872800000001,35.3477989,5.9278179,desenvolvimento_e_engenharia_de_produto
5803,48.5390778,40.230058899999996,29.738737599999997,27.9881315,desenvolvimento_e_engenharia_de_produto
5804,65.8515837,37.1321736,30.269464600000003,24.1001381,desenvolvimento_e_engenharia_de_produto
5805,39.1125324,47.428197100000006,27.879113500000003,24.6115276,desenvolvimento_e_engenharia_de_produto
5806,43.5166024,43.9994136,36.631720699999995,20.4767929,desenvolvimento_e_engenharia_de_produto
5807,54.5446946,38.2970671,37.7615778,21.7996519,desenvolvimento_e_engenharia_de_produto
5808,64.9124032,36.4199467,27.034245600000002,18.2944237,desenvolvimento_e_engenharia_de_produto
5809,46.4201827,41.2821822,37.9300966,23.4770651,desenvolvimento_e_engenharia_de_produto
5810,54.106671500000004,41.4619646,31.140039800000004,24.2762657,desenvolvimento_e_engenharia_de_produto
5811,52.8778501,44.0875018,31.191521599999998,21.6947833,desenvolvimento_e_engenharia_de_produto
5812,63.7518305,40.0886543,33.3711094,20.8807712,desenvolvimento_e_engenharia_de_produto
5813,69.8982468,44.571368500000005,29.587988,16.862085,desenvolvimento_e_engenharia_de_produto
5814,58.786432600000005,43.405996699999996,31.412112399999998,17.5538648,desenvolvimento_e_engenharia_de_produto
5815,56.8329612,14.703872800000001,35.3477989,5.9278179,desenvolvimento_e_engenharia_de_produto
5816,48.5390778,40.230058899999996,29.738737599999997,27.9881315,desenvolvimento_e_engenharia_de_produto
5817,65.8515837,37.1321736,30.269464600000003,24.1001381,desenvolvimento_e_engenharia_de_produto
5818,39.1125324,47.428197100000006,27.879113500000003,24.6115276,desenvolvimento_e_engenharia_de_produto
5819,43.5166024,43.9994136,36.631720699999995,20.4767929,desenvolvimento_e_engenharia_de_produto
5820,54.5446946,38.2970671,37.7615778,21.7996519,desenvolvimento_e_engenharia_de_produto
5821,64.9124032,36.4199467,27.034245600000002,18.2944237,desenvolvimento_e_engenharia_de_produto
5822,46.4201827,41.2821822,37.9300966,23.4770651,desenvolvimento_e_engenharia_de_produto
5823,54.106671500000004,41.4619646,31.140039800000004,24.2762657,desenvolvimento_e_engenharia_de_produto
5824,52.8778501,44.0875018,31.191521599999998,21.6947833,desenvolvimento_e_engenharia_de_produto
5825,63.7518305,40.0886543,33.3711094,20.8807712,desenvolvimento_e_engenharia_de_produto
5826,69.8982468,44.571368500000005,29.587988,16.862085,desenvolvimento_e_engenharia_de_produto
5827,58.786432600000005,43.405996699999996,31.412112399999998,17.5538648,desenvolvimento_e_engenharia_de_produto
5828,56.8329612,14.703872800000001,35.3477989,5.9278179,desenvolvimento_e_engenharia_de_produto
5829,48.5390778,40.230058899999996,29.738737599999997,27.9881315,desenvolvimento_e_engenharia_de_produto
5830,65.8515837,37.1321736,30.269464600000003,24.1001381,desenvolvimento_e_engenharia_de_produto
5831,39.1125324,47.428197100000006,27.879113500000003,24.6115276,desenvolvimento_e_engenharia_de_produto
5832,43.5166024,43.9994136,36.631720699999995,20.4767929,desenvolvimento_e_engenharia_de_produto
5833,54.5446946,38.2970671,37.7615778,21.7996519,desenvolvimento_e_engenharia_de_produto
5834,64.9124032,36.4199467,27.034245600000002,18.2944237,desenvolvimento_e_engenharia_de_produto
5835,46.4201827,41.2821822,37.9300966,23.4770651,desenvolvimento_e_engenharia_de_produto
5836,54.106671500000004,41.4619646,31.140039800000004,24.2762657,desenvolvimento_e_engenharia_de_produto
5837,52.8778501,44.0875018,31.191521599999998,21.6947833,desenvolvimento_e_engenharia_de_produto
5838,63.7518305,40.0886543,33.3711094,20.8807712,desenvolvimento_e_engenharia_de_produto
5839,69.8982468,44.571368500000005,29.587988,16.862085,desenvolvimento_e_engenharia_de_produto
5840,58.786432600000005,43.405996699999996,31.412112399999998,17.5538648,desenvolvimento_e_engenharia_de_produto
5841,56.8329612,14.703872800000001,35.3477989,5.9278179,desenvolvimento_e_engenharia_de_produto
5842,48.5390778,40.230058899999996,29.738737599999997,27.9881315,desenvolvimento_e_engenharia_de_produto
5843,65.8515837,37.1321736,30.269464600000003,24.1001381,desenvolvimento_e_engenharia_de_produto
5844,39.1125324,47.428197100000006,27.879113500000003,24.6115276,desenvolvimento_e_engenharia_de_produto
5845,43.5166024,43.9994136,36.631720699999995,20.4767929,desenvolvimento_e_engenharia_de_produto
5846,54.5446946,38.2970671,37.7615778,21.7996519,desenvolvimento_e_engenharia_de_produto
5847,64.9124032,36.4199467,27.034245600000002,18.2944237,desenvolvimento_e_engenharia_de_produto
5848,46.4201827,41.2821822,37.9300966,23.4770651,desenvolvimento_e_engenharia_de_produto
5849,54.106671500000004,41.4619646,31.140039800000004,24.2762657,desenvolvimento_e_engenharia_de_produto
5850,52.8778501,44.0875018,31.191521599999998,21.6947833,desenvolvimento_e_engenharia_de_produto
5851,63.7518305,40.0886543,33.3711094,20.8807712,desenvolvimento_e_engenharia_de_produto
5852,69.8982468,44.571368500000005,29.587988,16.862085,desenvolvimento_e_engenharia_de_produto
5853,58.786432600000005,43.405996699999996,31.412112399999998,17.5538648,desenvolvimento_e_engenharia_de_produto
5854,56.8329612,14.703872800000001,35.3477989,5.9278179,desenvolvimento_e_engenharia_de_produto
5855,48.5390778,40.230058899999996,29.738737599999997,27.9881315,desenvolvimento_e_engenharia_de_produto
5856,65.8515837,37.1321736,30.269464600000003,24.1001381,desenvolvimento_e_engenharia_de_produto
5857,39.1125324,47.428197100000006,27.879113500000003,24.6115276,desenvolvimento_e_engenharia_de_produto
5858,43.5166024,43.9994136,36.631720699999995,20.4767929,desenvolvimento_e_engenharia_de_produto
5859,54.5446946,38.2970671,37.7615778,21.7996519,desenvolvimento_e_engenharia_de_produto
5860,64.9124032,36.4199467,27.034245600000002,18.2944237,desenvolvimento_e_engenharia_de_produto
5861,46.4201827,41.2821822,37.9300966,23.4770651,desenvolvimento_e_engenharia_de_produto
5862,54.106671500000004,41.4619646,31.140039800000004,24.2762657,desenvolvimento_e_engenharia_de_produto
5863,52.8778501,44.0875018,31.191521599999998,21.6947833,desenvolvimento_e_engenharia_de_produto
5864,63.7518305,40.0886543,33.3711094,20.8807712,desenvolvimento_e_engenharia_de_produto
5865,69.8982468,44.571368500000005,29.587988,16.862085,desenvolvimento_e_engenharia_de_produto
5866,58.786432600000005,43.405996699999996,31.412112399999998,17.5538648,desenvolvimento_e_engenharia_de_produto
5867,56.8329612,14.703872800000001,35.3477989,5.9278179,desenvolvimento_e_engenharia_de_produto
5868,48.5390778,40.230058899999996,29.738737599999997,27.9881315,desenvolvimento_e_engenharia_de_produto
5869,65.8515837,37.1321736,30.269464600000003,24.1001381,desenvolvimento_e_engenharia_de_produto
5870,39.1125324,47.428197100000006,27.879113500000003,24.6115276,desenvolvimento_e_engenharia_de_produto
5871,43.5166024,43.9994136,36.631720699999995,20.4767929,desenvolvimento_e_engenharia_de_produto
5872,54.5446946,38.2970671,37.7615778,21.7996519,desenvolvimento_e_engenharia_de_produto
5873,64.9124032,36.4199467,27.034245600000002,18.2944237,desenvolvimento_e_engenharia_de_produto
5874,46.4201827,41.2821822,37.9300966,23.4770651,desenvolvimento_e_engenharia_de_produto
5875,54.106671500000004,41.4619646,31.140039800000004,24.2762657,desenvolvimento_e_engenharia_de_produto
5876,52.8778501,44.0875018,31.191521599999998,21.6947833,desenvolvimento_e_engenharia_de_produto
5877,63.7518305,40.0886543,33.3711094,20.8807712,desenvolvimento_e_engenharia_de_produto
5878,69.8982468,44.571368500000005,29.587988,16.862085,desenvolvimento_e_engenharia_de_produto
5879,58.786432600000005,43.405996699999996,31.412112399999998,17.5538648,desenvolvimento_e_engenharia_de_produto
5880,56.8329612,14.703872800000001,35.3477989,5.9278179,desenvolvimento_e_engenharia_de_produto
5881,48.5390778,40.230058899999996,29.738737599999997,27.9881315,desenvolvimento_e_engenharia_de_produto
5882,65.8515837,37.1321736,30.269464600000003,24.1001381,desenvolvimento_e_engenharia_de_produto
5883,39.1125324,47.428197100000006,27.879113500000003,24.6115276,desenvolvimento_e_engenharia_de_produto
5884,43.5166024,43.9994136,36.631720699999995,20.4767929,desenvolvimento_e_engenharia_de_produto
5885,54.5446946,38.2970671,37.7615778,21.7996519,desenvolvimento_e_engenharia_de_produto
5886,64.9124032,36.4199467,27.034245600000002,18.2944237,desenvolvimento_e_engenharia_de_produto
5887,46.4201827,41.2821822,37.9300966,23.4770651,desenvolvimento_e_engenharia_de_produto
5888,54.106671500000004,41.4619646,31.140039800000004,24.2762657,desenvolvimento_e_engenharia_de_produto
5889,52.8778501,44.0875018,31.191521599999998,21.6947833,desenvolvimento_e_engenharia_de_produto
5890,63.7518305,40.0886543,33.3711094,20.8807712,desenvolvimento_e_engenharia_de_produto
5891,69.8982468,44.571368500000005,29.587988,16.862085,desenvolvimento_e_engenharia_de_produto
5892,58.786432600000005,43.405996699999996,31.412112399999998,17.5538648,desenvolvimento_e_engenharia_de_produto
5893,56.8329612,14.703872800000001,35.3477989,5.9278179,desenvolvimento_e_engenharia_de_produto
5894,48.5390778,40.230058899999996,29.738737599999997,27.9881315,desenvolvimento_e_engenharia_de_produto
5895,65.8515837,37.1321736,30.269464600000003,24.1001381,desenvolvimento_e_engenharia_de_produto
5896,39.1125324,47.428197100000006,27.879113500000003,24.6115276,desenvolvimento_e_engenharia_de_produto
5897,43.5166024,43.9994136,36.631720699999995,20.4767929,desenvolvimento_e_engenharia_de_produto
5898,54.5446946,38.2970671,37.7615778,21.7996519,desenvolvimento_e_engenharia_de_produto
5899,64.9124032,36.4199467,27.034245600000002,18.2944237,desenvolvimento_e_engenharia_de_produto
5900,46.4201827,41.2821822,37.9300966,23.4770651,desenvolvimento_e_engenharia_de_produto
5901,54.106671500000004,41.4619646,31.140039800000004,24.2762657,desenvolvimento_e_engenharia_de_produto
5902,52.8778501,44.0875018,31.191521599999998,21.6947833,desenvolvimento_e_engenharia_de_produto
5903,63.7518305,40.0886543,33.3711094,20.8807712,desenvolvimento_e_engenharia_de_produto
5904,69.8982468,44.571368500000005,29.587988,16.862085,desenvolvimento_e_engenharia_de_produto
5905,58.786432600000005,43.405996699999996,31.412112399999998,17.5538648,desenvolvimento_e_engenharia_de_produto
5906,56.8329612,14.703872800000001,35.3477989,5.9278179,desenvolvimento_e_engenharia_de_produto
5907,48.5390778,40.230058899999996,29.738737599999997,27.9881315,desenvolvimento_e_engenharia_de_produto
5908,65.8515837,37.1321736,30.269464600000003,24.1001381,desenvolvimento_e_engenharia_de_produto
5909,39.1125324,47.428197100000006,27.879113500000003,24.6115276,desenvolvimento_e_engenharia_de_produto
5910,43.5166024,43.9994136,36.631720699999995,20.4767929,desenvolvimento_e_engenharia_de_produto
5911,54.5446946,38.2970671,37.7615778,21.7996519,desenvolvimento_e_engenharia_de_produto
5912,64.9124032,36.4199467,27.034245600000002,18.2944237,desenvolvimento_e_engenharia_de_produto
5913,46.4201827,41.2821822,37.9300966,23.4770651,desenvolvimento_e_engenharia_de_produto
5914,54.106671500000004,41.4619646,31.140039800000004,24.2762657,desenvolvimento_e_engenharia_de_produto
5915,52.8778501,44.0875018,31.191521599999998,21.6947833,desenvolvimento_e_engenharia_de_produto
5916,63.7518305,40.0886543,33.3711094,20.8807712,desenvolvimento_e_engenharia_de_produto
5917,69.8982468,44.571368500000005,29.587988,16.862085,desenvolvimento_e_engenharia_de_produto
5918,58.786432600000005,43.405996699999996,31.412112399999998,17.5538648,desenvolvimento_e_engenharia_de_produto
5919,56.8329612,14.703872800000001,35.3477989,5.9278179,desenvolvimento_e_engenharia_de_produto
5920,48.5390778,40.230058899999996,29.738737599999997,27.9881315,desenvolvimento_e_engenharia_de_produto
5921,65.8515837,37.1321736,30.269464600000003,24.1001381,desenvolvimento_e_engenharia_de_produto
5922,39.1125324,47.428197100000006,27.879113500000003,24.6115276,desenvolvimento_e_engenharia_de_produto
5923,43.5166024,43.9994136,36.631720699999995,20.4767929,desenvolvimento_e_engenharia_de_produto
5924,54.5446946,38.2970671,37.7615778,21.7996519,desenvolvimento_e_engenharia_de_produto
5925,64.9124032,36.4199467,27.034245600000002,18.2944237,desenvolvimento_e_engenharia_de_produto
5926,46.4201827,41.2821822,37.9300966,23.4770651,desenvolvimento_e_engenharia_de_produto
5927,54.106671500000004,41.4619646,31.140039800000004,24.2762657,desenvolvimento_e_engenharia_de_produto
5928,52.8778501,44.0875018,31.191521599999998,21.6947833,desenvolvimento_e_engenharia_de_produto
5929,63.7518305,40.0886543,33.3711094,20.8807712,desenvolvimento_e_engenharia_de_produto
5930,69.8982468,44.571368500000005,29.587988,16.862085,desenvolvimento_e_engenharia_de_produto
5931,58.786432600000005,43.405996699999996,31.412112399999998,17.5538648,desenvolvimento_e_engenharia_de_produto
5932,56.8329612,14.703872800000001,35.3477989,5.9278179,desenvolvimento_e_engenharia_de_produto
5933,48.5390778,40.230058899999996,29.738737599999997,27.9881315,desenvolvimento_e_engenharia_de_produto
5934,65.8515837,37.1321736,30.269464600000003,24.1001381,desenvolvimento_e_engenharia_de_produto
5935,39.1125324,47.428197100000006,27.879113500000003,24.6115276,desenvolvimento_e_engenharia_de_produto
5936,43.5166024,43.9994136,36.631720699999995,20.4767929,desenvolvimento_e_engenharia_de_produto
5937,54.5446946,38.2970671,37.7615778,21.7996519,desenvolvimento_e_engenharia_de_produto
5938,64.9124032,36.4199467,27.034245600000002,18.2944237,desenvolvimento_e_engenharia_de_produto
5939,46.4201827,41.2821822,37.9300966,23.4770651,desenvolvimento_e_engenharia_de_produto
5940,51.6842279,41.3448975,38.7533801,26.758828400000002,seguranca_e_qualidade
5941,43.4111634,41.658549099999995,42.5271234,34.9587924,seguranca_e_qualidade
5942,58.8691878,39.2355035,29.9242102,20.712633399999998,seguranca_e_qualidade
5943,62.9098796,43.1085797,36.7871571,26.2646021,seguranca_e_qualidade
5944,59.658933700000006,42.3127066,41.683068899999995,26.7003783,seguranca_e_qualidade
5945,47.4931019,46.230948,38.125352899999996,29.3353855,seguranca_e_qualidade
5946,86.7024138,43.8443683,23.068957700000002,19.9906907,seguranca_e_qualidade
5947,51.6842279,41.3448975,38.7533801,26.758828400000002,seguranca_e_qualidade
5948,43.4111634,41.658549099999995,42.5271234,34.9587924,seguranca_e_qualidade
5949,58.8691878,39.2355035,29.9242102,20.712633399999998,seguranca_e_qualidade
5950,62.9098796,43.1085797,36.7871571,26.2646021,seguranca_e_qualidade
5951,59.658933700000006,42.3127066,41.683068899999995,26.7003783,seguranca_e_qualidade
5952,47.4931019,46.230948,38.125352899999996,29.3353855,seguranca_e_qualidade
5953,86.7024138,43.8443683,23.068957700000002,19.9906907,seguranca_e_qualidade
5954,51.6842279,41.3448975,38.7533801,26.758828400000002,seguranca_e_qualidade
5955,43.4111634,41.658549099999995,42.5271234,34.9587924,seguranca_e_qualidade
5956,58.8691878,39.2355035,29.9242102,20.712633399999998,seguranca_e_qualidade
5957,62.9098796,43.1085797,36.7871571,26.2646021,seguranca_e_qualidade
5958,59.658933700000006,42.3127066,41.683068899999995,26.7003783,seguranca_e_qualidade
5959,47.4931019,46.230948,38.125352899999996,29.3353855,seguranca_e_qualidade
5960,86.7024138,43.8443683,23.068957700000002,19.9906907,seguranca_e_qualidade
5961,51.6842279,41.3448975,38.7533801,26.758828400000002,seguranca_e_qualidade
5962,43.4111634,41.658549099999995,42.5271234,34.9587924,seguranca_e_qualidade
5963,58.8691878,39.2355035,29.9242102,20.712633399999998,seguranca_e_qualidade
5964,62.9098796,43.1085797,36.7871571,26.2646021,seguranca_e_qualidade
5965,59.658933700000006,42.3127066,41.683068899999995,26.7003783,seguranca_e_qualidade
5966,47.4931019,46.230948,38.125352899999996,29.3353855,seguranca_e_qualidade
5967,86.7024138,43.8443683,23.068957700000002,19.9906907,seguranca_e_qualidade
5968,51.6842279,41.3448975,38.7533801,26.758828400000002,seguranca_e_qualidade
5969,43.4111634,41.658549099999995,42.5271234,34.9587924,seguranca_e_qualidade
5970,58.8691878,39.2355035,29.9242102,20.712633399999998,seguranca_e_qualidade
5971,62.9098796,43.1085797,36.7871571,26.2646021,seguranca_e_qualidade
5972,59.658933700000006,42.3127066,41.683068899999995,26.7003783,seguranca_e_qualidade
5973,47.4931019,46.230948,38.125352899999996,29.3353855,seguranca_e_qualidade
5974,86.7024138,43.8443683,23.068957700000002,19.9906907,seguranca_e_qualidade
5975,51.6842279,41.3448975,38.7533801,26.758828400000002,seguranca_e_qualidade
5976,43.4111634,41.658549099999995,42.5271234,34.9587924,seguranca_e_qualidade
5977,58.8691878,39.2355035,29.9242102,20.712633399999998,seguranca_e_qualidade
5978,62.9098796,43.1085797,36.7871571,26.2646021,seguranca_e_qualidade
5979,59.658933700000006,42.3127066,41.683068899999995,26.7003783,seguranca_e_qualidade
5980,47.4931019,46.230948,38.125352899999996,29.3353855,seguranca_e_qualidade
5981,86.7024138,43.8443683,23.068957700000002,19.9906907,seguranca_e_qualidade
5982,51.6842279,41.3448975,38.7533801,26.758828400000002,seguranca_e_qualidade
5983,43.4111634,41.658549099999995,42.5271234,34.9587924,seguranca_e_qualidade
5984,58.8691878,39.2355035,29.9242102,20.712633399999998,seguranca_e_qualidade
5985,62.9098796,43.1085797,36.7871571,26.2646021,seguranca_e_qualidade
5986,59.658933700000006,42.3127066,41.683068899999995,26.7003783,seguranca_e_qualidade
5987,47.4931019,46.230948,38.125352899999996,29.3353855,seguranca_e_qualidade
5988,86.7024138,43.8443683,23.068957700000002,19.9906907,seguranca_e_qualidade
5989,51.6842279,41.3448975,38.7533801,26.758828400000002,seguranca_e_qualidade
5990,43.4111634,41.658549099999995,42.5271234,34.9587924,seguranca_e_qualidade
5991,58.8691878,39.2355035,29.9242102,20.712633399999998,seguranca_e_qualidade
5992,62.9098796,43.1085797,36.7871571,26.2646021,seguranca_e_qualidade
5993,59.658933700000006,42.3127066,41.683068899999995,26.7003783,seguranca_e_qualidade
5994,47.4931019,46.230948,38.125352899999996,29.3353855,seguranca_e_qualidade
5995,86.7024138,43.8443683,23.068957700000002,19.9906907,seguranca_e_qualidade
5996,51.6842279,41.3448975,38.7533801,26.758828400000002,seguranca_e_qualidade
5997,43.4111634,41.658549099999995,42.5271234,34.9587924,seguranca_e_qualidade
5998,58.8691878,39.2355035,29.9242102,20.712633399999998,seguranca_e_qualidade
5999,62.9098796,43.1085797,36.7871571,26.2646021,seguranca_e_qualidade
6000,59.658933700000006,42.3127066,41.683068899999995,26.7003783,seguranca_e_qualidade
6001,47.4931019,46.230948,38.125352899999996,29.3353855,seguranca_e_qualidade
6002,86.7024138,43.8443683,23.068957700000002,19.9906907,seguranca_e_qualidade
6003,51.6842279,41.3448975,38.7533801,26.758828400000002,seguranca_e_qualidade
6004,43.4111634,41.658549099999995,42.5271234,34.9587924,seguranca_e_qualidade
6005,58.8691878,39.2355035,29.9242102,20.712633399999998,seguranca_e_qualidade
6006,62.9098796,43.1085797,36.7871571,26.2646021,seguranca_e_qualidade
6007,59.658933700000006,42.3127066,41.683068899999995,26.7003783,seguranca_e_qualidade
6008,47.4931019,46.230948,38.125352899999996,29.3353855,seguranca_e_qualidade
6009,86.7024138,43.8443683,23.068957700000002,19.9906907,seguranca_e_qualidade
6010,51.6842279,41.3448975,38.7533801,26.758828400000002,seguranca_e_qualidade
6011,43.4111634,41.658549099999995,42.5271234,34.9587924,seguranca_e_qualidade
6012,58.8691878,39.2355035,29.9242102,20.712633399999998,seguranca_e_qualidade
6013,62.9098796,43.1085797,36.7871571,26.2646021,seguranca_e_qualidade
6014,59.658933700000006,42.3127066,41.683068899999995,26.7003783,seguranca_e_qualidade
6015,47.4931019,46.230948,38.125352899999996,29.3353855,seguranca_e_qualidade
6016,86.7024138,43.8443683,23.068957700000002,19.9906907,seguranca_e_qualidade
6017,51.6842279,41.3448975,38.7533801,26.758828400000002,seguranca_e_qualidade
6018,43.4111634,41.658549099999995,42.5271234,34.9587924,seguranca_e_qualidade
6019,58.8691878,39.2355035,29.9242102,20.712633399999998,seguranca_e_qualidade
6020,62.9098796,43.1085797,36.7871571,26.2646021,seguranca_e_qualidade
6021,59.658933700000006,42.3127066,41.683068899999995,26.7003783,seguranca_e_qualidade
6022,47.4931019,46.230948,38.125352899999996,29.3353855,seguranca_e_qualidade
6023,86.7024138,43.8443683,23.068957700000002,19.9906907,seguranca_e_qualidade
6024,51.6842279,41.3448975,38.7533801,26.758828400000002,seguranca_e_qualidade
6025,43.4111634,41.658549099999995,42.5271234,34.9587924,seguranca_e_qualidade
6026,58.8691878,39.2355035,29.9242102,20.712633399999998,seguranca_e_qualidade
6027,62.9098796,43.1085797,36.7871571,26.2646021,seguranca_e_qualidade
6028,59.658933700000006,42.3127066,41.683068899999995,26.7003783,seguranca_e_qualidade
6029,47.4931019,46.230948,38.125352899999996,29.3353855,seguranca_e_qualidade
6030,86.7024138,43.8443683,23.068957700000002,19.9906907,seguranca_e_qualidade
6031,51.6842279,41.3448975,38.7533801,26.758828400000002,seguranca_e_qualidade
6032,43.4111634,41.658549099999995,42.5271234,34.9587924,seguranca_e_qualidade
6033,58.8691878,39.2355035,29.9242102,20.712633399999998,seguranca_e_qualidade
6034,62.9098796,43.1085797,36.7871571,26.2646021,seguranca_e_qualidade
6035,59.658933700000006,42.3127066,41.683068899999995,26.7003783,seguranca_e_qualidade
6036,47.4931019,46.230948,38.125352899999996,29.3353855,seguranca_e_qualidade
6037,86.7024138,43.8443683,23.068957700000002,19.9906907,seguranca_e_qualidade
6038,51.6842279,41.3448975,38.7533801,26.758828400000002,seguranca_e_qualidade
6039,43.4111634,41.658549099999995,42.5271234,34.9587924,seguranca_e_qualidade
6040,58.8691878,39.2355035,29.9242102,20.712633399999998,seguranca_e_qualidade
6041,62.9098796,43.1085797,36.7871571,26.2646021,seguranca_e_qualidade
6042,59.658933700000006,42.3127066,41.683068899999995,26.7003783,seguranca_e_qualidade
6043,47.4931019,46.230948,38.125352899999996,29.3353855,seguranca_e_qualidade
6044,86.7024138,43.8443683,23.068957700000002,19.9906907,seguranca_e_qualidade
6045,51.6842279,41.3448975,38.7533801,26.758828400000002,seguranca_e_qualidade
6046,43.4111634,41.658549099999995,42.5271234,34.9587924,seguranca_e_qualidade
6047,58.8691878,39.2355035,29.9242102,20.712633399999998,seguranca_e_qualidade
6048,62.9098796,43.1085797,36.7871571,26.2646021,seguranca_e_qualidade
6049,59.658933700000006,42.3127066,41.683068899999995,26.7003783,seguranca_e_qualidade
6050,47.4931019,46.230948,38.125352899999996,29.3353855,seguranca_e_qualidade
6051,86.7024138,43.8443683,23.068957700000002,19.9906907,seguranca_e_qualidade
6052,51.6842279,41.3448975,38.7533801,26.758828400000002,seguranca_e_qualidade
6053,43.4111634,41.658549099999995,42.5271234,34.9587924,seguranca_e_qualidade
6054,58.8691878,39.2355035,29.9242102,20.712633399999998,seguranca_e_qualidade
6055,62.9098796,43.1085797,36.7871571,26.2646021,seguranca_e_qualidade
6056,59.658933700000006,42.3127066,41.683068899999995,26.7003783,seguranca_e_qualidade
6057,47.4931019,46.230948,38.125352899999996,29.3353855,seguranca_e_qualidade
6058,86.7024138,43.8443683,23.068957700000002,19.9906907,seguranca_e_qualidade
6059,51.6842279,41.3448975,38.7533801,26.758828400000002,seguranca_e_qualidade
6060,43.4111634,41.658549099999995,42.5271234,34.9587924,seguranca_e_qualidade
6061,58.8691878,39.2355035,29.9242102,20.712633399999998,seguranca_e_qualidade
6062,62.9098796,43.1085797,36.7871571,26.2646021,seguranca_e_qualidade
6063,59.658933700000006,42.3127066,41.683068899999995,26.7003783,seguranca_e_qualidade
6064,47.4931019,46.230948,38.125352899999996,29.3353855,seguranca_e_qualidade
6065,86.7024138,43.8443683,23.068957700000002,19.9906907,seguranca_e_qualidade
6066,51.6842279,41.3448975,38.7533801,26.758828400000002,seguranca_e_qualidade
6067,43.4111634,41.658549099999995,42.5271234,34.9587924,seguranca_e_qualidade
6068,58.8691878,39.2355035,29.9242102,20.712633399999998,seguranca_e_qualidade
6069,62.9098796,43.1085797,36.7871571,26.2646021,seguranca_e_qualidade
6070,59.658933700000006,42.3127066,41.683068899999995,26.7003783,seguranca_e_qualidade
6071,47.4931019,46.230948,38.125352899999996,29.3353855,seguranca_e_qualidade
6072,86.7024138,43.8443683,23.068957700000002,19.9906907,seguranca_e_qualidade
6073,51.6842279,41.3448975,38.7533801,26.758828400000002,seguranca_e_qualidade
6074,43.4111634,41.658549099999995,42.5271234,34.9587924,seguranca_e_qualidade
6075,58.8691878,39.2355035,29.9242102,20.712633399999998,seguranca_e_qualidade
6076,62.9098796,43.1085797,36.7871571,26.2646021,seguranca_e_qualidade
6077,59.658933700000006,42.3127066,41.683068899999995,26.7003783,seguranca_e_qualidade
6078,47.4931019,46.230948,38.125352899999996,29.3353855,seguranca_e_qualidade
6079,86.7024138,43.8443683,23.068957700000002,19.9906907,seguranca_e_qualidade
6080,51.6842279,41.3448975,38.7533801,26.758828400000002,seguranca_e_qualidade
6081,43.4111634,41.658549099999995,42.5271234,34.9587924,seguranca_e_qualidade
6082,58.8691878,39.2355035,29.9242102,20.712633399999998,seguranca_e_qualidade
6083,62.9098796,43.1085797,36.7871571,26.2646021,seguranca_e_qualidade
6084,59.658933700000006,42.3127066,41.683068899999995,26.7003783,seguranca_e_qualidade
6085,47.4931019,46.230948,38.125352899999996,29.3353855,seguranca_e_qualidade
6086,86.7024138,43.8443683,23.068957700000002,19.9906907,seguranca_e_qualidade
6087,51.6842279,41.3448975,38.7533801,26.758828400000002,seguranca_e_qualidade
6088,43.4111634,41.658549099999995,42.5271234,34.9587924,seguranca_e_qualidade
6089,58.8691878,39.2355035,29.9242102,20.712633399999998,seguranca_e_qualidade
6090,62.9098796,43.1085797,36.7871571,26.2646021,seguranca_e_qualidade
6091,59.658933700000006,42.3127066,41.683068899999995,26.7003783,seguranca_e_qualidade
6092,47.4931019,46.230948,38.125352899999996,29.3353855,seguranca_e_qualidade
6093,86.7024138,43.8443683,23.068957700000002,19.9906907,seguranca_e_qualidade
6094,51.6842279,41.3448975,38.7533801,26.758828400000002,seguranca_e_qualidade
6095,43.4111634,41.658549099999995,42.5271234,34.9587924,seguranca_e_qualidade
6096,58.8691878,39.2355035,29.9242102,20.712633399999998,seguranca_e_qualidade
6097,62.9098796,43.1085797,36.7871571,26.2646021,seguranca_e_qualidade
6098,59.658933700000006,42.3127066,41.683068899999995,26.7003783,seguranca_e_qualidade
6099,47.4931019,46.230948,38.125352899999996,29.3353855,seguranca_e_qualidade
6100,86.7024138,43.8443683,23.068957700000002,19.9906907,seguranca_e_qualidade
6101,51.6842279,41.3448975,38.7533801,26.758828400000002,seguranca_e_qualidade
6102,43.4111634,41.658549099999995,42.5271234,34.9587924,seguranca_e_qualidade
6103,58.8691878,39.2355035,29.9242102,20.712633399999998,seguranca_e_qualidade
6104,62.9098796,43.1085797,36.7871571,26.2646021,seguranca_e_qualidade
6105,59.658933700000006,42.3127066,41.683068899999995,26.7003783,seguranca_e_qualidade
6106,47.4931019,46.230948,38.125352899999996,29.3353855,seguranca_e_qualidade
6107,86.7024138,43.8443683,23.068957700000002,19.9906907,seguranca_e_qualidade
6108,51.6842279,41.3448975,38.7533801,26.758828400000002,seguranca_e_qualidade
6109,43.4111634,41.658549099999995,42.5271234,34.9587924,seguranca_e_qualidade
6110,58.8691878,39.2355035,29.9242102,20.712633399999998,seguranca_e_qualidade
6111,62.9098796,43.1085797,36.7871571,26.2646021,seguranca_e_qualidade
6112,59.658933700000006,42.3127066,41.683068899999995,26.7003783,seguranca_e_qualidade
6113,47.4931019,46.230948,38.125352899999996,29.3353855,seguranca_e_qualidade
6114,86.7024138,43.8443683,23.068957700000002,19.9906907,seguranca_e_qualidade
6115,51.6842279,41.3448975,38.7533801,26.758828400000002,seguranca_e_qualidade
6116,43.4111634,41.658549099999995,42.5271234,34.9587924,seguranca_e_qualidade
6117,58.8691878,39.2355035,29.9242102,20.712633399999998,seguranca_e_qualidade
6118,62.9098796,43.1085797,36.7871571,26.2646021,seguranca_e_qualidade
6119,59.658933700000006,42.3127066,41.683068899999995,26.7003783,seguranca_e_qualidade
6120,47.4931019,46.230948,38.125352899999996,29.3353855,seguranca_e_qualidade
6121,86.7024138,43.8443683,23.068957700000002,19.9906907,seguranca_e_qualidade
6122,51.6842279,41.3448975,38.7533801,26.758828400000002,seguranca_e_qualidade
6123,43.4111634,41.658549099999995,42.5271234,34.9587924,seguranca_e_qualidade
6124,58.8691878,39.2355035,29.9242102,20.712633399999998,seguranca_e_qualidade
6125,62.9098796,43.1085797,36.7871571,26.2646021,seguranca_e_qualidade
6126,59.658933700000006,42.3127066,41.683068899999995,26.7003783,seguranca_e_qualidade
6127,47.4931019,46.230948,38.125352899999996,29.3353855,seguranca_e_qualidade
6128,86.7024138,43.8443683,23.068957700000002,19.9906907,seguranca_e_qualidade
6129,51.6842279,41.3448975,38.7533801,26.758828400000002,seguranca_e_qualidade
6130,43.4111634,41.658549099999995,42.5271234,34.9587924,seguranca_e_qualidade
6131,58.8691878,39.2355035,29.9242102,20.712633399999998,seguranca_e_qualidade
6132,62.9098796,43.1085797,36.7871571,26.2646021,seguranca_e_qualidade
6133,59.658933700000006,42.3127066,41.683068899999995,26.7003783,seguranca_e_qualidade
6134,47.4931019,46.230948,38.125352899999996,29.3353855,seguranca_e_qualidade
6135,86.7024138,43.8443683,23.068957700000002,19.9906907,seguranca_e_qualidade
6136,51.6842279,41.3448975,38.7533801,26.758828400000002,seguranca_e_qualidade
6137,43.4111634,41.658549099999995,42.5271234,34.9587924,seguranca_e_qualidade
6138,58.8691878,39.2355035,29.9242102,20.712633399999998,seguranca_e_qualidade
6139,62.9098796,43.1085797,36.7871571,26.2646021,seguranca_e_qualidade
6140,59.658933700000006,42.3127066,41.683068899999995,26.7003783,seguranca_e_qualidade
6141,47.4931019,46.230948,38.125352899999996,29.3353855,seguranca_e_qualidade
6142,86.7024138,43.8443683,23.068957700000002,19.9906907,seguranca_e_qualidade
6143,51.6842279,41.3448975,38.7533801,26.758828400000002,seguranca_e_qualidade
6144,43.4111634,41.658549099999995,42.5271234,34.9587924,seguranca_e_qualidade
6145,58.8691878,39.2355035,29.9242102,20.712633399999998,seguranca_e_qualidade
6146,62.9098796,43.1085797,36.7871571,26.2646021,seguranca_e_qualidade
6147,59.658933700000006,42.3127066,41.683068899999995,26.7003783,seguranca_e_qualidade
6148,47.4931019,46.230948,38.125352899999996,29.3353855,seguranca_e_qualidade
6149,86.7024138,43.8443683,23.068957700000002,19.9906907,seguranca_e_qualidade
6150,51.6842279,41.3448975,38.7533801,26.758828400000002,seguranca_e_qualidade
6151,43.4111634,41.658549099999995,42.5271234,34.9587924,seguranca_e_qualidade
6152,58.8691878,39.2355035,29.9242102,20.712633399999998,seguranca_e_qualidade
6153,62.9098796,43.1085797,36.7871571,26.2646021,seguranca_e_qualidade
6154,59.658933700000006,42.3127066,41.683068899999995,26.7003783,seguranca_e_qualidade
6155,47.4931019,46.230948,38.125352899999996,29.3353855,seguranca_e_qualidade
6156,86.7024138,43.8443683,23.068957700000002,19.9906907,seguranca_e_qualidade
6157,51.6842279,41.3448975,38.7533801,26.758828400000002,seguranca_e_qualidade
6158,43.4111634,41.658549099999995,42.5271234,34.9587924,seguranca_e_qualidade
6159,58.8691878,39.2355035,29.9242102,20.712633399999998,seguranca_e_qualidade
6160,62.9098796,43.1085797,36.7871571,26.2646021,seguranca_e_qualidade
6161,59.658933700000006,42.3127066,41.683068899999995,26.7003783,seguranca_e_qualidade
6162,47.4931019,46.230948,38.125352899999996,29.3353855,seguranca_e_qualidade
6163,86.7024138,43.8443683,23.068957700000002,19.9906907,seguranca_e_qualidade
6164,51.6842279,41.3448975,38.7533801,26.758828400000002,seguranca_e_qualidade
6165,43.4111634,41.658549099999995,42.5271234,34.9587924,seguranca_e_qualidade
6166,58.8691878,39.2355035,29.9242102,20.712633399999998,seguranca_e_qualidade
6167,62.9098796,43.1085797,36.7871571,26.2646021,seguranca_e_qualidade
6168,59.658933700000006,42.3127066,41.683068899999995,26.7003783,seguranca_e_qualidade
6169,47.4931019,46.230948,38.125352899999996,29.3353855,seguranca_e_qualidade
6170,86.7024138,43.8443683,23.068957700000002,19.9906907,seguranca_e_qualidade
6171,51.6842279,41.3448975,38.7533801,26.758828400000002,seguranca_e_qualidade
6172,43.4111634,41.658549099999995,42.5271234,34.9587924,seguranca_e_qualidade
6173,58.8691878,39.2355035,29.9242102,20.712633399999998,seguranca_e_qualidade
6174,62.9098796,43.1085797,36.7871571,26.2646021,seguranca_e_qualidade
6175,59.658933700000006,42.3127066,41.683068899999995,26.7003783,seguranca_e_qualidade
6176,47.4931019,46.230948,38.125352899999996,29.3353855,seguranca_e_qualidade
6177,86.7024138,43.8443683,23.068957700000002,19.9906907,seguranca_e_qualidade
6178,51.6842279,41.3448975,38.7533801,26.758828400000002,seguranca_e_qualidade
6179,43.4111634,41.658549099999995,42.5271234,34.9587924,seguranca_e_qualidade
6180,58.8691878,39.2355035,29.9242102,20.712633399999998,seguranca_e_qualidade
6181,62.9098796,43.1085797,36.7871571,26.2646021,seguranca_e_qualidade
6182,59.658933700000006,42.3127066,41.683068899999995,26.7003783,seguranca_e_qualidade
6183,47.4931019,46.230948,38.125352899999996,29.3353855,seguranca_e_qualidade
6184,86.7024138,43.8443683,23.068957700000002,19.9906907,seguranca_e_qualidade
6185,51.6842279,41.3448975,38.7533801,26.758828400000002,seguranca_e_qualidade
6186,43.4111634,41.658549099999995,42.5271234,34.9587924,seguranca_e_qualidade
6187,58.8691878,39.2355035,29.9242102,20.712633399999998,seguranca_e_qualidade
6188,62.9098796,43.1085797,36.7871571,26.2646021,seguranca_e_qualidade
6189,59.658933700000006,42.3127066,41.683068899999995,26.7003783,seguranca_e_qualidade
6190,47.4931019,46.230948,38.125352899999996,29.3353855,seguranca_e_qualidade
6191,86.7024138,43.8443683,23.068957700000002,19.9906907,seguranca_e_qualidade
6192,51.6842279,41.3448975,38.7533801,26.758828400000002,seguranca_e_qualidade
6193,43.4111634,41.658549099999995,42.5271234,34.9587924,seguranca_e_qualidade
6194,58.8691878,39.2355035,29.9242102,20.712633399999998,seguranca_e_qualidade
6195,62.9098796,43.1085797,36.7871571,26.2646021,seguranca_e_qualidade
6196,59.658933700000006,42.3127066,41.683068899999995,26.7003783,seguranca_e_qualidade
6197,47.4931019,46.230948,38.125352899999996,29.3353855,seguranca_e_qualidade
6198,86.7024138,43.8443683,23.068957700000002,19.9906907,seguranca_e_qualidade
6199,51.6842279,41.3448975,38.7533801,26.758828400000002,seguranca_e_qualidade
6200,43.4111634,41.658549099999995,42.5271234,34.9587924,seguranca_e_qualidade
6201,58.8691878,39.2355035,29.9242102,20.712633399999998,seguranca_e_qualidade
6202,62.9098796,43.1085797,36.7871571,26.2646021,seguranca_e_qualidade
6203,59.658933700000006,42.3127066,41.683068899999995,26.7003783,seguranca_e_qualidade
6204,47.4931019,46.230948,38.125352899999996,29.3353855,seguranca_e_qualidade
6205,86.7024138,43.8443683,23.068957700000002,19.9906907,seguranca_e_qualidade
6206,51.6842279,41.3448975,38.7533801,26.758828400000002,seguranca_e_qualidade
6207,43.4111634,41.658549099999995,42.5271234,34.9587924,seguranca_e_qualidade
6208,58.8691878,39.2355035,29.9242102,20.712633399999998,seguranca_e_qualidade
6209,62.9098796,43.1085797,36.7871571,26.2646021,seguranca_e_qualidade
6210,59.658933700000006,42.3127066,41.683068899999995,26.7003783,seguranca_e_qualidade
6211,47.4931019,46.230948,38.125352899999996,29.3353855,seguranca_e_qualidade
6212,86.7024138,43.8443683,23.068957700000002,19.9906907,seguranca_e_qualidade
6213,51.6842279,41.3448975,38.7533801,26.758828400000002,seguranca_e_qualidade
6214,43.4111634,41.658549099999995,42.5271234,34.9587924,seguranca_e_qualidade
6215,58.8691878,39.2355035,29.9242102,20.712633399999998,seguranca_e_qualidade
6216,62.9098796,43.1085797,36.7871571,26.2646021,seguranca_e_qualidade
6217,59.658933700000006,42.3127066,41.683068899999995,26.7003783,seguranca_e_qualidade
6218,47.4931019,46.230948,38.125352899999996,29.3353855,seguranca_e_qualidade
6219,86.7024138,43.8443683,23.068957700000002,19.9906907,seguranca_e_qualidade
6220,51.6842279,41.3448975,38.7533801,26.758828400000002,seguranca_e_qualidade
6221,43.4111634,41.658549099999995,42.5271234,34.9587924,seguranca_e_qualidade
6222,58.8691878,39.2355035,29.9242102,20.712633399999998,seguranca_e_qualidade
6223,62.9098796,43.1085797,36.7871571,26.2646021,seguranca_e_qualidade
6224,59.658933700000006,42.3127066,41.683068899999995,26.7003783,seguranca_e_qualidade
6225,47.4931019,46.230948,38.125352899999996,29.3353855,seguranca_e_qualidade
6226,86.7024138,43.8443683,23.068957700000002,19.9906907,seguranca_e_qualidade
6227,51.6842279,41.3448975,38.7533801,26.758828400000002,seguranca_e_qualidade
6228,43.4111634,41.658549099999995,42.5271234,34.9587924,seguranca_e_qualidade
6229,58.8691878,39.2355035,29.9242102,20.712633399999998,seguranca_e_qualidade
6230,62.9098796,43.1085797,36.7871571,26.2646021,seguranca_e_qualidade
6231,59.658933700000006,42.3127066,41.683068899999995,26.7003783,seguranca_e_qualidade
6232,47.4931019,46.230948,38.125352899999996,29.3353855,seguranca_e_qualidade
6233,86.7024138,43.8443683,23.068957700000002,19.9906907,seguranca_e_qualidade
6234,51.6842279,41.3448975,38.7533801,26.758828400000002,seguranca_e_qualidade
6235,43.4111634,41.658549099999995,42.5271234,34.9587924,seguranca_e_qualidade
6236,58.8691878,39.2355035,29.9242102,20.712633399999998,seguranca_e_qualidade
6237,62.9098796,43.1085797,36.7871571,26.2646021,seguranca_e_qualidade
6238,59.658933700000006,42.3127066,41.683068899999995,26.7003783,seguranca_e_qualidade
6239,47.4931019,46.230948,38.125352899999996,29.3353855,seguranca_e_qualidade
6240,86.7024138,43.8443683,23.068957700000002,19.9906907,seguranca_e_qualidade
6241,51.6842279,41.3448975,38.7533801,26.758828400000002,seguranca_e_qualidade
6242,43.4111634,41.658549099999995,42.5271234,34.9587924,seguranca_e_qualidade
6243,58.8691878,39.2355035,29.9242102,20.712633399999998,seguranca_e_qualidade
6244,62.9098796,43.1085797,36.7871571,26.2646021,seguranca_e_qualidade
6245,59.658933700000006,42.3127066,41.683068899999995,26.7003783,seguranca_e_qualidade
6246,47.4931019,46.230948,38.125352899999996,29.3353855,seguranca_e_qualidade
6247,86.7024138,43.8443683,23.068957700000002,19.9906907,seguranca_e_qualidade
6248,51.6842279,41.3448975,38.7533801,26.758828400000002,seguranca_e_qualidade
6249,43.4111634,41.658549099999995,42.5271234,34.9587924,seguranca_e_qualidade
6250,58.8691878,39.2355035,29.9242102,20.712633399999998,seguranca_e_qualidade
6251,62.9098796,43.1085797,36.7871571,26.2646021,seguranca_e_qualidade
6252,59.658933700000006,42.3127066,41.683068899999995,26.7003783,seguranca_e_qualidade
6253,47.4931019,46.230948,38.125352899999996,29.3353855,seguranca_e_qualidade
6254,86.7024138,43.8443683,23.068957700000002,19.9906907,seguranca_e_qualidade
6255,51.6842279,41.3448975,38.7533801,26.758828400000002,seguranca_e_qualidade
6256,43.4111634,41.658549099999995,42.5271234,34.9587924,seguranca_e_qualidade
6257,58.8691878,39.2355035,29.9242102,20.712633399999998,seguranca_e_qualidade
6258,62.9098796,43.1085797,36.7871571,26.2646021,seguranca_e_qualidade
6259,59.658933700000006,42.3127066,41.683068899999995,26.7003783,seguranca_e_qualidade
6260,47.4931019,46.230948,38.125352899999996,29.3353855,seguranca_e_qualidade
6261,86.7024138,43.8443683,23.068957700000002,19.9906907,seguranca_e_qualidade
6262,51.6842279,41.3448975,38.7533801,26.758828400000002,seguranca_e_qualidade
6263,43.4111634,41.658549099999995,42.5271234,34.9587924,seguranca_e_qualidade
6264,58.8691878,39.2355035,29.9242102,20.712633399999998,seguranca_e_qualidade
6265,62.9098796,43.1085797,36.7871571,26.2646021,seguranca_e_qualidade
6266,59.658933700000006,42.3127066,41.683068899999995,26.7003783,seguranca_e_qualidade
6267,47.4931019,46.230948,38.125352899999996,29.3353855,seguranca_e_qualidade
6268,86.7024138,43.8443683,23.068957700000002,19.9906907,seguranca_e_qualidade
6269,51.6842279,41.3448975,38.7533801,26.758828400000002,seguranca_e_qualidade
6270,43.4111634,41.658549099999995,42.5271234,34.9587924,seguranca_e_qualidade
6271,58.8691878,39.2355035,29.9242102,20.712633399999998,seguranca_e_qualidade
6272,62.9098796,43.1085797,36.7871571,26.2646021,seguranca_e_qualidade
6273,59.658933700000006,42.3127066,41.683068899999995,26.7003783,seguranca_e_qualidade
6274,47.4931019,46.230948,38.125352899999996,29.3353855,seguranca_e_qualidade
6275,86.7024138,43.8443683,23.068957700000002,19.9906907,seguranca_e_qualidade
6276,51.6842279,41.3448975,38.7533801,26.758828400000002,seguranca_e_qualidade
6277,43.4111634,41.658549099999995,42.5271234,34.9587924,seguranca_e_qualidade
6278,58.8691878,39.2355035,29.9242102,20.712633399999998,seguranca_e_qualidade
6279,62.9098796,43.1085797,36.7871571,26.2646021,seguranca_e_qualidade
6280,59.658933700000006,42.3127066,41.683068899999995,26.7003783,seguranca_e_qualidade
6281,47.4931019,46.230948,38.125352899999996,29.3353855,seguranca_e_qualidade
6282,86.7024138,43.8443683,23.068957700000002,19.9906907,seguranca_e_qualidade
6283,51.6842279,41.3448975,38.7533801,26.758828400000002,seguranca_e_qualidade
6284,43.4111634,41.658549099999995,42.5271234,34.9587924,seguranca_e_qualidade
6285,58.8691878,39.2355035,29.9242102,20.712633399999998,seguranca_e_qualidade
6286,62.9098796,43.1085797,36.7871571,26.2646021,seguranca_e_qualidade
6287,59.658933700000006,42.3127066,41.683068899999995,26.7003783,seguranca_e_qualidade
6288,47.4931019,46.230948,38.125352899999996,29.3353855,seguranca_e_qualidade
6289,86.7024138,43.8443683,23.068957700000002,19.9906907,seguranca_e_qualidade
6290,51.6842279,41.3448975,38.7533801,26.758828400000002,seguranca_e_qualidade
6291,43.4111634,41.658549099999995,42.5271234,34.9587924,seguranca_e_qualidade
6292,58.8691878,39.2355035,29.9242102,20.712633399999998,seguranca_e_qualidade
6293,62.9098796,43.1085797,36.7871571,26.2646021,seguranca_e_qualidade
6294,59.658933700000006,42.3127066,41.683068899999995,26.7003783,seguranca_e_qualidade
6295,47.4931019,46.230948,38.125352899999996,29.3353855,seguranca_e_qualidade
6296,86.7024138,43.8443683,23.068957700000002,19.9906907,seguranca_e_qualidade
6297,51.6842279,41.3448975,38.7533801,26.758828400000002,seguranca_e_qualidade
6298,43.4111634,41.658549099999995,42.5271234,34.9587924,seguranca_e_qualidade
6299,58.8691878,39.2355035,29.9242102,20.712633399999998,seguranca_e_qualidade
6300,62.9098796,43.1085797,36.7871571,26.2646021,seguranca_e_qualidade
6301,59.658933700000006,42.3127066,41.683068899999995,26.7003783,seguranca_e_qualidade
6302,47.4931019,46.230948,38.125352899999996,29.3353855,seguranca_e_qualidade
6303,86.7024138,43.8443683,23.068957700000002,19.9906907,seguranca_e_qualidade
6304,51.6842279,41.3448975,38.7533801,26.758828400000002,seguranca_e_qualidade
6305,43.4111634,41.658549099999995,42.5271234,34.9587924,seguranca_e_qualidade
6306,58.8691878,39.2355035,29.9242102,20.712633399999998,seguranca_e_qualidade
6307,62.9098796,43.1085797,36.7871571,26.2646021,seguranca_e_qualidade
6308,59.658933700000006,42.3127066,41.683068899999995,26.7003783,seguranca_e_qualidade
6309,47.4931019,46.230948,38.125352899999996,29.3353855,seguranca_e_qualidade
6310,86.7024138,43.8443683,23.068957700000002,19.9906907,seguranca_e_qualidade
6311,51.6842279,41.3448975,38.7533801,26.758828400000002,seguranca_e_qualidade
6312,43.4111634,41.658549099999995,42.5271234,34.9587924,seguranca_e_qualidade
6313,58.8691878,39.2355035,29.9242102,20.712633399999998,seguranca_e_qualidade
6314,62.9098796,43.1085797,36.7871571,26.2646021,seguranca_e_qualidade
6315,59.658933700000006,42.3127066,41.683068899999995,26.7003783,seguranca_e_qualidade
6316,47.4931019,46.230948,38.125352899999996,29.3353855,seguranca_e_qualidade
6317,86.7024138,43.8443683,23.068957700000002,19.9906907,seguranca_e_qualidade
6318,51.6842279,41.3448975,38.7533801,26.758828400000002,seguranca_e_qualidade
6319,43.4111634,41.658549099999995,42.5271234,34.9587924,seguranca_e_qualidade
6320,58.8691878,39.2355035,29.9242102,20.712633399999998,seguranca_e_qualidade
6321,62.9098796,43.1085797,36.7871571,26.2646021,seguranca_e_qualidade
6322,59.658933700000006,42.3127066,41.683068899999995,26.7003783,seguranca_e_qualidade
6323,47.4931019,46.230948,38.125352899999996,29.3353855,seguranca_e_qualidade
6324,86.7024138,43.8443683,23.068957700000002,19.9906907,seguranca_e_qualidade
6325,51.6842279,41.3448975,38.7533801,26.758828400000002,seguranca_e_qualidade
6326,43.4111634,41.658549099999995,42.5271234,34.9587924,seguranca_e_qualidade
6327,58.8691878,39.2355035,29.9242102,20.712633399999998,seguranca_e_qualidade
6328,62.9098796,43.1085797,36.7871571,26.2646021,seguranca_e_qualidade
6329,59.658933700000006,42.3127066,41.683068899999995,26.7003783,seguranca_e_qualidade
6330,47.4931019,46.230948,38.125352899999996,29.3353855,seguranca_e_qualidade
6331,86.7024138,43.8443683,23.068957700000002,19.9906907,seguranca_e_qualidade
6332,51.6842279,41.3448975,38.7533801,26.758828400000002,seguranca_e_qualidade
6333,43.4111634,41.658549099999995,42.5271234,34.9587924,seguranca_e_qualidade
6334,58.8691878,39.2355035,29.9242102,20.712633399999998,seguranca_e_qualidade
6335,62.9098796,43.1085797,36.7871571,26.2646021,seguranca_e_qualidade
6336,59.658933700000006,42.3127066,41.683068899999995,26.7003783,seguranca_e_qualidade
6337,47.4931019,46.230948,38.125352899999996,29.3353855,seguranca_e_qualidade
6338,86.7024138,43.8443683,23.068957700000002,19.9906907,seguranca_e_qualidade
6339,51.6842279,41.3448975,38.7533801,26.758828400000002,seguranca_e_qualidade
6340,43.4111634,41.658549099999995,42.5271234,34.9587924,seguranca_e_qualidade
6341,58.8691878,39.2355035,29.9242102,20.712633399999998,seguranca_e_qualidade
6342,62.9098796,43.1085797,36.7871571,26.2646021,seguranca_e_qualidade
6343,59.658933700000006,42.3127066,41.683068899999995,26.7003783,seguranca_e_qualidade
6344,47.4931019,46.230948,38.125352899999996,29.3353855,seguranca_e_qualidade
6345,86.7024138,43.8443683,23.068957700000002,19.9906907,seguranca_e_qualidade
6346,51.6842279,41.3448975,38.7533801,26.758828400000002,seguranca_e_qualidade
6347,43.4111634,41.658549099999995,42.5271234,34.9587924,seguranca_e_qualidade
6348,58.8691878,39.2355035,29.9242102,20.712633399999998,seguranca_e_qualidade
6349,62.9098796,43.1085797,36.7871571,26.2646021,seguranca_e_qualidade
6350,59.658933700000006,42.3127066,41.683068899999995,26.7003783,seguranca_e_qualidade
6351,47.4931019,46.230948,38.125352899999996,29.3353855,seguranca_e_qualidade
6352,86.7024138,43.8443683,23.068957700000002,19.9906907,seguranca_e_qualidade
6353,51.6842279,41.3448975,38.7533801,26.758828400000002,seguranca_e_qualidade
6354,43.4111634,41.658549099999995,42.5271234,34.9587924,seguranca_e_qualidade
6355,58.8691878,39.2355035,29.9242102,20.712633399999998,seguranca_e_qualidade
6356,62.9098796,43.1085797,36.7871571,26.2646021,seguranca_e_qualidade
6357,59.658933700000006,42.3127066,41.683068899999995,26.7003783,seguranca_e_qualidade
6358,47.4931019,46.230948,38.125352899999996,29.3353855,seguranca_e_qualidade
6359,86.7024138,43.8443683,23.068957700000002,19.9906907,seguranca_e_qualidade
6360,51.6842279,41.3448975,38.7533801,26.758828400000002,seguranca_e_qualidade
6361,43.4111634,41.658549099999995,42.5271234,34.9587924,seguranca_e_qualidade
6362,58.8691878,39.2355035,29.9242102,20.712633399999998,seguranca_e_qualidade
6363,62.9098796,43.1085797,36.7871571,26.2646021,seguranca_e_qualidade
6364,59.658933700000006,42.3127066,41.683068899999995,26.7003783,seguranca_e_qualidade
6365,47.4931019,46.230948,38.125352899999996,29.3353855,seguranca_e_qualidade
6366,86.7024138,43.8443683,23.068957700000002,19.9906907,seguranca_e_qualidade
6367,51.6842279,41.3448975,38.7533801,26.758828400000002,seguranca_e_qualidade
6368,43.4111634,41.658549099999995,42.5271234,34.9587924,seguranca_e_qualidade
6369,58.8691878,39.2355035,29.9242102,20.712633399999998,seguranca_e_qualidade
6370,62.9098796,43.1085797,36.7871571,26.2646021,seguranca_e_qualidade
6371,59.658933700000006,42.3127066,41.683068899999995,26.7003783,seguranca_e_qualidade
6372,47.4931019,46.230948,38.125352899999996,29.3353855,seguranca_e_qualidade
6373,86.7024138,43.8443683,23.068957700000002,19.9906907,seguranca_e_qualidade
6374,51.6842279,41.3448975,38.7533801,26.758828400000002,seguranca_e_qualidade
6375,43.4111634,41.658549099999995,42.5271234,34.9587924,seguranca_e_qualidade
6376,58.8691878,39.2355035,29.9242102,20.712633399999998,seguranca_e_qualidade
6377,62.9098796,43.1085797,36.7871571,26.2646021,seguranca_e_qualidade
6378,59.658933700000006,42.3127066,41.683068899999995,26.7003783,seguranca_e_qualidade
6379,47.4931019,46.230948,38.125352899999996,29.3353855,seguranca_e_qualidade
6380,86.7024138,43.8443683,23.068957700000002,19.9906907,seguranca_e_qualidade
6381,51.6842279,41.3448975,38.7533801,26.758828400000002,seguranca_e_qualidade
6382,43.4111634,41.658549099999995,42.5271234,34.9587924,seguranca_e_qualidade
6383,58.8691878,39.2355035,29.9242102,20.712633399999998,seguranca_e_qualidade
6384,62.9098796,43.1085797,36.7871571,26.2646021,seguranca_e_qualidade
6385,59.658933700000006,42.3127066,41.683068899999995,26.7003783,seguranca_e_qualidade
6386,47.4931019,46.230948,38.125352899999996,29.3353855,seguranca_e_qualidade
6387,86.7024138,43.8443683,23.068957700000002,19.9906907,seguranca_e_qualidade
6388,51.6842279,41.3448975,38.7533801,26.758828400000002,seguranca_e_qualidade
6389,43.4111634,41.658549099999995,42.5271234,34.9587924,seguranca_e_qualidade
6390,58.8691878,39.2355035,29.9242102,20.712633399999998,seguranca_e_qualidade
6391,62.9098796,43.1085797,36.7871571,26.2646021,seguranca_e_qualidade
6392,59.658933700000006,42.3127066,41.683068899999995,26.7003783,seguranca_e_qualidade
6393,47.4931019,46.230948,38.125352899999996,29.3353855,seguranca_e_qualidade
6394,86.7024138,43.8443683,23.068957700000002,19.9906907,seguranca_e_qualidade
6395,51.6842279,41.3448975,38.7533801,26.758828400000002,seguranca_e_qualidade
6396,43.4111634,41.658549099999995,42.5271234,34.9587924,seguranca_e_qualidade
6397,58.8691878,39.2355035,29.9242102,20.712633399999998,seguranca_e_qualidade
6398,62.9098796,43.1085797,36.7871571,26.2646021,seguranca_e_qualidade
6399,59.658933700000006,42.3127066,41.683068899999995,26.7003783,seguranca_e_qualidade
6400,47.4931019,46.230948,38.125352899999996,29.3353855,seguranca_e_qualidade
6401,86.7024138,43.8443683,23.068957700000002,19.9906907,seguranca_e_qualidade
6402,51.6842279,41.3448975,38.7533801,26.758828400000002,seguranca_e_qualidade
6403,43.4111634,41.658549099999995,42.5271234,34.9587924,seguranca_e_qualidade
6404,58.8691878,39.2355035,29.9242102,20.712633399999998,seguranca_e_qualidade
6405,62.9098796,43.1085797,36.7871571,26.2646021,seguranca_e_qualidade
6406,59.658933700000006,42.3127066,41.683068899999995,26.7003783,seguranca_e_qualidade
6407,47.4931019,46.230948,38.125352899999996,29.3353855,seguranca_e_qualidade
6408,86.7024138,43.8443683,23.068957700000002,19.9906907,seguranca_e_qualidade
6409,51.6842279,41.3448975,38.7533801,26.758828400000002,seguranca_e_qualidade
6410,43.4111634,41.658549099999995,42.5271234,34.9587924,seguranca_e_qualidade
6411,58.8691878,39.2355035,29.9242102,20.712633399999998,seguranca_e_qualidade
6412,62.9098796,43.1085797,36.7871571,26.2646021,seguranca_e_qualidade
6413,59.658933700000006,42.3127066,41.683068899999995,26.7003783,seguranca_e_qualidade
6414,47.4931019,46.230948,38.125352899999996,29.3353855,seguranca_e_qualidade
6415,86.7024138,43.8443683,23.068957700000002,19.9906907,seguranca_e_qualidade
6416,51.6842279,41.3448975,38.7533801,26.758828400000002,seguranca_e_qualidade
6417,43.4111634,41.658549099999995,42.5271234,34.9587924,seguranca_e_qualidade
6418,58.8691878,39.2355035,29.9242102,20.712633399999998,seguranca_e_qualidade
6419,62.9098796,43.1085797,36.7871571,26.2646021,seguranca_e_qualidade
6420,59.658933700000006,42.3127066,41.683068899999995,26.7003783,seguranca_e_qualidade
6421,47.4931019,46.230948,38.125352899999996,29.3353855,seguranca_e_qualidade
6422,86.7024138,43.8443683,23.068957700000002,19.9906907,seguranca_e_qualidade
6423,51.6842279,41.3448975,38.7533801,26.758828400000002,seguranca_e_qualidade
6424,43.4111634,41.658549099999995,42.5271234,34.9587924,seguranca_e_qualidade
6425,58.8691878,39.2355035,29.9242102,20.712633399999998,seguranca_e_qualidade
6426,62.9098796,43.1085797,36.7871571,26.2646021,seguranca_e_qualidade
6427,59.658933700000006,42.3127066,41.683068899999995,26.7003783,seguranca_e_qualidade
6428,47.4931019,46.230948,38.125352899999996,29.3353855,seguranca_e_qualidade
6429,86.7024138,43.8443683,23.068957700000002,19.9906907,seguranca_e_qualidade
6430,51.6842279,41.3448975,38.7533801,26.758828400000002,seguranca_e_qualidade
6431,43.4111634,41.658549099999995,42.5271234,34.9587924,seguranca_e_qualidade
6432,58.8691878,39.2355035,29.9242102,20.712633399999998,seguranca_e_qualidade
6433,62.9098796,43.1085797,36.7871571,26.2646021,seguranca_e_qualidade
6434,59.658933700000006,42.3127066,41.683068899999995,26.7003783,seguranca_e_qualidade
6435,47.4931019,46.230948,38.125352899999996,29.3353855,seguranca_e_qualidade
6436,86.7024138,43.8443683,23.068957700000002,19.9906907,seguranca_e_qualidade
6437,51.6842279,41.3448975,38.7533801,26.758828400000002,seguranca_e_qualidade
6438,43.4111634,41.658549099999995,42.5271234,34.9587924,seguranca_e_qualidade
6439,58.8691878,39.2355035,29.9242102,20.712633399999998,seguranca_e_qualidade
6440,62.9098796,43.1085797,36.7871571,26.2646021,seguranca_e_qualidade
6441,59.658933700000006,42.3127066,41.683068899999995,26.7003783,seguranca_e_qualidade
6442,47.4931019,46.230948,38.125352899999996,29.3353855,seguranca_e_qualidade
6443,86.7024138,43.8443683,23.068957700000002,19.9906907,seguranca_e_qualidade
6444,51.6842279,41.3448975,38.7533801,26.758828400000002,seguranca_e_qualidade
6445,43.4111634,41.658549099999995,42.5271234,34.9587924,seguranca_e_qualidade
6446,58.8691878,39.2355035,29.9242102,20.712633399999998,seguranca_e_qualidade
6447,62.9098796,43.1085797,36.7871571,26.2646021,seguranca_e_qualidade
6448,59.658933700000006,42.3127066,41.683068899999995,26.7003783,seguranca_e_qualidade
6449,47.4931019,46.230948,38.125352899999996,29.3353855,seguranca_e_qualidade
6450,86.7024138,43.8443683,23.068957700000002,19.9906907,seguranca_e_qualidade
6451,51.6842279,41.3448975,38.7533801,26.758828400000002,seguranca_e_qualidade
6452,43.4111634,41.658549099999995,42.5271234,34.9587924,seguranca_e_qualidade
6453,58.8691878,39.2355035,29.9242102,20.712633399999998,seguranca_e_qualidade
6454,62.9098796,43.1085797,36.7871571,26.2646021,seguranca_e_qualidade
6455,59.658933700000006,42.3127066,41.683068899999995,26.7003783,seguranca_e_qualidade
6456,47.4931019,46.230948,38.125352899999996,29.3353855,seguranca_e_qualidade
6457,86.7024138,43.8443683,23.068957700000002,19.9906907,seguranca_e_qualidade
6458,51.6842279,41.3448975,38.7533801,26.758828400000002,seguranca_e_qualidade
6459,43.4111634,41.658549099999995,42.5271234,34.9587924,seguranca_e_qualidade
6460,58.8691878,39.2355035,29.9242102,20.712633399999998,seguranca_e_qualidade
6461,62.9098796,43.1085797,36.7871571,26.2646021,seguranca_e_qualidade
6462,59.658933700000006,42.3127066,41.683068899999995,26.7003783,seguranca_e_qualidade
6463,47.4931019,46.230948,38.125352899999996,29.3353855,seguranca_e_qualidade
6464,86.7024138,43.8443683,23.068957700000002,19.9906907,seguranca_e_qualidade
6465,51.6842279,41.3448975,38.7533801,26.758828400000002,seguranca_e_qualidade
6466,43.4111634,41.658549099999995,42.5271234,34.9587924,seguranca_e_qualidade
6467,58.8691878,39.2355035,29.9242102,20.712633399999998,seguranca_e_qualidade
6468,62.9098796,43.1085797,36.7871571,26.2646021,seguranca_e_qualidade
6469,59.658933700000006,42.3127066,41.683068899999995,26.7003783,seguranca_e_qualidade
6470,47.4931019,46.230948,38.125352899999996,29.3353855,seguranca_e_qualidade
6471,86.7024138,43.8443683,23.068957700000002,19.9906907,seguranca_e_qualidade
6472,51.6842279,41.3448975,38.7533801,26.758828400000002,seguranca_e_qualidade
6473,43.4111634,41.658549099999995,42.5271234,34.9587924,seguranca_e_qualidade
6474,58.8691878,39.2355035,29.9242102,20.712633399999998,seguranca_e_qualidade
6475,62.9098796,43.1085797,36.7871571,26.2646021,seguranca_e_qualidade
6476,59.658933700000006,42.3127066,41.683068899999995,26.7003783,seguranca_e_qualidade
6477,47.4931019,46.230948,38.125352899999996,29.3353855,seguranca_e_qualidade
6478,86.7024138,43.8443683,23.068957700000002,19.9906907,seguranca_e_qualidade
6479,51.6842279,41.3448975,38.7533801,26.758828400000002,seguranca_e_qualidade
6480,66.6381516,32.715435,29.2379618,8.7208524,negocios_gestao_e_suporte
6481,77.2890324,39.6957143,42.2800269,17.3155888,negocios_gestao_e_suporte
6482,73.1024132,36.3834346,35.112463399999996,18.072127499999997,negocios_gestao_e_suporte
6483,67.2837001,43.7235167,38.5236459,18.9332337,negocios_gestao_e_suporte
6484,60.80280930000001,55.4862265,44.7812606,25.256797,negocios_gestao_e_suporte
6485,67.0540948,35.3007898,31.556424900000003,18.2230971,negocios_gestao_e_suporte
6486,63.5683451,46.1637715,35.412569,16.4734946,negocios_gestao_e_suporte
6487,51.111176400000005,38.6699662,39.3232828,24.646190700000002,negocios_gestao_e_suporte
6488,52.5568453,38.6111431,34.2252831,18.7869943,negocios_gestao_e_suporte
6489,66.44115120000001,36.1337016,32.0527191,23.2052555,negocios_gestao_e_suporte
6490,45.125220399999996,50.6015653,27.492150199999998,28.7848138,negocios_gestao_e_suporte
6491,76.5810903,29.5096186,30.0494963,19.6731764,negocios_gestao_e_suporte
6492,57.69490029999999,26.013740000000002,39.2565119,9.220452,negocios_gestao_e_suporte
6493,66.6381516,32.715435,29.2379618,8.7208524,negocios_gestao_e_suporte
6494,77.2890324,39.6957143,42.2800269,17.3155888,negocios_gestao_e_suporte
6495,73.1024132,36.3834346,35.112463399999996,18.072127499999997,negocios_gestao_e_suporte
6496,67.2837001,43.7235167,38.5236459,18.9332337,negocios_gestao_e_suporte
6497,60.80280930000001,55.4862265,44.7812606,25.256797,negocios_gestao_e_suporte
6498,67.0540948,35.3007898,31.556424900000003,18.2230971,negocios_gestao_e_suporte
6499,63.5683451,46.1637715,35.412569,16.4734946,negocios_gestao_e_suporte
6500,51.111176400000005,38.6699662,39.3232828,24.646190700000002,negocios_gestao_e_suporte
6501,52.5568453,38.6111431,34.2252831,18.7869943,negocios_gestao_e_suporte
6502,66.44115120000001,36.1337016,32.0527191,23.2052555,negocios_gestao_e_suporte
6503,45.125220399999996,50.6015653,27.492150199999998,28.7848138,negocios_gestao_e_suporte
6504,76.5810903,29.5096186,30.0494963,19.6731764,negocios_gestao_e_suporte
6505,57.69490029999999,26.013740000000002,39.2565119,9.220452,negocios_gestao_e_suporte
6506,66.6381516,32.715435,29.2379618,8.7208524,negocios_gestao_e_suporte
6507,77.2890324,39.6957143,42.2800269,17.3155888,negocios_gestao_e_suporte
6508,73.1024132,36.3834346,35.112463399999996,18.072127499999997,negocios_gestao_e_suporte
6509,67.2837001,43.7235167,38.5236459,18.9332337,negocios_gestao_e_suporte
6510,60.80280930000001,55.4862265,44.7812606,25.256797,negocios_gestao_e_suporte
6511,67.0540948,35.3007898,31.556424900000003,18.2230971,negocios_gestao_e_suporte
6512,63.5683451,46.1637715,35.412569,16.4734946,negocios_gestao_e_suporte
6513,51.111176400000005,38.6699662,39.3232828,24.646190700000002,negocios_gestao_e_suporte
6514,52.5568453,38.6111431,34.2252831,18.7869943,negocios_gestao_e_suporte
6515,66.44115120000001,36.1337016,32.0527191,23.2052555,negocios_gestao_e_suporte
6516,45.125220399999996,50.6015653,27.492150199999998,28.7848138,negocios_gestao_e_suporte
6517,76.5810903,29.5096186,30.0494963,19.6731764,negocios_gestao_e_suporte
6518,57.69490029999999,26.013740000000002,39.2565119,9.220452,negocios_gestao_e_suporte
6519,66.6381516,32.715435,29.2379618,8.7208524,negocios_gestao_e_suporte
6520,77.2890324,39.6957143,42.2800269,17.3155888,negocios_gestao_e_suporte
6521,73.1024132,36.3834346,35.112463399999996,18.072127499999997,negocios_gestao_e_suporte
6522,67.2837001,43.7235167,38.5236459,18.9332337,negocios_gestao_e_suporte
6523,60.80280930000001,55.4862265,44.7812606,25.256797,negocios_gestao_e_suporte
6524,67.0540948,35.3007898,31.556424900000003,18.2230971,negocios_gestao_e_suporte
6525,63.5683451,46.1637715,35.412569,16.4734946,negocios_gestao_e_suporte
6526,51.111176400000005,38.6699662,39.3232828,24.646190700000002,negocios_gestao_e_suporte
6527,52.5568453,38.6111431,34.2252831,18.7869943,negocios_gestao_e_suporte
6528,66.44115120000001,36.1337016,32.0527191,23.2052555,negocios_gestao_e_suporte
6529,45.125220399999996,50.6015653,27.492150199999998,28.7848138,negocios_gestao_e_suporte
6530,76.5810903,29.5096186,30.0494963,19.6731764,negocios_gestao_e_suporte
6531,57.69490029999999,26.013740000000002,39.2565119,9.220452,negocios_gestao_e_suporte
6532,66.6381516,32.715435,29.2379618,8.7208524,negocios_gestao_e_suporte
6533,77.2890324,39.6957143,42.2800269,17.3155888,negocios_gestao_e_suporte
6534,73.1024132,36.3834346,35.112463399999996,18.072127499999997,negocios_gestao_e_suporte
6535,67.2837001,43.7235167,38.5236459,18.9332337,negocios_gestao_e_suporte
6536,60.80280930000001,55.4862265,44.7812606,25.256797,negocios_gestao_e_suporte
6537,67.0540948,35.3007898,31.556424900000003,18.2230971,negocios_gestao_e_suporte
6538,63.5683451,46.1637715,35.412569,16.4734946,negocios_gestao_e_suporte
6539,51.111176400000005,38.6699662,39.3232828,24.646190700000002,negocios_gestao_e_suporte
6540,52.5568453,38.6111431,34.2252831,18.7869943,negocios_gestao_e_suporte
6541,66.44115120000001,36.1337016,32.0527191,23.2052555,negocios_gestao_e_suporte
6542,45.125220399999996,50.6015653,27.492150199999998,28.7848138,negocios_gestao_e_suporte
6543,76.5810903,29.5096186,30.0494963,19.6731764,negocios_gestao_e_suporte
6544,57.69490029999999,26.013740000000002,39.2565119,9.220452,negocios_gestao_e_suporte
6545,66.6381516,32.715435,29.2379618,8.7208524,negocios_gestao_e_suporte
6546,77.2890324,39.6957143,42.2800269,17.3155888,negocios_gestao_e_suporte
6547,73.1024132,36.3834346,35.112463399999996,18.072127499999997,negocios_gestao_e_suporte
6548,67.2837001,43.7235167,38.5236459,18.9332337,negocios_gestao_e_suporte
6549,60.80280930000001,55.4862265,44.7812606,25.256797,negocios_gestao_e_suporte
6550,67.0540948,35.3007898,31.556424900000003,18.2230971,negocios_gestao_e_suporte
6551,63.5683451,46.1637715,35.412569,16.4734946,negocios_gestao_e_suporte
6552,51.111176400000005,38.6699662,39.3232828,24.646190700000002,negocios_gestao_e_suporte
6553,52.5568453,38.6111431,34.2252831,18.7869943,negocios_gestao_e_suporte
6554,66.44115120000001,36.1337016,32.0527191,23.2052555,negocios_gestao_e_suporte
6555,45.125220399999996,50.6015653,27.492150199999998,28.7848138,negocios_gestao_e_suporte
6556,76.5810903,29.5096186,30.0494963,19.6731764,negocios_gestao_e_suporte
6557,57.69490029999999,26.013740000000002,39.2565119,9.220452,negocios_gestao_e_suporte
6558,66.6381516,32.715435,29.2379618,8.7208524,negocios_gestao_e_suporte
6559,77.2890324,39.6957143,42.2800269,17.3155888,negocios_gestao_e_suporte
6560,73.1024132,36.3834346,35.112463399999996,18.072127499999997,negocios_gestao_e_suporte
6561,67.2837001,43.7235167,38.5236459,18.9332337,negocios_gestao_e_suporte
6562,60.80280930000001,55.4862265,44.7812606,25.256797,negocios_gestao_e_suporte
6563,67.0540948,35.3007898,31.556424900000003,18.2230971,negocios_gestao_e_suporte
6564,63.5683451,46.1637715,35.412569,16.4734946,negocios_gestao_e_suporte
6565,51.111176400000005,38.6699662,39.3232828,24.646190700000002,negocios_gestao_e_suporte
6566,52.5568453,38.6111431,34.2252831,18.7869943,negocios_gestao_e_suporte
6567,66.44115120000001,36.1337016,32.0527191,23.2052555,negocios_gestao_e_suporte
6568,45.125220399999996,50.6015653,27.492150199999998,28.7848138,negocios_gestao_e_suporte
6569,76.5810903,29.5096186,30.0494963,19.6731764,negocios_gestao_e_suporte
6570,57.69490029999999,26.013740000000002,39.2565119,9.220452,negocios_gestao_e_suporte
6571,66.6381516,32.715435,29.2379618,8.7208524,negocios_gestao_e_suporte
6572,77.2890324,39.6957143,42.2800269,17.3155888,negocios_gestao_e_suporte
6573,73.1024132,36.3834346,35.112463399999996,18.072127499999997,negocios_gestao_e_suporte
6574,67.2837001,43.7235167,38.5236459,18.9332337,negocios_gestao_e_suporte
6575,60.80280930000001,55.4862265,44.7812606,25.256797,negocios_gestao_e_suporte
6576,67.0540948,35.3007898,31.556424900000003,18.2230971,negocios_gestao_e_suporte
6577,63.5683451,46.1637715,35.412569,16.4734946,negocios_gestao_e_suporte
6578,51.111176400000005,38.6699662,39.3232828,24.646190700000002,negocios_gestao_e_suporte
6579,52.5568453,38.6111431,34.2252831,18.7869943,negocios_gestao_e_suporte
6580,66.44115120000001,36.1337016,32.0527191,23.2052555,negocios_gestao_e_suporte
6581,45.125220399999996,50.6015653,27.492150199999998,28.7848138,negocios_gestao_e_suporte
6582,76.5810903,29.5096186,30.0494963,19.6731764,negocios_gestao_e_suporte
6583,57.69490029999999,26.013740000000002,39.2565119,9.220452,negocios_gestao_e_suporte
6584,66.6381516,32.715435,29.2379618,8.7208524,negocios_gestao_e_suporte
6585,77.2890324,39.6957143,42.2800269,17.3155888,negocios_gestao_e_suporte
6586,73.1024132,36.3834346,35.112463399999996,18.072127499999997,negocios_gestao_e_suporte
6587,67.2837001,43.7235167,38.5236459,18.9332337,negocios_gestao_e_suporte
6588,60.80280930000001,55.4862265,44.7812606,25.256797,negocios_gestao_e_suporte
6589,67.0540948,35.3007898,31.556424900000003,18.2230971,negocios_gestao_e_suporte
6590,63.5683451,46.1637715,35.412569,16.4734946,negocios_gestao_e_suporte
6591,51.111176400000005,38.6699662,39.3232828,24.646190700000002,negocios_gestao_e_suporte
6592,52.5568453,38.6111431,34.2252831,18.7869943,negocios_gestao_e_suporte
6593,66.44115120000001,36.1337016,32.0527191,23.2052555,negocios_gestao_e_suporte
6594,45.125220399999996,50.6015653,27.492150199999998,28.7848138,negocios_gestao_e_suporte
6595,76.5810903,29.5096186,30.0494963,19.6731764,negocios_gestao_e_suporte
6596,57.69490029999999,26.013740000000002,39.2565119,9.220452,negocios_gestao_e_suporte
6597,66.6381516,32.715435,29.2379618,8.7208524,negocios_gestao_e_suporte
6598,77.2890324,39.6957143,42.2800269,17.3155888,negocios_gestao_e_suporte
6599,73.1024132,36.3834346,35.112463399999996,18.072127499999997,negocios_gestao_e_suporte
6600,67.2837001,43.7235167,38.5236459,18.9332337,negocios_gestao_e_suporte
6601,60.80280930000001,55.4862265,44.7812606,25.256797,negocios_gestao_e_suporte
6602,67.0540948,35.3007898,31.556424900000003,18.2230971,negocios_gestao_e_suporte
6603,63.5683451,46.1637715,35.412569,16.4734946,negocios_gestao_e_suporte
6604,51.111176400000005,38.6699662,39.3232828,24.646190700000002,negocios_gestao_e_suporte
6605,52.5568453,38.6111431,34.2252831,18.7869943,negocios_gestao_e_suporte
6606,66.44115120000001,36.1337016,32.0527191,23.2052555,negocios_gestao_e_suporte
6607,45.125220399999996,50.6015653,27.492150199999998,28.7848138,negocios_gestao_e_suporte
6608,76.5810903,29.5096186,30.0494963,19.6731764,negocios_gestao_e_suporte
6609,57.69490029999999,26.013740000000002,39.2565119,9.220452,negocios_gestao_e_suporte
6610,66.6381516,32.715435,29.2379618,8.7208524,negocios_gestao_e_suporte
6611,77.2890324,39.6957143,42.2800269,17.3155888,negocios_gestao_e_suporte
6612,73.1024132,36.3834346,35.112463399999996,18.072127499999997,negocios_gestao_e_suporte
6613,67.2837001,43.7235167,38.5236459,18.9332337,negocios_gestao_e_suporte
6614,60.80280930000001,55.4862265,44.7812606,25.256797,negocios_gestao_e_suporte
6615,67.0540948,35.3007898,31.556424900000003,18.2230971,negocios_gestao_e_suporte
6616,63.5683451,46.1637715,35.412569,16.4734946,negocios_gestao_e_suporte
6617,51.111176400000005,38.6699662,39.3232828,24.646190700000002,negocios_gestao_e_suporte
6618,52.5568453,38.6111431,34.2252831,18.7869943,negocios_gestao_e_suporte
6619,66.44115120000001,36.1337016,32.0527191,23.2052555,negocios_gestao_e_suporte
6620,45.125220399999996,50.6015653,27.492150199999998,28.7848138,negocios_gestao_e_suporte
6621,76.5810903,29.5096186,30.0494963,19.6731764,negocios_gestao_e_suporte
6622,57.69490029999999,26.013740000000002,39.2565119,9.220452,negocios_gestao_e_suporte
6623,66.6381516,32.715435,29.2379618,8.7208524,negocios_gestao_e_suporte
6624,77.2890324,39.6957143,42.2800269,17.3155888,negocios_gestao_e_suporte
6625,73.1024132,36.3834346,35.112463399999996,18.072127499999997,negocios_gestao_e_suporte
6626,67.2837001,43.7235167,38.5236459,18.9332337,negocios_gestao_e_suporte
6627,60.80280930000001,55.4862265,44.7812606,25.256797,negocios_gestao_e_suporte
6628,67.0540948,35.3007898,31.556424900000003,18.2230971,negocios_gestao_e_suporte
6629,63.5683451,46.1637715,35.412569,16.4734946,negocios_gestao_e_suporte
6630,51.111176400000005,38.6699662,39.3232828,24.646190700000002,negocios_gestao_e_suporte
6631,52.5568453,38.6111431,34.2252831,18.7869943,negocios_gestao_e_suporte
6632,66.44115120000001,36.1337016,32.0527191,23.2052555,negocios_gestao_e_suporte
6633,45.125220399999996,50.6015653,27.492150199999998,28.7848138,negocios_gestao_e_suporte
6634,76.5810903,29.5096186,30.0494963,19.6731764,negocios_gestao_e_suporte
6635,57.69490029999999,26.013740000000002,39.2565119,9.220452,negocios_gestao_e_suporte
6636,66.6381516,32.715435,29.2379618,8.7208524,negocios_gestao_e_suporte
6637,77.2890324,39.6957143,42.2800269,17.3155888,negocios_gestao_e_suporte
6638,73.1024132,36.3834346,35.112463399999996,18.072127499999997,negocios_gestao_e_suporte
6639,67.2837001,43.7235167,38.5236459,18.9332337,negocios_gestao_e_suporte
6640,60.80280930000001,55.4862265,44.7812606,25.256797,negocios_gestao_e_suporte
6641,67.0540948,35.3007898,31.556424900000003,18.2230971,negocios_gestao_e_suporte
6642,63.5683451,46.1637715,35.412569,16.4734946,negocios_gestao_e_suporte
6643,51.111176400000005,38.6699662,39.3232828,24.646190700000002,negocios_gestao_e_suporte
6644,52.5568453,38.6111431,34.2252831,18.7869943,negocios_gestao_e_suporte
6645,66.44115120000001,36.1337016,32.0527191,23.2052555,negocios_gestao_e_suporte
6646,45.125220399999996,50.6015653,27.492150199999998,28.7848138,negocios_gestao_e_suporte
6647,76.5810903,29.5096186,30.0494963,19.6731764,negocios_gestao_e_suporte
6648,57.69490029999999,26.013740000000002,39.2565119,9.220452,negocios_gestao_e_suporte
6649,66.6381516,32.715435,29.2379618,8.7208524,negocios_gestao_e_suporte
6650,77.2890324,39.6957143,42.2800269,17.3155888,negocios_gestao_e_suporte
6651,73.1024132,36.3834346,35.112463399999996,18.072127499999997,negocios_gestao_e_suporte
6652,67.2837001,43.7235167,38.5236459,18.9332337,negocios_gestao_e_suporte
6653,60.80280930000001,55.4862265,44.7812606,25.256797,negocios_gestao_e_suporte
6654,67.0540948,35.3007898,31.556424900000003,18.2230971,negocios_gestao_e_suporte
6655,63.5683451,46.1637715,35.412569,16.4734946,negocios_gestao_e_suporte
6656,51.111176400000005,38.6699662,39.3232828,24.646190700000002,negocios_gestao_e_suporte
6657,52.5568453,38.6111431,34.2252831,18.7869943,negocios_gestao_e_suporte
6658,66.44115120000001,36.1337016,32.0527191,23.2052555,negocios_gestao_e_suporte
6659,45.125220399999996,50.6015653,27.492150199999998,28.7848138,negocios_gestao_e_suporte
6660,76.5810903,29.5096186,30.0494963,19.6731764,negocios_gestao_e_suporte
6661,57.69490029999999,26.013740000000002,39.2565119,9.220452,negocios_gestao_e_suporte
6662,66.6381516,32.715435,29.2379618,8.7208524,negocios_gestao_e_suporte
6663,77.2890324,39.6957143,42.2800269,17.3155888,negocios_gestao_e_suporte
6664,73.1024132,36.3834346,35.112463399999996,18.072127499999997,negocios_gestao_e_suporte
6665,67.2837001,43.7235167,38.5236459,18.9332337,negocios_gestao_e_suporte
6666,60.80280930000001,55.4862265,44.7812606,25.256797,negocios_gestao_e_suporte
6667,67.0540948,35.3007898,31.556424900000003,18.2230971,negocios_gestao_e_suporte
6668,63.5683451,46.1637715,35.412569,16.4734946,negocios_gestao_e_suporte
6669,51.111176400000005,38.6699662,39.3232828,24.646190700000002,negocios_gestao_e_suporte
6670,52.5568453,38.6111431,34.2252831,18.7869943,negocios_gestao_e_suporte
6671,66.44115120000001,36.1337016,32.0527191,23.2052555,negocios_gestao_e_suporte
6672,45.125220399999996,50.6015653,27.492150199999998,28.7848138,negocios_gestao_e_suporte
6673,76.5810903,29.5096186,30.0494963,19.6731764,negocios_gestao_e_suporte
6674,57.69490029999999,26.013740000000002,39.2565119,9.220452,negocios_gestao_e_suporte
6675,66.6381516,32.715435,29.2379618,8.7208524,negocios_gestao_e_suporte
6676,77.2890324,39.6957143,42.2800269,17.3155888,negocios_gestao_e_suporte
6677,73.1024132,36.3834346,35.112463399999996,18.072127499999997,negocios_gestao_e_suporte
6678,67.2837001,43.7235167,38.5236459,18.9332337,negocios_gestao_e_suporte
6679,60.80280930000001,55.4862265,44.7812606,25.256797,negocios_gestao_e_suporte
6680,67.0540948,35.3007898,31.556424900000003,18.2230971,negocios_gestao_e_suporte
6681,63.5683451,46.1637715,35.412569,16.4734946,negocios_gestao_e_suporte
6682,51.111176400000005,38.6699662,39.3232828,24.646190700000002,negocios_gestao_e_suporte
6683,52.5568453,38.6111431,34.2252831,18.7869943,negocios_gestao_e_suporte
6684,66.44115120000001,36.1337016,32.0527191,23.2052555,negocios_gestao_e_suporte
6685,45.125220399999996,50.6015653,27.492150199999998,28.7848138,negocios_gestao_e_suporte
6686,76.5810903,29.5096186,30.0494963,19.6731764,negocios_gestao_e_suporte
6687,57.69490029999999,26.013740000000002,39.2565119,9.220452,negocios_gestao_e_suporte
6688,66.6381516,32.715435,29.2379618,8.7208524,negocios_gestao_e_suporte
6689,77.2890324,39.6957143,42.2800269,17.3155888,negocios_gestao_e_suporte
6690,73.1024132,36.3834346,35.112463399999996,18.072127499999997,negocios_gestao_e_suporte
6691,67.2837001,43.7235167,38.5236459,18.9332337,negocios_gestao_e_suporte
6692,60.80280930000001,55.4862265,44.7812606,25.256797,negocios_gestao_e_suporte
6693,67.0540948,35.3007898,31.556424900000003,18.2230971,negocios_gestao_e_suporte
6694,63.5683451,46.1637715,35.412569,16.4734946,negocios_gestao_e_suporte
6695,51.111176400000005,38.6699662,39.3232828,24.646190700000002,negocios_gestao_e_suporte
6696,52.5568453,38.6111431,34.2252831,18.7869943,negocios_gestao_e_suporte
6697,66.44115120000001,36.1337016,32.0527191,23.2052555,negocios_gestao_e_suporte
6698,45.125220399999996,50.6015653,27.492150199999998,28.7848138,negocios_gestao_e_suporte
6699,76.5810903,29.5096186,30.0494963,19.6731764,negocios_gestao_e_suporte
6700,57.69490029999999,26.013740000000002,39.2565119,9.220452,negocios_gestao_e_suporte
6701,66.6381516,32.715435,29.2379618,8.7208524,negocios_gestao_e_suporte
6702,77.2890324,39.6957143,42.2800269,17.3155888,negocios_gestao_e_suporte
6703,73.1024132,36.3834346,35.112463399999996,18.072127499999997,negocios_gestao_e_suporte
6704,67.2837001,43.7235167,38.5236459,18.9332337,negocios_gestao_e_suporte
6705,60.80280930000001,55.4862265,44.7812606,25.256797,negocios_gestao_e_suporte
6706,67.0540948,35.3007898,31.556424900000003,18.2230971,negocios_gestao_e_suporte
6707,63.5683451,46.1637715,35.412569,16.4734946,negocios_gestao_e_suporte
6708,51.111176400000005,38.6699662,39.3232828,24.646190700000002,negocios_gestao_e_suporte
6709,52.5568453,38.6111431,34.2252831,18.7869943,negocios_gestao_e_suporte
6710,66.44115120000001,36.1337016,32.0527191,23.2052555,negocios_gestao_e_suporte
6711,45.125220399999996,50.6015653,27.492150199999998,28.7848138,negocios_gestao_e_suporte
6712,76.5810903,29.5096186,30.0494963,19.6731764,negocios_gestao_e_suporte
6713,57.69490029999999,26.013740000000002,39.2565119,9.220452,negocios_gestao_e_suporte
6714,66.6381516,32.715435,29.2379618,8.7208524,negocios_gestao_e_suporte
6715,77.2890324,39.6957143,42.2800269,17.3155888,negocios_gestao_e_suporte
6716,73.1024132,36.3834346,35.112463399999996,18.072127499999997,negocios_gestao_e_suporte
6717,67.2837001,43.7235167,38.5236459,18.9332337,negocios_gestao_e_suporte
6718,60.80280930000001,55.4862265,44.7812606,25.256797,negocios_gestao_e_suporte
6719,67.0540948,35.3007898,31.556424900000003,18.2230971,negocios_gestao_e_suporte
6720,63.5683451,46.1637715,35.412569,16.4734946,negocios_gestao_e_suporte
6721,51.111176400000005,38.6699662,39.3232828,24.646190700000002,negocios_gestao_e_suporte
6722,52.5568453,38.6111431,34.2252831,18.7869943,negocios_gestao_e_suporte
6723,66.44115120000001,36.1337016,32.0527191,23.2052555,negocios_gestao_e_suporte
6724,45.125220399999996,50.6015653,27.492150199999998,28.7848138,negocios_gestao_e_suporte
6725,76.5810903,29.5096186,30.0494963,19.6731764,negocios_gestao_e_suporte
6726,57.69490029999999,26.013740000000002,39.2565119,9.220452,negocios_gestao_e_suporte
6727,66.6381516,32.715435,29.2379618,8.7208524,negocios_gestao_e_suporte
6728,77.2890324,39.6957143,42.2800269,17.3155888,negocios_gestao_e_suporte
6729,73.1024132,36.3834346,35.112463399999996,18.072127499999997,negocios_gestao_e_suporte
6730,67.2837001,43.7235167,38.5236459,18.9332337,negocios_gestao_e_suporte
6731,60.80280930000001,55.4862265,44.7812606,25.256797,negocios_gestao_e_suporte
6732,67.0540948,35.3007898,31.556424900000003,18.2230971,negocios_gestao_e_suporte
6733,63.5683451,46.1637715,35.412569,16.4734946,negocios_gestao_e_suporte
6734,51.111176400000005,38.6699662,39.3232828,24.646190700000002,negocios_gestao_e_suporte
6735,52.5568453,38.6111431,34.2252831,18.7869943,negocios_gestao_e_suporte
6736,66.44115120000001,36.1337016,32.0527191,23.2052555,negocios_gestao_e_suporte
6737,45.125220399999996,50.6015653,27.492150199999998,28.7848138,negocios_gestao_e_suporte
6738,76.5810903,29.5096186,30.0494963,19.6731764,negocios_gestao_e_suporte
6739,57.69490029999999,26.013740000000002,39.2565119,9.220452,negocios_gestao_e_suporte
6740,66.6381516,32.715435,29.2379618,8.7208524,negocios_gestao_e_suporte
6741,77.2890324,39.6957143,42.2800269,17.3155888,negocios_gestao_e_suporte
6742,73.1024132,36.3834346,35.112463399999996,18.072127499999997,negocios_gestao_e_suporte
6743,67.2837001,43.7235167,38.5236459,18.9332337,negocios_gestao_e_suporte
6744,60.80280930000001,55.4862265,44.7812606,25.256797,negocios_gestao_e_suporte
6745,67.0540948,35.3007898,31.556424900000003,18.2230971,negocios_gestao_e_suporte
6746,63.5683451,46.1637715,35.412569,16.4734946,negocios_gestao_e_suporte
6747,51.111176400000005,38.6699662,39.3232828,24.646190700000002,negocios_gestao_e_suporte
6748,52.5568453,38.6111431,34.2252831,18.7869943,negocios_gestao_e_suporte
6749,66.44115120000001,36.1337016,32.0527191,23.2052555,negocios_gestao_e_suporte
6750,45.125220399999996,50.6015653,27.492150199999998,28.7848138,negocios_gestao_e_suporte
6751,76.5810903,29.5096186,30.0494963,19.6731764,negocios_gestao_e_suporte
6752,57.69490029999999,26.013740000000002,39.2565119,9.220452,negocios_gestao_e_suporte
6753,66.6381516,32.715435,29.2379618,8.7208524,negocios_gestao_e_suporte
6754,77.2890324,39.6957143,42.2800269,17.3155888,negocios_gestao_e_suporte
6755,73.1024132,36.3834346,35.112463399999996,18.072127499999997,negocios_gestao_e_suporte
6756,67.2837001,43.7235167,38.5236459,18.9332337,negocios_gestao_e_suporte
6757,60.80280930000001,55.4862265,44.7812606,25.256797,negocios_gestao_e_suporte
6758,67.0540948,35.3007898,31.556424900000003,18.2230971,negocios_gestao_e_suporte
6759,63.5683451,46.1637715,35.412569,16.4734946,negocios_gestao_e_suporte
6760,51.111176400000005,38.6699662,39.3232828,24.646190700000002,negocios_gestao_e_suporte
6761,52.5568453,38.6111431,34.2252831,18.7869943,negocios_gestao_e_suporte
6762,66.44115120000001,36.1337016,32.0527191,23.2052555,negocios_gestao_e_suporte
6763,45.125220399999996,50.6015653,27.492150199999998,28.7848138,negocios_gestao_e_suporte
6764,76.5810903,29.5096186,30.0494963,19.6731764,negocios_gestao_e_suporte
6765,57.69490029999999,26.013740000000002,39.2565119,9.220452,negocios_gestao_e_suporte
6766,66.6381516,32.715435,29.2379618,8.7208524,negocios_gestao_e_suporte
6767,77.2890324,39.6957143,42.2800269,17.3155888,negocios_gestao_e_suporte
6768,73.1024132,36.3834346,35.112463399999996,18.072127499999997,negocios_gestao_e_suporte
6769,67.2837001,43.7235167,38.5236459,18.9332337,negocios_gestao_e_suporte
6770,60.80280930000001,55.4862265,44.7812606,25.256797,negocios_gestao_e_suporte
6771,67.0540948,35.3007898,31.556424900000003,18.2230971,negocios_gestao_e_suporte
6772,63.5683451,46.1637715,35.412569,16.4734946,negocios_gestao_e_suporte
6773,51.111176400000005,38.6699662,39.3232828,24.646190700000002,negocios_gestao_e_suporte
6774,52.5568453,38.6111431,34.2252831,18.7869943,negocios_gestao_e_suporte
6775,66.44115120000001,36.1337016,32.0527191,23.2052555,negocios_gestao_e_suporte
6776,45.125220399999996,50.6015653,27.492150199999998,28.7848138,negocios_gestao_e_suporte
6777,76.5810903,29.5096186,30.0494963,19.6731764,negocios_gestao_e_suporte
6778,57.69490029999999,26.013740000000002,39.2565119,9.220452,negocios_gestao_e_suporte
6779,66.6381516,32.715435,29.2379618,8.7208524,negocios_gestao_e_suporte
6780,77.2890324,39.6957143,42.2800269,17.3155888,negocios_gestao_e_suporte
6781,73.1024132,36.3834346,35.112463399999996,18.072127499999997,negocios_gestao_e_suporte
6782,67.2837001,43.7235167,38.5236459,18.9332337,negocios_gestao_e_suporte
6783,60.80280930000001,55.4862265,44.7812606,25.256797,negocios_gestao_e_suporte
6784,67.0540948,35.3007898,31.556424900000003,18.2230971,negocios_gestao_e_suporte
6785,63.5683451,46.1637715,35.412569,16.4734946,negocios_gestao_e_suporte
6786,51.111176400000005,38.6699662,39.3232828,24.646190700000002,negocios_gestao_e_suporte
6787,52.5568453,38.6111431,34.2252831,18.7869943,negocios_gestao_e_suporte
6788,66.44115120000001,36.1337016,32.0527191,23.2052555,negocios_gestao_e_suporte
6789,45.125220399999996,50.6015653,27.492150199999998,28.7848138,negocios_gestao_e_suporte
6790,76.5810903,29.5096186,30.0494963,19.6731764,negocios_gestao_e_suporte
6791,57.69490029999999,26.013740000000002,39.2565119,9.220452,negocios_gestao_e_suporte
6792,66.6381516,32.715435,29.2379618,8.7208524,negocios_gestao_e_suporte
6793,77.2890324,39.6957143,42.2800269,17.3155888,negocios_gestao_e_suporte
6794,73.1024132,36.3834346,35.112463399999996,18.072127499999997,negocios_gestao_e_suporte
6795,67.2837001,43.7235167,38.5236459,18.9332337,negocios_gestao_e_suporte
6796,60.80280930000001,55.4862265,44.7812606,25.256797,negocios_gestao_e_suporte
6797,67.0540948,35.3007898,31.556424900000003,18.2230971,negocios_gestao_e_suporte
6798,63.5683451,46.1637715,35.412569,16.4734946,negocios_gestao_e_suporte
6799,51.111176400000005,38.6699662,39.3232828,24.646190700000002,negocios_gestao_e_suporte
6800,52.5568453,38.6111431,34.2252831,18.7869943,negocios_gestao_e_suporte
6801,66.44115120000001,36.1337016,32.0527191,23.2052555,negocios_gestao_e_suporte
6802,45.125220399999996,50.6015653,27.492150199999998,28.7848138,negocios_gestao_e_suporte
6803,76.5810903,29.5096186,30.0494963,19.6731764,negocios_gestao_e_suporte
6804,57.69490029999999,26.013740000000002,39.2565119,9.220452,negocios_gestao_e_suporte
6805,66.6381516,32.715435,29.2379618,8.7208524,negocios_gestao_e_suporte
6806,77.2890324,39.6957143,42.2800269,17.3155888,negocios_gestao_e_suporte
6807,73.1024132,36.3834346,35.112463399999996,18.072127499999997,negocios_gestao_e_suporte
6808,67.2837001,43.7235167,38.5236459,18.9332337,negocios_gestao_e_suporte
6809,60.80280930000001,55.4862265,44.7812606,25.256797,negocios_gestao_e_suporte
6810,67.0540948,35.3007898,31.556424900000003,18.2230971,negocios_gestao_e_suporte
6811,63.5683451,46.1637715,35.412569,16.4734946,negocios_gestao_e_suporte
6812,51.111176400000005,38.6699662,39.3232828,24.646190700000002,negocios_gestao_e_suporte
6813,52.5568453,38.6111431,34.2252831,18.7869943,negocios_gestao_e_suporte
6814,66.44115120000001,36.1337016,32.0527191,23.2052555,negocios_gestao_e_suporte
6815,45.125220399999996,50.6015653,27.492150199999998,28.7848138,negocios_gestao_e_suporte
6816,76.5810903,29.5096186,30.0494963,19.6731764,negocios_gestao_e_suporte
6817,57.69490029999999,26.013740000000002,39.2565119,9.220452,negocios_gestao_e_suporte
6818,66.6381516,32.715435,29.2379618,8.7208524,negocios_gestao_e_suporte
6819,77.2890324,39.6957143,42.2800269,17.3155888,negocios_gestao_e_suporte
6820,73.1024132,36.3834346,35.112463399999996,18.072127499999997,negocios_gestao_e_suporte
6821,67.2837001,43.7235167,38.5236459,18.9332337,negocios_gestao_e_suporte
6822,60.80280930000001,55.4862265,44.7812606,25.256797,negocios_gestao_e_suporte
6823,67.0540948,35.3007898,31.556424900000003,18.2230971,negocios_gestao_e_suporte
6824,63.5683451,46.1637715,35.412569,16.4734946,negocios_gestao_e_suporte
6825,51.111176400000005,38.6699662,39.3232828,24.646190700000002,negocios_gestao_e_suporte
6826,52.5568453,38.6111431,34.2252831,18.7869943,negocios_gestao_e_suporte
6827,66.44115120000001,36.1337016,32.0527191,23.2052555,negocios_gestao_e_suporte
6828,45.125220399999996,50.6015653,27.492150199999998,28.7848138,negocios_gestao_e_suporte
6829,76.5810903,29.5096186,30.0494963,19.6731764,negocios_gestao_e_suporte
6830,57.69490029999999,26.013740000000002,39.2565119,9.220452,negocios_gestao_e_suporte
6831,66.6381516,32.715435,29.2379618,8.7208524,negocios_gestao_e_suporte
6832,77.2890324,39.6957143,42.2800269,17.3155888,negocios_gestao_e_suporte
6833,73.1024132,36.3834346,35.112463399999996,18.072127499999997,negocios_gestao_e_suporte
6834,67.2837001,43.7235167,38.5236459,18.9332337,negocios_gestao_e_suporte
6835,60.80280930000001,55.4862265,44.7812606,25.256797,negocios_gestao_e_suporte
6836,67.0540948,35.3007898,31.556424900000003,18.2230971,negocios_gestao_e_suporte
6837,63.5683451,46.1637715,35.412569,16.4734946,negocios_gestao_e_suporte
6838,51.111176400000005,38.6699662,39.3232828,24.646190700000002,negocios_gestao_e_suporte
6839,52.5568453,38.6111431,34.2252831,18.7869943,negocios_gestao_e_suporte
6840,66.44115120000001,36.1337016,32.0527191,23.2052555,negocios_gestao_e_suporte
6841,45.125220399999996,50.6015653,27.492150199999998,28.7848138,negocios_gestao_e_suporte
6842,76.5810903,29.5096186,30.0494963,19.6731764,negocios_gestao_e_suporte
6843,57.69490029999999,26.013740000000002,39.2565119,9.220452,negocios_gestao_e_suporte
6844,66.6381516,32.715435,29.2379618,8.7208524,negocios_gestao_e_suporte
6845,77.2890324,39.6957143,42.2800269,17.3155888,negocios_gestao_e_suporte
6846,73.1024132,36.3834346,35.112463399999996,18.072127499999997,negocios_gestao_e_suporte
6847,67.2837001,43.7235167,38.5236459,18.9332337,negocios_gestao_e_suporte
6848,60.80280930000001,55.4862265,44.7812606,25.256797,negocios_gestao_e_suporte
6849,67.0540948,35.3007898,31.556424900000003,18.2230971,negocios_gestao_e_suporte
6850,63.5683451,46.1637715,35.412569,16.4734946,negocios_gestao_e_suporte
6851,51.111176400000005,38.6699662,39.3232828,24.646190700000002,negocios_gestao_e_suporte
6852,52.5568453,38.6111431,34.2252831,18.7869943,negocios_gestao_e_suporte
6853,66.44115120000001,36.1337016,32.0527191,23.2052555,negocios_gestao_e_suporte
6854,45.125220399999996,50.6015653,27.492150199999998,28.7848138,negocios_gestao_e_suporte
6855,76.5810903,29.5096186,30.0494963,19.6731764,negocios_gestao_e_suporte
6856,57.69490029999999,26.013740000000002,39.2565119,9.220452,negocios_gestao_e_suporte
6857,66.6381516,32.715435,29.2379618,8.7208524,negocios_gestao_e_suporte
6858,77.2890324,39.6957143,42.2800269,17.3155888,negocios_gestao_e_suporte
6859,73.1024132,36.3834346,35.112463399999996,18.072127499999997,negocios_gestao_e_suporte
6860,67.2837001,43.7235167,38.5236459,18.9332337,negocios_gestao_e_suporte
6861,60.80280930000001,55.4862265,44.7812606,25.256797,negocios_gestao_e_suporte
6862,67.0540948,35.3007898,31.556424900000003,18.2230971,negocios_gestao_e_suporte
6863,63.5683451,46.1637715,35.412569,16.4734946,negocios_gestao_e_suporte
6864,51.111176400000005,38.6699662,39.3232828,24.646190700000002,negocios_gestao_e_suporte
6865,52.5568453,38.6111431,34.2252831,18.7869943,negocios_gestao_e_suporte
6866,66.44115120000001,36.1337016,32.0527191,23.2052555,negocios_gestao_e_suporte
6867,45.125220399999996,50.6015653,27.492150199999998,28.7848138,negocios_gestao_e_suporte
6868,76.5810903,29.5096186,30.0494963,19.6731764,negocios_gestao_e_suporte
6869,57.69490029999999,26.013740000000002,39.2565119,9.220452,negocios_gestao_e_suporte
6870,66.6381516,32.715435,29.2379618,8.7208524,negocios_gestao_e_suporte
6871,77.2890324,39.6957143,42.2800269,17.3155888,negocios_gestao_e_suporte
6872,73.1024132,36.3834346,35.112463399999996,18.072127499999997,negocios_gestao_e_suporte
6873,67.2837001,43.7235167,38.5236459,18.9332337,negocios_gestao_e_suporte
6874,60.80280930000001,55.4862265,44.7812606,25.256797,negocios_gestao_e_suporte
6875,67.0540948,35.3007898,31.556424900000003,18.2230971,negocios_gestao_e_suporte
6876,63.5683451,46.1637715,35.412569,16.4734946,negocios_gestao_e_suporte
6877,51.111176400000005,38.6699662,39.3232828,24.646190700000002,negocios_gestao_e_suporte
6878,52.5568453,38.6111431,34.2252831,18.7869943,negocios_gestao_e_suporte
6879,66.44115120000001,36.1337016,32.0527191,23.2052555,negocios_gestao_e_suporte
6880,45.125220399999996,50.6015653,27.492150199999998,28.7848138,negocios_gestao_e_suporte
6881,76.5810903,29.5096186,30.0494963,19.6731764,negocios_gestao_e_suporte
6882,57.69490029999999,26.013740000000002,39.2565119,9.220452,negocios_gestao_e_suporte
6883,66.6381516,32.715435,29.2379618,8.7208524,negocios_gestao_e_suporte
6884,77.2890324,39.6957143,42.2800269,17.3155888,negocios_gestao_e_suporte
6885,73.1024132,36.3834346,35.112463399999996,18.072127499999997,negocios_gestao_e_suporte
6886,67.2837001,43.7235167,38.5236459,18.9332337,negocios_gestao_e_suporte
6887,60.80280930000001,55.4862265,44.7812606,25.256797,negocios_gestao_e_suporte
6888,67.0540948,35.3007898,31.556424900000003,18.2230971,negocios_gestao_e_suporte
6889,63.5683451,46.1637715,35.412569,16.4734946,negocios_gestao_e_suporte
6890,51.111176400000005,38.6699662,39.3232828,24.646190700000002,negocios_gestao_e_suporte
6891,52.5568453,38.6111431,34.2252831,18.7869943,negocios_gestao_e_suporte
6892,66.44115120000001,36.1337016,32.0527191,23.2052555,negocios_gestao_e_suporte
6893,45.125220399999996,50.6015653,27.492150199999998,28.7848138,negocios_gestao_e_suporte
6894,76.5810903,29.5096186,30.0494963,19.6731764,negocios_gestao_e_suporte
6895,57.69490029999999,26.013740000000002,39.2565119,9.220452,negocios_gestao_e_suporte
6896,66.6381516,32.715435,29.2379618,8.7208524,negocios_gestao_e_suporte
6897,77.2890324,39.6957143,42.2800269,17.3155888,negocios_gestao_e_suporte
6898,73.1024132,36.3834346,35.112463399999996,18.072127499999997,negocios_gestao_e_suporte
6899,67.2837001,43.7235167,38.5236459,18.9332337,negocios_gestao_e_suporte
6900,60.80280930000001,55.4862265,44.7812606,25.256797,negocios_gestao_e_suporte
6901,67.0540948,35.3007898,31.556424900000003,18.2230971,negocios_gestao_e_suporte
6902,63.5683451,46.1637715,35.412569,16.4734946,negocios_gestao_e_suporte
6903,51.111176400000005,38.6699662,39.3232828,24.646190700000002,negocios_gestao_e_suporte
6904,52.5568453,38.6111431,34.2252831,18.7869943,negocios_gestao_e_suporte
6905,66.44115120000001,36.1337016,32.0527191,23.2052555,negocios_gestao_e_suporte
6906,45.125220399999996,50.6015653,27.492150199999998,28.7848138,negocios_gestao_e_suporte
6907,76.5810903,29.5096186,30.0494963,19.6731764,negocios_gestao_e_suporte
6908,57.69490029999999,26.013740000000002,39.2565119,9.220452,negocios_gestao_e_suporte
6909,66.6381516,32.715435,29.2379618,8.7208524,negocios_gestao_e_suporte
6910,77.2890324,39.6957143,42.2800269,17.3155888,negocios_gestao_e_suporte
6911,73.1024132,36.3834346,35.112463399999996,18.072127499999997,negocios_gestao_e_suporte
6912,67.2837001,43.7235167,38.5236459,18.9332337,negocios_gestao_e_suporte
6913,60.80280930000001,55.4862265,44.7812606,25.256797,negocios_gestao_e_suporte
6914,67.0540948,35.3007898,31.556424900000003,18.2230971,negocios_gestao_e_suporte
6915,63.5683451,46.1637715,35.412569,16.4734946,negocios_gestao_e_suporte
6916,51.111176400000005,38.6699662,39.3232828,24.646190700000002,negocios_gestao_e_suporte
6917,52.5568453,38.6111431,34.2252831,18.7869943,negocios_gestao_e_suporte
6918,66.44115120000001,36.1337016,32.0527191,23.2052555,negocios_gestao_e_suporte
6919,45.125220399999996,50.6015653,27.492150199999998,28.7848138,negocios_gestao_e_suporte
6920,76.5810903,29.5096186,30.0494963,19.6731764,negocios_gestao_e_suporte
6921,57.69490029999999,26.013740000000002,39.2565119,9.220452,negocios_gestao_e_suporte
6922,66.6381516,32.715435,29.2379618,8.7208524,negocios_gestao_e_suporte
6923,77.2890324,39.6957143,42.2800269,17.3155888,negocios_gestao_e_suporte
6924,73.1024132,36.3834346,35.112463399999996,18.072127499999997,negocios_gestao_e_suporte
6925,67.2837001,43.7235167,38.5236459,18.9332337,negocios_gestao_e_suporte
6926,60.80280930000001,55.4862265,44.7812606,25.256797,negocios_gestao_e_suporte
6927,67.0540948,35.3007898,31.556424900000003,18.2230971,negocios_gestao_e_suporte
6928,63.5683451,46.1637715,35.412569,16.4734946,negocios_gestao_e_suporte
6929,51.111176400000005,38.6699662,39.3232828,24.646190700000002,negocios_gestao_e_suporte
6930,52.5568453,38.6111431,34.2252831,18.7869943,negocios_gestao_e_suporte
6931,66.44115120000001,36.1337016,32.0527191,23.2052555,negocios_gestao_e_suporte
6932,45.125220399999996,50.6015653,27.492150199999998,28.7848138,negocios_gestao_e_suporte
6933,76.5810903,29.5096186,30.0494963,19.6731764,negocios_gestao_e_suporte
6934,57.69490029999999,26.013740000000002,39.2565119,9.220452,negocios_gestao_e_suporte
6935,66.6381516,32.715435,29.2379618,8.7208524,negocios_gestao_e_suporte
6936,77.2890324,39.6957143,42.2800269,17.3155888,negocios_gestao_e_suporte
6937,73.1024132,36.3834346,35.112463399999996,18.072127499999997,negocios_gestao_e_suporte
6938,67.2837001,43.7235167,38.5236459,18.9332337,negocios_gestao_e_suporte
6939,60.80280930000001,55.4862265,44.7812606,25.256797,negocios_gestao_e_suporte
6940,67.0540948,35.3007898,31.556424900000003,18.2230971,negocios_gestao_e_suporte
6941,63.5683451,46.1637715,35.412569,16.4734946,negocios_gestao_e_suporte
6942,51.111176400000005,38.6699662,39.3232828,24.646190700000002,negocios_gestao_e_suporte
6943,52.5568453,38.6111431,34.2252831,18.7869943,negocios_gestao_e_suporte
6944,66.44115120000001,36.1337016,32.0527191,23.2052555,negocios_gestao_e_suporte
6945,45.125220399999996,50.6015653,27.492150199999998,28.7848138,negocios_gestao_e_suporte
6946,76.5810903,29.5096186,30.0494963,19.6731764,negocios_gestao_e_suporte
6947,57.69490029999999,26.013740000000002,39.2565119,9.220452,negocios_gestao_e_suporte
6948,66.6381516,32.715435,29.2379618,8.7208524,negocios_gestao_e_suporte
6949,77.2890324,39.6957143,42.2800269,17.3155888,negocios_gestao_e_suporte
6950,73.1024132,36.3834346,35.112463399999996,18.072127499999997,negocios_gestao_e_suporte
6951,67.2837001,43.7235167,38.5236459,18.9332337,negocios_gestao_e_suporte
6952,60.80280930000001,55.4862265,44.7812606,25.256797,negocios_gestao_e_suporte
6953,67.0540948,35.3007898,31.556424900000003,18.2230971,negocios_gestao_e_suporte
6954,63.5683451,46.1637715,35.412569,16.4734946,negocios_gestao_e_suporte
6955,51.111176400000005,38.6699662,39.3232828,24.646190700000002,negocios_gestao_e_suporte
6956,52.5568453,38.6111431,34.2252831,18.7869943,negocios_gestao_e_suporte
6957,66.44115120000001,36.1337016,32.0527191,23.2052555,negocios_gestao_e_suporte
6958,45.125220399999996,50.6015653,27.492150199999998,28.7848138,negocios_gestao_e_suporte
6959,76.5810903,29.5096186,30.0494963,19.6731764,negocios_gestao_e_suporte
6960,57.69490029999999,26.013740000000002,39.2565119,9.220452,negocios_gestao_e_suporte
6961,66.6381516,32.715435,29.2379618,8.7208524,negocios_gestao_e_suporte
6962,77.2890324,39.6957143,42.2800269,17.3155888,negocios_gestao_e_suporte
6963,73.1024132,36.3834346,35.112463399999996,18.072127499999997,negocios_gestao_e_suporte
6964,67.2837001,43.7235167,38.5236459,18.9332337,negocios_gestao_e_suporte
6965,60.80280930000001,55.4862265,44.7812606,25.256797,negocios_gestao_e_suporte
6966,67.0540948,35.3007898,31.556424900000003,18.2230971,negocios_gestao_e_suporte
6967,63.5683451,46.1637715,35.412569,16.4734946,negocios_gestao_e_suporte
6968,51.111176400000005,38.6699662,39.3232828,24.646190700000002,negocios_gestao_e_suporte
6969,52.5568453,38.6111431,34.2252831,18.7869943,negocios_gestao_e_suporte
6970,66.44115120000001,36.1337016,32.0527191,23.2052555,negocios_gestao_e_suporte
6971,45.125220399999996,50.6015653,27.492150199999998,28.7848138,negocios_gestao_e_suporte
6972,76.5810903,29.5096186,30.0494963,19.6731764,negocios_gestao_e_suporte
6973,57.69490029999999,26.013740000000002,39.2565119,9.220452,negocios_gestao_e_suporte
6974,66.6381516,32.715435,29.2379618,8.7208524,negocios_gestao_e_suporte
6975,77.2890324,39.6957143,42.2800269,17.3155888,negocios_gestao_e_suporte
6976,73.1024132,36.3834346,35.112463399999996,18.072127499999997,negocios_gestao_e_suporte
6977,67.2837001,43.7235167,38.5236459,18.9332337,negocios_gestao_e_suporte
6978,60.80280930000001,55.4862265,44.7812606,25.256797,negocios_gestao_e_suporte
6979,67.0540948,35.3007898,31.556424900000003,18.2230971,negocios_gestao_e_suporte
6980,63.5683451,46.1637715,35.412569,16.4734946,negocios_gestao_e_suporte
6981,51.111176400000005,38.6699662,39.3232828,24.646190700000002,negocios_gestao_e_suporte
6982,52.5568453,38.6111431,34.2252831,18.7869943,negocios_gestao_e_suporte
6983,66.44115120000001,36.1337016,32.0527191,23.2052555,negocios_gestao_e_suporte
6984,45.125220399999996,50.6015653,27.492150199999998,28.7848138,negocios_gestao_e_suporte
6985,76.5810903,29.5096186,30.0494963,19.6731764,negocios_gestao_e_suporte
6986,57.69490029999999,26.013740000000002,39.2565119,9.220452,negocios_gestao_e_suporte
6987,66.6381516,32.715435,29.2379618,8.7208524,negocios_gestao_e_suporte
6988,77.2890324,39.6957143,42.2800269,17.3155888,negocios_gestao_e_suporte
6989,73.1024132,36.3834346,35.112463399999996,18.072127499999997,negocios_gestao_e_suporte
6990,67.2837001,43.7235167,38.5236459,18.9332337,negocios_gestao_e_suporte
6991,60.80280930000001,55.4862265,44.7812606,25.256797,negocios_gestao_e_suporte
6992,67.0540948,35.3007898,31.556424900000003,18.2230971,negocios_gestao_e_suporte
6993,63.5683451,46.1637715,35.412569,16.4734946,negocios_gestao_e_suporte
6994,51.111176400000005,38.6699662,39.3232828,24.646190700000002,negocios_gestao_e_suporte
6995,52.5568453,38.6111431,34.2252831,18.7869943,negocios_gestao_e_suporte
6996,66.44115120000001,36.1337016,32.0527191,23.2052555,negocios_gestao_e_suporte
6997,45.125220399999996,50.6015653,27.492150199999998,28.7848138,negocios_gestao_e_suporte
6998,76.5810903,29.5096186,30.0494963,19.6731764,negocios_gestao_e_suporte
6999,57.69490029999999,26.013740000000002,39.2565119,9.220452,negocios_gestao_e_suporte
7000,66.6381516,32.715435,29.2379618,8.7208524,negocios_gestao_e_suporte
7001,77.2890324,39.6957143,42.2800269,17.3155888,negocios_gestao_e_suporte
7002,73.1024132,36.3834346,35.112463399999996,18.072127499999997,negocios_gestao_e_suporte
7003,67.2837001,43.7235167,38.5236459,18.9332337,negocios_gestao_e_suporte
7004,60.80280930000001,55.4862265,44.7812606,25.256797,negocios_gestao_e_suporte
7005,67.0540948,35.3007898,31.556424900000003,18.2230971,negocios_gestao_e_suporte
7006,63.5683451,46.1637715,35.412569,16.4734946,negocios_gestao_e_suporte
7007,51.111176400000005,38.6699662,39.3232828,24.646190700000002,negocios_gestao_e_suporte
7008,52.5568453,38.6111431,34.2252831,18.7869943,negocios_gestao_e_suporte
7009,66.44115120000001,36.1337016,32.0527191,23.2052555,negocios_gestao_e_suporte
7010,45.125220399999996,50.6015653,27.492150199999998,28.7848138,negocios_gestao_e_suporte
7011,76.5810903,29.5096186,30.0494963,19.6731764,negocios_gestao_e_suporte
7012,57.69490029999999,26.013740000000002,39.2565119,9.220452,negocios_gestao_e_suporte
7013,66.6381516,32.715435,29.2379618,8.7208524,negocios_gestao_e_suporte
7014,77.2890324,39.6957143,42.2800269,17.3155888,negocios_gestao_e_suporte
7015,73.1024132,36.3834346,35.112463399999996,18.072127499999997,negocios_gestao_e_suporte
7016,67.2837001,43.7235167,38.5236459,18.9332337,negocios_gestao_e_suporte
7017,60.80280930000001,55.4862265,44.7812606,25.256797,negocios_gestao_e_suporte
7018,67.0540948,35.3007898,31.556424900000003,18.2230971,negocios_gestao_e_suporte
7019,63.5683451,46.1637715,35.412569,16.4734946,negocios_gestao_e_suporte
7020,51.111176400000005,38.6699662,39.3232828,24.646190700000002,negocios_gestao_e_suporte
7021,70.7612227,35.3710752,32.4587762,26.461140300000004,negocios_gestao_e_suporte
7022,63.695904000000006,44.451748200000004,26.5907219,27.4723483,negocios_gestao_e_suporte
7023,74.6651917,45.6120072,36.4234565,26.054614799999996,negocios_gestao_e_suporte
7024,70.7612227,35.3710752,32.4587762,26.461140300000004,negocios_gestao_e_suporte
7025,63.695904000000006,44.451748200000004,26.5907219,27.4723483,negocios_gestao_e_suporte
7026,74.6651917,45.6120072,36.4234565,26.054614799999996,negocios_gestao_e_suporte
7027,70.7612227,35.3710752,32.4587762,26.461140300000004,negocios_gestao_e_suporte
7028,63.695904000000006,44.451748200000004,26.5907219,27.4723483,negocios_gestao_e_suporte
7029,74.6651917,45.6120072,36.4234565,26.054614799999996,negocios_gestao_e_suporte
7030,70.7612227,35.3710752,32.4587762,26.461140300000004,negocios_gestao_e_suporte
7031,63.695904000000006,44.451748200000004,26.5907219,27.4723483,negocios_gestao_e_suporte
7032,74.6651917,45.6120072,36.4234565,26.054614799999996,negocios_gestao_e_suporte
7033,70.7612227,35.3710752,32.4587762,26.461140300000004,negocios_gestao_e_suporte
7034,63.695904000000006,44.451748200000004,26.5907219,27.4723483,negocios_gestao_e_suporte
7035,74.6651917,45.6120072,36.4234565,26.054614799999996,negocios_gestao_e_suporte
7036,70.7612227,35.3710752,32.4587762,26.461140300000004,negocios_gestao_e_suporte
7037,63.695904000000006,44.451748200000004,26.5907219,27.4723483,negocios_gestao_e_suporte
7038,74.6651917,45.6120072,36.4234565,26.054614799999996,negocios_gestao_e_suporte
7039,70.7612227,35.3710752,32.4587762,26.461140300000004,negocios_gestao_e_suporte
7040,63.695904000000006,44.451748200000004,26.5907219,27.4723483,negocios_gestao_e_suporte
7041,74.6651917,45.6120072,36.4234565,26.054614799999996,negocios_gestao_e_suporte
7042,70.7612227,35.3710752,32.4587762,26.461140300000004,negocios_gestao_e_suporte
7043,63.695904000000006,44.451748200000004,26.5907219,27.4723483,negocios_gestao_e_suporte
7044,74.6651917,45.6120072,36.4234565,26.054614799999996,negocios_gestao_e_suporte
7045,70.7612227,35.3710752,32.4587762,26.461140300000004,negocios_gestao_e_suporte
7046,63.695904000000006,44.451748200000004,26.5907219,27.4723483,negocios_gestao_e_suporte
7047,74.6651917,45.6120072,36.4234565,26.054614799999996,negocios_gestao_e_suporte
7048,70.7612227,35.3710752,32.4587762,26.461140300000004,negocios_gestao_e_suporte
7049,63.695904000000006,44.451748200000004,26.5907219,27.4723483,negocios_gestao_e_suporte
7050,74.6651917,45.6120072,36.4234565,26.054614799999996,negocios_gestao_e_suporte
7051,70.7612227,35.3710752,32.4587762,26.461140300000004,negocios_gestao_e_suporte
7052,63.695904000000006,44.451748200000004,26.5907219,27.4723483,negocios_gestao_e_suporte
7053,74.6651917,45.6120072,36.4234565,26.054614799999996,negocios_gestao_e_suporte
7054,70.7612227,35.3710752,32.4587762,26.461140300000004,negocios_gestao_e_suporte
7055,63.695904000000006,44.451748200000004,26.5907219,27.4723483,negocios_gestao_e_suporte
7056,74.6651917,45.6120072,36.4234565,26.054614799999996,negocios_gestao_e_suporte
7057,70.7612227,35.3710752,32.4587762,26.461140300000004,negocios_gestao_e_suporte
7058,63.695904000000006,44.451748200000004,26.5907219,27.4723483,negocios_gestao_e_suporte
7059,74.6651917,45.6120072,36.4234565,26.054614799999996,negocios_gestao_e_suporte
7060,70.7612227,35.3710752,32.4587762,26.461140300000004,negocios_gestao_e_suporte
7061,63.695904000000006,44.451748200000004,26.5907219,27.4723483,negocios_gestao_e_suporte
7062,74.6651917,45.6120072,36.4234565,26.054614799999996,negocios_gestao_e_suporte
7063,70.7612227,35.3710752,32.4587762,26.461140300000004,negocios_gestao_e_suporte
7064,63.695904000000006,44.451748200000004,26.5907219,27.4723483,negocios_gestao_e_suporte
7065,74.6651917,45.6120072,36.4234565,26.054614799999996,negocios_gestao_e_suporte
7066,70.7612227,35.3710752,32.4587762,26.461140300000004,negocios_gestao_e_suporte
7067,63.695904000000006,44.451748200000004,26.5907219,27.4723483,negocios_gestao_e_suporte
7068,74.6651917,45.6120072,36.4234565,26.054614799999996,negocios_gestao_e_suporte
7069,70.7612227,35.3710752,32.4587762,26.461140300000004,negocios_gestao_e_suporte
7070,63.695904000000006,44.451748200000004,26.5907219,27.4723483,negocios_gestao_e_suporte
7071,74.6651917,45.6120072,36.4234565,26.054614799999996,negocios_gestao_e_suporte
7072,70.7612227,35.3710752,32.4587762,26.461140300000004,negocios_gestao_e_suporte
7073,63.695904000000006,44.451748200000004,26.5907219,27.4723483,negocios_gestao_e_suporte
7074,74.6651917,45.6120072,36.4234565,26.054614799999996,negocios_gestao_e_suporte
7075,70.7612227,35.3710752,32.4587762,26.461140300000004,negocios_gestao_e_suporte
7076,63.695904000000006,44.451748200000004,26.5907219,27.4723483,negocios_gestao_e_suporte
7077,74.6651917,45.6120072,36.4234565,26.054614799999996,negocios_gestao_e_suporte
7078,70.7612227,35.3710752,32.4587762,26.461140300000004,negocios_gestao_e_suporte
7079,63.695904000000006,44.451748200000004,26.5907219,27.4723483,negocios_gestao_e_suporte
7080,74.6651917,45.6120072,36.4234565,26.054614799999996,negocios_gestao_e_suporte
7081,70.7612227,35.3710752,32.4587762,26.461140300000004,negocios_gestao_e_suporte
7082,63.695904000000006,44.451748200000004,26.5907219,27.4723483,negocios_gestao_e_suporte
7083,74.6651917,45.6120072,36.4234565,26.054614799999996,negocios_gestao_e_suporte
7084,70.7612227,35.3710752,32.4587762,26.461140300000004,negocios_gestao_e_suporte
7085,63.695904000000006,44.451748200000004,26.5907219,27.4723483,negocios_gestao_e_suporte
7086,74.6651917,45.6120072,36.4234565,26.054614799999996,negocios_gestao_e_suporte
7087,70.7612227,35.3710752,32.4587762,26.461140300000004,negocios_gestao_e_suporte
7088,63.695904000000006,44.451748200000004,26.5907219,27.4723483,negocios_gestao_e_suporte
7089,74.6651917,45.6120072,36.4234565,26.054614799999996,negocios_gestao_e_suporte
7090,70.7612227,35.3710752,32.4587762,26.461140300000004,negocios_gestao_e_suporte
7091,63.695904000000006,44.451748200000004,26.5907219,27.4723483,negocios_gestao_e_suporte
7092,74.6651917,45.6120072,36.4234565,26.054614799999996,negocios_gestao_e_suporte
7093,70.7612227,35.3710752,32.4587762,26.461140300000004,negocios_gestao_e_suporte
7094,63.695904000000006,44.451748200000004,26.5907219,27.4723483,negocios_gestao_e_suporte
7095,74.6651917,45.6120072,36.4234565,26.054614799999996,negocios_gestao_e_suporte
7096,70.7612227,35.3710752,32.4587762,26.461140300000004,negocios_gestao_e_suporte
7097,63.695904000000006,44.451748200000004,26.5907219,27.4723483,negocios_gestao_e_suporte
7098,74.6651917,45.6120072,36.4234565,26.054614799999996,negocios_gestao_e_suporte
7099,70.7612227,35.3710752,32.4587762,26.461140300000004,negocios_gestao_e_suporte
7100,63.695904000000006,44.451748200000004,26.5907219,27.4723483,negocios_gestao_e_suporte
7101,74.6651917,45.6120072,36.4234565,26.054614799999996,negocios_gestao_e_suporte
7102,70.7612227,35.3710752,32.4587762,26.461140300000004,negocios_gestao_e_suporte
7103,63.695904000000006,44.451748200000004,26.5907219,27.4723483,negocios_gestao_e_suporte
7104,74.6651917,45.6120072,36.4234565,26.054614799999996,negocios_gestao_e_suporte
7105,70.7612227,35.3710752,32.4587762,26.461140300000004,negocios_gestao_e_suporte
7106,63.695904000000006,44.451748200000004,26.5907219,27.4723483,negocios_gestao_e_suporte
7107,74.6651917,45.6120072,36.4234565,26.054614799999996,negocios_gestao_e_suporte
7108,70.7612227,35.3710752,32.4587762,26.461140300000004,negocios_gestao_e_suporte
7109,63.695904000000006,44.451748200000004,26.5907219,27.4723483,negocios_gestao_e_suporte
7110,74.6651917,45.6120072,36.4234565,26.054614799999996,negocios_gestao_e_suporte
7111,70.7612227,35.3710752,32.4587762,26.461140300000004,negocios_gestao_e_suporte
7112,63.695904000000006,44.451748200000004,26.5907219,27.4723483,negocios_gestao_e_suporte
7113,74.6651917,45.6120072,36.4234565,26.054614799999996,negocios_gestao_e_suporte
7114,70.7612227,35.3710752,32.4587762,26.461140300000004,negocios_gestao_e_suporte
7115,63.695904000000006,44.451748200000004,26.5907219,27.4723483,negocios_gestao_e_suporte
7116,74.6651917,45.6120072,36.4234565,26.054614799999996,negocios_gestao_e_suporte
7117,70.7612227,35.3710752,32.4587762,26.461140300000004,negocios_gestao_e_suporte
7118,63.695904000000006,44.451748200000004,26.5907219,27.4723483,negocios_gestao_e_suporte
7119,74.6651917,45.6120072,36.4234565,26.054614799999996,negocios_gestao_e_suporte
7120,70.7612227,35.3710752,32.4587762,26.461140300000004,negocios_gestao_e_suporte
7121,63.695904000000006,44.451748200000004,26.5907219,27.4723483,negocios_gestao_e_suporte
7122,74.6651917,45.6120072,36.4234565,26.054614799999996,negocios_gestao_e_suporte
7123,70.7612227,35.3710752,32.4587762,26.461140300000004,negocios_gestao_e_suporte
7124,63.695904000000006,44.451748200000004,26.5907219,27.4723483,negocios_gestao_e_suporte
7125,74.6651917,45.6120072,36.4234565,26.054614799999996,negocios_gestao_e_suporte
7126,70.7612227,35.3710752,32.4587762,26.461140300000004,negocios_gestao_e_suporte
7127,63.695904000000006,44.451748200000004,26.5907219,27.4723483,negocios_gestao_e_suporte
7128,74.6651917,45.6120072,36.4234565,26.054614799999996,negocios_gestao_e_suporte
7129,70.7612227,35.3710752,32.4587762,26.461140300000004,negocios_gestao_e_suporte
7130,63.695904000000006,44.451748200000004,26.5907219,27.4723483,negocios_gestao_e_suporte
7131,74.6651917,45.6120072,36.4234565,26.054614799999996,negocios_gestao_e_suporte
7132,70.7612227,35.3710752,32.4587762,26.461140300000004,negocios_gestao_e_suporte
7133,63.695904000000006,44.451748200000004,26.5907219,27.4723483,negocios_gestao_e_suporte
7134,74.6651917,45.6120072,36.4234565,26.054614799999996,negocios_gestao_e_suporte
7135,70.7612227,35.3710752,32.4587762,26.461140300000004,negocios_gestao_e_suporte
7136,63.695904000000006,44.451748200000004,26.5907219,27.4723483,negocios_gestao_e_suporte
7137,74.6651917,45.6120072,36.4234565,26.054614799999996,negocios_gestao_e_suporte
7138,70.7612227,35.3710752,32.4587762,26.461140300000004,negocios_gestao_e_suporte
7139,63.695904000000006,44.451748200000004,26.5907219,27.4723483,negocios_gestao_e_suporte
7140,74.6651917,45.6120072,36.4234565,26.054614799999996,negocios_gestao_e_suporte
7141,70.7612227,35.3710752,32.4587762,26.461140300000004,negocios_gestao_e_suporte
7142,63.695904000000006,44.451748200000004,26.5907219,27.4723483,negocios_gestao_e_suporte
7143,74.6651917,45.6120072,36.4234565,26.054614799999996,negocios_gestao_e_suporte
7144,70.7612227,35.3710752,32.4587762,26.461140300000004,negocios_gestao_e_suporte
7145,63.695904000000006,44.451748200000004,26.5907219,27.4723483,negocios_gestao_e_suporte
7146,74.6651917,45.6120072,36.4234565,26.054614799999996,negocios_gestao_e_suporte
7147,70.7612227,35.3710752,32.4587762,26.461140300000004,negocios_gestao_e_suporte
7148,63.695904000000006,44.451748200000004,26.5907219,27.4723483,negocios_gestao_e_suporte
7149,74.6651917,45.6120072,36.4234565,26.054614799999996,negocios_gestao_e_suporte
7150,70.7612227,35.3710752,32.4587762,26.461140300000004,negocios_gestao_e_suporte
7151,63.695904000000006,44.451748200000004,26.5907219,27.4723483,negocios_gestao_e_suporte
7152,74.6651917,45.6120072,36.4234565,26.054614799999996,negocios_gestao_e_suporte
7153,70.7612227,35.3710752,32.4587762,26.461140300000004,negocios_gestao_e_suporte
7154,63.695904000000006,44.451748200000004,26.5907219,27.4723483,negocios_gestao_e_suporte
7155,74.6651917,45.6120072,36.4234565,26.054614799999996,negocios_gestao_e_suporte
7156,70.7612227,35.3710752,32.4587762,26.461140300000004,negocios_gestao_e_suporte
7157,63.695904000000006,44.451748200000004,26.5907219,27.4723483,negocios_gestao_e_suporte
7158,74.6651917,45.6120072,36.4234565,26.054614799999996,negocios_gestao_e_suporte
7159,70.7612227,35.3710752,32.4587762,26.461140300000004,negocios_gestao_e_suporte
7160,63.695904000000006,44.451748200000004,26.5907219,27.4723483,negocios_gestao_e_suporte
7161,74.6651917,45.6120072,36.4234565,26.054614799999996,negocios_gestao_e_suporte
7162,70.7612227,35.3710752,32.4587762,26.461140300000004,negocios_gestao_e_suporte
7163,63.695904000000006,44.451748200000004,26.5907219,27.4723483,negocios_gestao_e_suporte
7164,74.6651917,45.6120072,36.4234565,26.054614799999996,negocios_gestao_e_suporte
7165,70.7612227,35.3710752,32.4587762,26.461140300000004,negocios_gestao_e_suporte
7166,63.695904000000006,44.451748200000004,26.5907219,27.4723483,negocios_gestao_e_suporte
7167,74.6651917,45.6120072,36.4234565,26.054614799999996,negocios_gestao_e_suporte
7168,70.7612227,35.3710752,32.4587762,26.461140300000004,negocios_gestao_e_suporte
7169,63.695904000000006,44.451748200000004,26.5907219,27.4723483,negocios_gestao_e_suporte
7170,74.6651917,45.6120072,36.4234565,26.054614799999996,negocios_gestao_e_suporte
7171,70.7612227,35.3710752,32.4587762,26.461140300000004,negocios_gestao_e_suporte
7172,63.695904000000006,44.451748200000004,26.5907219,27.4723483,negocios_gestao_e_suporte
7173,74.6651917,45.6120072,36.4234565,26.054614799999996,negocios_gestao_e_suporte
7174,70.7612227,35.3710752,32.4587762,26.461140300000004,negocios_gestao_e_suporte
7175,63.695904000000006,44.451748200000004,26.5907219,27.4723483,negocios_gestao_e_suporte
7176,74.6651917,45.6120072,36.4234565,26.054614799999996,negocios_gestao_e_suporte
7177,70.7612227,35.3710752,32.4587762,26.461140300000004,negocios_gestao_e_suporte
7178,63.695904000000006,44.451748200000004,26.5907219,27.4723483,negocios_gestao_e_suporte
7179,74.6651917,45.6120072,36.4234565,26.054614799999996,negocios_gestao_e_suporte
7180,70.7612227,35.3710752,32.4587762,26.461140300000004,negocios_gestao_e_suporte
7181,63.695904000000006,44.451748200000004,26.5907219,27.4723483,negocios_gestao_e_suporte
7182,74.6651917,45.6120072,36.4234565,26.054614799999996,negocios_gestao_e_suporte
7183,70.7612227,35.3710752,32.4587762,26.461140300000004,negocios_gestao_e_suporte
7184,63.695904000000006,44.451748200000004,26.5907219,27.4723483,negocios_gestao_e_suporte
7185,74.6651917,45.6120072,36.4234565,26.054614799999996,negocios_gestao_e_suporte
7186,70.7612227,35.3710752,32.4587762,26.461140300000004,negocios_gestao_e_suporte
7187,63.695904000000006,44.451748200000004,26.5907219,27.4723483,negocios_gestao_e_suporte
7188,74.6651917,45.6120072,36.4234565,26.054614799999996,negocios_gestao_e_suporte
7189,70.7612227,35.3710752,32.4587762,26.461140300000004,negocios_gestao_e_suporte
7190,63.695904000000006,44.451748200000004,26.5907219,27.4723483,negocios_gestao_e_suporte
7191,74.6651917,45.6120072,36.4234565,26.054614799999996,negocios_gestao_e_suporte
7192,70.7612227,35.3710752,32.4587762,26.461140300000004,negocios_gestao_e_suporte
7193,63.695904000000006,44.451748200000004,26.5907219,27.4723483,negocios_gestao_e_suporte
7194,74.6651917,45.6120072,36.4234565,26.054614799999996,negocios_gestao_e_suporte
7195,70.7612227,35.3710752,32.4587762,26.461140300000004,negocios_gestao_e_suporte
7196,63.695904000000006,44.451748200000004,26.5907219,27.4723483,negocios_gestao_e_suporte
7197,74.6651917,45.6120072,36.4234565,26.054614799999996,negocios_gestao_e_suporte
7198,70.7612227,35.3710752,32.4587762,26.461140300000004,negocios_gestao_e_suporte
7199,63.695904000000006,44.451748200000004,26.5907219,27.4723483,negocios_gestao_e_suporte
7200,74.6651917,45.6120072,36.4234565,26.054614799999996,negocios_gestao_e_suporte
7201,70.7612227,35.3710752,32.4587762,26.461140300000004,negocios_gestao_e_suporte
7202,63.695904000000006,44.451748200000004,26.5907219,27.4723483,negocios_gestao_e_suporte
7203,74.6651917,45.6120072,36.4234565,26.054614799999996,negocios_gestao_e_suporte
7204,70.7612227,35.3710752,32.4587762,26.461140300000004,negocios_gestao_e_suporte
7205,63.695904000000006,44.451748200000004,26.5907219,27.4723483,negocios_gestao_e_suporte
7206,74.6651917,45.6120072,36.4234565,26.054614799999996,negocios_gestao_e_suporte
7207,70.7612227,35.3710752,32.4587762,26.461140300000004,negocios_gestao_e_suporte
7208,63.695904000000006,44.451748200000004,26.5907219,27.4723483,negocios_gestao_e_suporte
7209,74.6651917,45.6120072,36.4234565,26.054614799999996,negocios_gestao_e_suporte
7210,70.7612227,35.3710752,32.4587762,26.461140300000004,negocios_gestao_e_suporte
7211,63.695904000000006,44.451748200000004,26.5907219,27.4723483,negocios_gestao_e_suporte
7212,74.6651917,45.6120072,36.4234565,26.054614799999996,negocios_gestao_e_suporte
7213,70.7612227,35.3710752,32.4587762,26.461140300000004,negocios_gestao_e_suporte
7214,63.695904000000006,44.451748200000004,26.5907219,27.4723483,negocios_gestao_e_suporte
7215,74.6651917,45.6120072,36.4234565,26.054614799999996,negocios_gestao_e_suporte
7216,70.7612227,35.3710752,32.4587762,26.461140300000004,negocios_gestao_e_suporte
7217,63.695904000000006,44.451748200000004,26.5907219,27.4723483,negocios_gestao_e_suporte
7218,74.6651917,45.6120072,36.4234565,26.054614799999996,negocios_gestao_e_suporte
7219,70.7612227,35.3710752,32.4587762,26.461140300000004,negocios_gestao_e_suporte
7220,63.695904000000006,44.451748200000004,26.5907219,27.4723483,negocios_gestao_e_suporte
7221,74.6651917,45.6120072,36.4234565,26.054614799999996,negocios_gestao_e_suporte
7222,70.7612227,35.3710752,32.4587762,26.461140300000004,negocios_gestao_e_suporte
7223,63.695904000000006,44.451748200000004,26.5907219,27.4723483,negocios_gestao_e_suporte
7224,74.6651917,45.6120072,36.4234565,26.054614799999996,negocios_gestao_e_suporte
7225,70.7612227,35.3710752,32.4587762,26.461140300000004,negocios_gestao_e_suporte
7226,63.695904000000006,44.451748200000004,26.5907219,27.4723483,negocios_gestao_e_suporte
7227,74.6651917,45.6120072,36.4234565,26.054614799999996,negocios_gestao_e_suporte
7228,70.7612227,35.3710752,32.4587762,26.461140300000004,negocios_gestao_e_suporte
7229,63.695904000000006,44.451748200000004,26.5907219,27.4723483,negocios_gestao_e_suporte
7230,74.6651917,45.6120072,36.4234565,26.054614799999996,negocios_gestao_e_suporte
7231,70.7612227,35.3710752,32.4587762,26.461140300000004,negocios_gestao_e_suporte
7232,63.695904000000006,44.451748200000004,26.5907219,27.4723483,negocios_gestao_e_suporte
7233,74.6651917,45.6120072,36.4234565,26.054614799999996,negocios_gestao_e_suporte
7234,70.7612227,35.3710752,32.4587762,26.461140300000004,negocios_gestao_e_suporte
7235,63.695904000000006,44.451748200000004,26.5907219,27.4723483,negocios_gestao_e_suporte
7236,74.6651917,45.6120072,36.4234565,26.054614799999996,negocios_gestao_e_suporte
7237,70.7612227,35.3710752,32.4587762,26.461140300000004,negocios_gestao_e_suporte
7238,63.695904000000006,44.451748200000004,26.5907219,27.4723483,negocios_gestao_e_suporte
7239,74.6651917,45.6120072,36.4234565,26.054614799999996,negocios_gestao_e_suporte
7240,70.7612227,35.3710752,32.4587762,26.461140300000004,negocios_gestao_e_suporte
7241,63.695904000000006,44.451748200000004,26.5907219,27.4723483,negocios_gestao_e_suporte
7242,74.6651917,45.6120072,36.4234565,26.054614799999996,negocios_gestao_e_suporte
7243,70.7612227,35.3710752,32.4587762,26.461140300000004,negocios_gestao_e_suporte
7244,63.695904000000006,44.451748200000004,26.5907219,27.4723483,negocios_gestao_e_suporte
7245,74.6651917,45.6120072,36.4234565,26.054614799999996,negocios_gestao_e_suporte
7246,70.7612227,35.3710752,32.4587762,26.461140300000004,negocios_gestao_e_suporte
7247,63.695904000000006,44.451748200000004,26.5907219,27.4723483,negocios_gestao_e_suporte
7248,74.6651917,45.6120072,36.4234565,26.054614799999996,negocios_gestao_e_suporte
7249,70.7612227,35.3710752,32.4587762,26.461140300000004,negocios_gestao_e_suporte
7250,63.695904000000006,44.451748200000004,26.5907219,27.4723483,negocios_gestao_e_suporte
7251,74.6651917,45.6120072,36.4234565,26.054614799999996,negocios_gestao_e_suporte
7252,70.7612227,35.3710752,32.4587762,26.461140300000004,negocios_gestao_e_suporte
7253,63.695904000000006,44.451748200000004,26.5907219,27.4723483,negocios_gestao_e_suporte
7254,74.6651917,45.6120072,36.4234565,26.054614799999996,negocios_gestao_e_suporte
7255,70.7612227,35.3710752,32.4587762,26.461140300000004,negocios_gestao_e_suporte
7256,63.695904000000006,44.451748200000004,26.5907219,27.4723483,negocios_gestao_e_suporte
7257,74.6651917,45.6120072,36.4234565,26.054614799999996,negocios_gestao_e_suporte
7258,70.7612227,35.3710752,32.4587762,26.461140300000004,negocios_gestao_e_suporte
7259,63.695904000000006,44.451748200000004,26.5907219,27.4723483,negocios_gestao_e_suporte
7260,74.6651917,45.6120072,36.4234565,26.054614799999996,negocios_gestao_e_suporte
7261,70.7612227,35.3710752,32.4587762,26.461140300000004,negocios_gestao_e_suporte
7262,63.695904000000006,44.451748200000004,26.5907219,27.4723483,negocios_gestao_e_suporte
7263,74.6651917,45.6120072,36.4234565,26.054614799999996,negocios_gestao_e_suporte
7264,70.7612227,35.3710752,32.4587762,26.461140300000004,negocios_gestao_e_suporte
7265,63.695904000000006,44.451748200000004,26.5907219,27.4723483,negocios_gestao_e_suporte
7266,74.6651917,45.6120072,36.4234565,26.054614799999996,negocios_gestao_e_suporte
7267,70.7612227,35.3710752,32.4587762,26.461140300000004,negocios_gestao_e_suporte
7268,63.695904000000006,44.451748200000004,26.5907219,27.4723483,negocios_gestao_e_suporte
7269,74.6651917,45.6120072,36.4234565,26.054614799999996,negocios_gestao_e_suporte
7270,70.7612227,35.3710752,32.4587762,26.461140300000004,negocios_gestao_e_suporte
7271,63.695904000000006,44.451748200000004,26.5907219,27.4723483,negocios_gestao_e_suporte
7272,74.6651917,45.6120072,36.4234565,26.054614799999996,negocios_gestao_e_suporte
7273,70.7612227,35.3710752,32.4587762,26.461140300000004,negocios_gestao_e_suporte
7274,63.695904000000006,44.451748200000004,26.5907219,27.4723483,negocios_gestao_e_suporte
7275,74.6651917,45.6120072,36.4234565,26.054614799999996,negocios_gestao_e_suporte
7276,70.7612227,35.3710752,32.4587762,26.461140300000004,negocios_gestao_e_suporte
7277,63.695904000000006,44.451748200000004,26.5907219,27.4723483,negocios_gestao_e_suporte
7278,74.6651917,45.6120072,36.4234565,26.054614799999996,negocios_gestao_e_suporte
7279,70.7612227,35.3710752,32.4587762,26.461140300000004,negocios_gestao_e_suporte
7280,63.695904000000006,44.451748200000004,26.5907219,27.4723483,negocios_gestao_e_suporte
7281,74.6651917,45.6120072,36.4234565,26.054614799999996,negocios_gestao_e_suporte
7282,70.7612227,35.3710752,32.4587762,26.461140300000004,negocios_gestao_e_suporte
7283,63.695904000000006,44.451748200000004,26.5907219,27.4723483,negocios_gestao_e_suporte
7284,74.6651917,45.6120072,36.4234565,26.054614799999996,negocios_gestao_e_suporte
7285,70.7612227,35.3710752,32.4587762,26.461140300000004,negocios_gestao_e_suporte
7286,63.695904000000006,44.451748200000004,26.5907219,27.4723483,negocios_gestao_e_suporte
7287,74.6651917,45.6120072,36.4234565,26.054614799999996,negocios_gestao_e_suporte
7288,70.7612227,35.3710752,32.4587762,26.461140300000004,negocios_gestao_e_suporte
7289,63.695904000000006,44.451748200000004,26.5907219,27.4723483,negocios_gestao_e_suporte
7290,74.6651917,45.6120072,36.4234565,26.054614799999996,negocios_gestao_e_suporte
7291,70.7612227,35.3710752,32.4587762,26.461140300000004,negocios_gestao_e_suporte
7292,63.695904000000006,44.451748200000004,26.5907219,27.4723483,negocios_gestao_e_suporte
7293,74.6651917,45.6120072,36.4234565,26.054614799999996,negocios_gestao_e_suporte
7294,70.7612227,35.3710752,32.4587762,26.461140300000004,negocios_gestao_e_suporte
7295,63.695904000000006,44.451748200000004,26.5907219,27.4723483,negocios_gestao_e_suporte
7296,74.6651917,45.6120072,36.4234565,26.054614799999996,negocios_gestao_e_suporte
7297,70.7612227,35.3710752,32.4587762,26.461140300000004,negocios_gestao_e_suporte
7298,63.695904000000006,44.451748200000004,26.5907219,27.4723483,negocios_gestao_e_suporte
7299,74.6651917,45.6120072,36.4234565,26.054614799999996,negocios_gestao_e_suporte
7300,70.7612227,35.3710752,32.4587762,26.461140300000004,negocios_gestao_e_suporte
7301,63.695904000000006,44.451748200000004,26.5907219,27.4723483,negocios_gestao_e_suporte
7302,74.6651917,45.6120072,36.4234565,26.054614799999996,negocios_gestao_e_suporte
7303,70.7612227,35.3710752,32.4587762,26.461140300000004,negocios_gestao_e_suporte
7304,63.695904000000006,44.451748200000004,26.5907219,27.4723483,negocios_gestao_e_suporte
7305,74.6651917,45.6120072,36.4234565,26.054614799999996,negocios_gestao_e_suporte
7306,70.7612227,35.3710752,32.4587762,26.461140300000004,negocios_gestao_e_suporte
7307,63.695904000000006,44.451748200000004,26.5907219,27.4723483,negocios_gestao_e_suporte
7308,74.6651917,45.6120072,36.4234565,26.054614799999996,negocios_gestao_e_suporte
7309,70.7612227,35.3710752,32.4587762,26.461140300000004,negocios_gestao_e_suporte
7310,63.695904000000006,44.451748200000004,26.5907219,27.4723483,negocios_gestao_e_suporte
7311,74.6651917,45.6120072,36.4234565,26.054614799999996,negocios_gestao_e_suporte
7312,70.7612227,35.3710752,32.4587762,26.461140300000004,negocios_gestao_e_suporte
7313,63.695904000000006,44.451748200000004,26.5907219,27.4723483,negocios_gestao_e_suporte
7314,74.6651917,45.6120072,36.4234565,26.054614799999996,negocios_gestao_e_suporte
7315,70.7612227,35.3710752,32.4587762,26.461140300000004,negocios_gestao_e_suporte
7316,63.695904000000006,44.451748200000004,26.5907219,27.4723483,negocios_gestao_e_suporte
7317,74.6651917,45.6120072,36.4234565,26.054614799999996,negocios_gestao_e_suporte
7318,70.7612227,35.3710752,32.4587762,26.461140300000004,negocios_gestao_e_suporte
7319,63.695904000000006,44.451748200000004,26.5907219,27.4723483,negocios_gestao_e_suporte
7320,74.6651917,45.6120072,36.4234565,26.054614799999996,negocios_gestao_e_suporte
7321,70.7612227,35.3710752,32.4587762,26.461140300000004,negocios_gestao_e_suporte
7322,63.695904000000006,44.451748200000004,26.5907219,27.4723483,negocios_gestao_e_suporte
7323,74.6651917,45.6120072,36.4234565,26.054614799999996,negocios_gestao_e_suporte
7324,70.7612227,35.3710752,32.4587762,26.461140300000004,negocios_gestao_e_suporte
7325,63.695904000000006,44.451748200000004,26.5907219,27.4723483,negocios_gestao_e_suporte
7326,74.6651917,45.6120072,36.4234565,26.054614799999996,negocios_gestao_e_suporte
7327,70.7612227,35.3710752,32.4587762,26.461140300000004,negocios_gestao_e_suporte
7328,63.695904000000006,44.451748200000004,26.5907219,27.4723483,negocios_gestao_e_suporte
7329,74.6651917,45.6120072,36.4234565,26.054614799999996,negocios_gestao_e_suporte
7330,70.7612227,35.3710752,32.4587762,26.461140300000004,negocios_gestao_e_suporte
7331,63.695904000000006,44.451748200000004,26.5907219,27.4723483,negocios_gestao_e_suporte
7332,74.6651917,45.6120072,36.4234565,26.054614799999996,negocios_gestao_e_suporte
7333,70.7612227,35.3710752,32.4587762,26.461140300000004,negocios_gestao_e_suporte
7334,63.695904000000006,44.451748200000004,26.5907219,27.4723483,negocios_gestao_e_suporte
7335,74.6651917,45.6120072,36.4234565,26.054614799999996,negocios_gestao_e_suporte
7336,70.7612227,35.3710752,32.4587762,26.461140300000004,negocios_gestao_e_suporte
7337,63.695904000000006,44.451748200000004,26.5907219,27.4723483,negocios_gestao_e_suporte
7338,74.6651917,45.6120072,36.4234565,26.054614799999996,negocios_gestao_e_suporte
7339,70.7612227,35.3710752,32.4587762,26.461140300000004,negocios_gestao_e_suporte
7340,63.695904000000006,44.451748200000004,26.5907219,27.4723483,negocios_gestao_e_suporte
7341,74.6651917,45.6120072,36.4234565,26.054614799999996,negocios_gestao_e_suporte
7342,70.7612227,35.3710752,32.4587762,26.461140300000004,negocios_gestao_e_suporte
7343,63.695904000000006,44.451748200000004,26.5907219,27.4723483,negocios_gestao_e_suporte
7344,74.6651917,45.6120072,36.4234565,26.054614799999996,negocios_gestao_e_suporte
7345,70.7612227,35.3710752,32.4587762,26.461140300000004,negocios_gestao_e_suporte
7346,63.695904000000006,44.451748200000004,26.5907219,27.4723483,negocios_gestao_e_suporte
7347,74.6651917,45.6120072,36.4234565,26.054614799999996,negocios_gestao_e_suporte
7348,70.7612227,35.3710752,32.4587762,26.461140300000004,negocios_gestao_e_suporte
7349,63.695904000000006,44.451748200000004,26.5907219,27.4723483,negocios_gestao_e_suporte
7350,74.6651917,45.6120072,36.4234565,26.054614799999996,negocios_gestao_e_suporte
7351,70.7612227,35.3710752,32.4587762,26.461140300000004,negocios_gestao_e_suporte
7352,63.695904000000006,44.451748200000004,26.5907219,27.4723483,negocios_gestao_e_suporte
7353,74.6651917,45.6120072,36.4234565,26.054614799999996,negocios_gestao_e_suporte
7354,70.7612227,35.3710752,32.4587762,26.461140300000004,negocios_gestao_e_suporte
7355,63.695904000000006,44.451748200000004,26.5907219,27.4723483,negocios_gestao_e_suporte
7356,74.6651917,45.6120072,36.4234565,26.054614799999996,negocios_gestao_e_suporte
7357,70.7612227,35.3710752,32.4587762,26.461140300000004,negocios_gestao_e_suporte
7358,63.695904000000006,44.451748200000004,26.5907219,27.4723483,negocios_gestao_e_suporte
7359,74.6651917,45.6120072,36.4234565,26.054614799999996,negocios_gestao_e_suporte
7360,70.7612227,35.3710752,32.4587762,26.461140300000004,negocios_gestao_e_suporte
7361,63.695904000000006,44.451748200000004,26.5907219,27.4723483,negocios_gestao_e_suporte
7362,74.6651917,45.6120072,36.4234565,26.054614799999996,negocios_gestao_e_suporte
7363,70.7612227,35.3710752,32.4587762,26.461140300000004,negocios_gestao_e_suporte
7364,63.695904000000006,44.451748200000004,26.5907219,27.4723483,negocios_gestao_e_suporte
7365,74.6651917,45.6120072,36.4234565,26.054614799999996,negocios_gestao_e_suporte
7366,70.7612227,35.3710752,32.4587762,26.461140300000004,negocios_gestao_e_suporte
7367,63.695904000000006,44.451748200000004,26.5907219,27.4723483,negocios_gestao_e_suporte
7368,74.6651917,45.6120072,36.4234565,26.054614799999996,negocios_gestao_e_suporte
7369,70.7612227,35.3710752,32.4587762,26.461140300000004,negocios_gestao_e_suporte
7370,63.695904000000006,44.451748200000004,26.5907219,27.4723483,negocios_gestao_e_suporte
7371,74.6651917,45.6120072,36.4234565,26.054614799999996,negocios_gestao_e_suporte
7372,70.7612227,35.3710752,32.4587762,26.461140300000004,negocios_gestao_e_suporte
7373,63.695904000000006,44.451748200000004,26.5907219,27.4723483,negocios_gestao_e_suporte
7374,74.6651917,45.6120072,36.4234565,26.054614799999996,negocios_gestao_e_suporte
7375,70.7612227,35.3710752,32.4587762,26.461140300000004,negocios_gestao_e_suporte
7376,63.695904000000006,44.451748200000004,26.5907219,27.4723483,negocios_gestao_e_suporte
7377,74.6651917,45.6120072,36.4234565,26.054614799999996,negocios_gestao_e_suporte
7378,70.7612227,35.3710752,32.4587762,26.461140300000004,negocios_gestao_e_suporte
7379,63.695904000000006,44.451748200000004,26.5907219,27.4723483,negocios_gestao_e_suporte
7380,74.6651917,45.6120072,36.4234565,26.054614799999996,negocios_gestao_e_suporte
7381,70.7612227,35.3710752,32.4587762,26.461140300000004,negocios_gestao_e_suporte
7382,63.695904000000006,44.451748200000004,26.5907219,27.4723483,negocios_gestao_e_suporte
7383,74.6651917,45.6120072,36.4234565,26.054614799999996,negocios_gestao_e_suporte
7384,70.7612227,35.3710752,32.4587762,26.461140300000004,negocios_gestao_e_suporte
7385,63.695904000000006,44.451748200000004,26.5907219,27.4723483,negocios_gestao_e_suporte
7386,74.6651917,45.6120072,36.4234565,26.054614799999996,negocios_gestao_e_suporte
7387,70.7612227,35.3710752,32.4587762,26.461140300000004,negocios_gestao_e_suporte
7388,63.695904000000006,44.451748200000004,26.5907219,27.4723483,negocios_gestao_e_suporte
7389,74.6651917,45.6120072,36.4234565,26.054614799999996,negocios_gestao_e_suporte
7390,70.7612227,35.3710752,32.4587762,26.461140300000004,negocios_gestao_e_suporte
7391,63.695904000000006,44.451748200000004,26.5907219,27.4723483,negocios_gestao_e_suporte
7392,74.6651917,45.6120072,36.4234565,26.054614799999996,negocios_gestao_e_suporte
7393,70.7612227,35.3710752,32.4587762,26.461140300000004,negocios_gestao_e_suporte
7394,63.695904000000006,44.451748200000004,26.5907219,27.4723483,negocios_gestao_e_suporte
7395,74.6651917,45.6120072,36.4234565,26.054614799999996,negocios_gestao_e_suporte
7396,70.7612227,35.3710752,32.4587762,26.461140300000004,negocios_gestao_e_suporte
7397,63.695904000000006,44.451748200000004,26.5907219,27.4723483,negocios_gestao_e_suporte
7398,74.6651917,45.6120072,36.4234565,26.054614799999996,negocios_gestao_e_suporte
7399,70.7612227,35.3710752,32.4587762,26.461140300000004,negocios_gestao_e_suporte
7400,63.695904000000006,44.451748200000004,26.5907219,27.4723483,negocios_gestao_e_suporte
7401,74.6651917,45.6120072,36.4234565,26.054614799999996,negocios_gestao_e_suporte
7402,70.7612227,35.3710752,32.4587762,26.461140300000004,negocios_gestao_e_suporte
7403,63.695904000000006,44.451748200000004,26.5907219,27.4723483,negocios_gestao_e_suporte
7404,74.6651917,45.6120072,36.4234565,26.054614799999996,negocios_gestao_e_suporte
7405,70.7612227,35.3710752,32.4587762,26.461140300000004,negocios_gestao_e_suporte
7406,63.695904000000006,44.451748200000004,26.5907219,27.4723483,negocios_gestao_e_suporte
7407,74.6651917,45.6120072,36.4234565,26.054614799999996,negocios_gestao_e_suporte
7408,70.7612227,35.3710752,32.4587762,26.461140300000004,negocios_gestao_e_suporte
7409,63.695904000000006,44.451748200000004,26.5907219,27.4723483,negocios_gestao_e_suporte
7410,74.6651917,45.6120072,36.4234565,26.054614799999996,negocios_gestao_e_suporte
7411,70.7612227,35.3710752,32.4587762,26.461140300000004,negocios_gestao_e_suporte
7412,63.695904000000006,44.451748200000004,26.5907219,27.4723483,negocios_gestao_e_suporte
7413,74.6651917,45.6120072,36.4234565,26.054614799999996,negocios_gestao_e_suporte
7414,70.7612227,35.3710752,32.4587762,26.461140300000004,negocios_gestao_e_suporte
7415,63.695904000000006,44.451748200000004,26.5907219,27.4723483,negocios_gestao_e_suporte
7416,74.6651917,45.6120072,36.4234565,26.054614799999996,negocios_gestao_e_suporte
7417,70.7612227,35.3710752,32.4587762,26.461140300000004,negocios_gestao_e_suporte
7418,63.695904000000006,44.451748200000004,26.5907219,27.4723483,negocios_gestao_e_suporte
7419,74.6651917,45.6120072,36.4234565,26.054614799999996,negocios_gestao_e_suporte
7420,70.7612227,35.3710752,32.4587762,26.461140300000004,negocios_gestao_e_suporte
7421,63.695904000000006,44.451748200000004,26.5907219,27.4723483,negocios_gestao_e_suporte
7422,74.6651917,45.6120072,36.4234565,26.054614799999996,negocios_gestao_e_suporte
7423,70.7612227,35.3710752,32.4587762,26.461140300000004,negocios_gestao_e_suporte
7424,63.695904000000006,44.451748200000004,26.5907219,27.4723483,negocios_gestao_e_suporte
7425,74.6651917,45.6120072,36.4234565,26.054614799999996,negocios_gestao_e_suporte
7426,70.7612227,35.3710752,32.4587762,26.461140300000004,negocios_gestao_e_suporte
7427,63.695904000000006,44.451748200000004,26.5907219,27.4723483,negocios_gestao_e_suporte
7428,74.6651917,45.6120072,36.4234565,26.054614799999996,negocios_gestao_e_suporte
7429,70.7612227,35.3710752,32.4587762,26.461140300000004,negocios_gestao_e_suporte
7430,63.695904000000006,44.451748200000004,26.5907219,27.4723483,negocios_gestao_e_suporte
7431,74.6651917,45.6120072,36.4234565,26.054614799999996,negocios_gestao_e_suporte
7432,70.7612227,35.3710752,32.4587762,26.461140300000004,negocios_gestao_e_suporte
7433,63.695904000000006,44.451748200000004,26.5907219,27.4723483,negocios_gestao_e_suporte
7434,74.6651917,45.6120072,36.4234565,26.054614799999996,negocios_gestao_e_suporte
7435,70.7612227,35.3710752,32.4587762,26.461140300000004,negocios_gestao_e_suporte
7436,63.695904000000006,44.451748200000004,26.5907219,27.4723483,negocios_gestao_e_suporte
7437,74.6651917,45.6120072,36.4234565,26.054614799999996,negocios_gestao_e_suporte
7438,70.7612227,35.3710752,32.4587762,26.461140300000004,negocios_gestao_e_suporte
7439,63.695904000000006,44.451748200000004,26.5907219,27.4723483,negocios_gestao_e_suporte
7440,74.6651917,45.6120072,36.4234565,26.054614799999996,negocios_gestao_e_suporte
7441,70.7612227,35.3710752,32.4587762,26.461140300000004,negocios_gestao_e_suporte
7442,63.695904000000006,44.451748200000004,26.5907219,27.4723483,negocios_gestao_e_suporte
7443,74.6651917,45.6120072,36.4234565,26.054614799999996,negocios_gestao_e_suporte
7444,70.7612227,35.3710752,32.4587762,26.461140300000004,negocios_gestao_e_suporte
7445,63.695904000000006,44.451748200000004,26.5907219,27.4723483,negocios_gestao_e_suporte
7446,74.6651917,45.6120072,36.4234565,26.054614799999996,negocios_gestao_e_suporte
7447,70.7612227,35.3710752,32.4587762,26.461140300000004,negocios_gestao_e_suporte
7448,63.695904000000006,44.451748200000004,26.5907219,27.4723483,negocios_gestao_e_suporte
7449,74.6651917,45.6120072,36.4234565,26.054614799999996,negocios_gestao_e_suporte
7450,70.7612227,35.3710752,32.4587762,26.461140300000004,negocios_gestao_e_suporte
7451,63.695904000000006,44.451748200000004,26.5907219,27.4723483,negocios_gestao_e_suporte
7452,74.6651917,45.6120072,36.4234565,26.054614799999996,negocios_gestao_e_suporte
7453,70.7612227,35.3710752,32.4587762,26.461140300000004,negocios_gestao_e_suporte
7454,63.695904000000006,44.451748200000004,26.5907219,27.4723483,negocios_gestao_e_suporte
7455,74.6651917,45.6120072,36.4234565,26.054614799999996,negocios_gestao_e_suporte
7456,70.7612227,35.3710752,32.4587762,26.461140300000004,negocios_gestao_e_suporte
7457,63.695904000000006,44.451748200000004,26.5907219,27.4723483,negocios_gestao_e_suporte
7458,74.6651917,45.6120072,36.4234565,26.054614799999996,negocios_gestao_e_suporte
7459,70.7612227,35.3710752,32.4587762,26.461140300000004,negocios_gestao_e_suporte
7460,63.695904000000006,44.451748200000004,26.5907219,27.4723483,negocios_gestao_e_suporte
7461,74.6651917,45.6120072,36.4234565,26.054614799999996,negocios_gestao_e_suporte
7462,70.7612227,35.3710752,32.4587762,26.461140300000004,negocios_gestao_e_suporte
7463,63.695904000000006,44.451748200000004,26.5907219,27.4723483,negocios_gestao_e_suporte
7464,74.6651917,45.6120072,36.4234565,26.054614799999996,negocios_gestao_e_suporte
7465,70.7612227,35.3710752,32.4587762,26.461140300000004,negocios_gestao_e_suporte
7466,63.695904000000006,44.451748200000004,26.5907219,27.4723483,negocios_gestao_e_suporte
7467,74.6651917,45.6120072,36.4234565,26.054614799999996,negocios_gestao_e_suporte
7468,70.7612227,35.3710752,32.4587762,26.461140300000004,negocios_gestao_e_suporte
7469,63.695904000000006,44.451748200000004,26.5907219,27.4723483,negocios_gestao_e_suporte
7470,74.6651917,45.6120072,36.4234565,26.054614799999996,negocios_gestao_e_suporte
7471,70.7612227,35.3710752,32.4587762,26.461140300000004,negocios_gestao_e_suporte
7472,63.695904000000006,44.451748200000004,26.5907219,27.4723483,negocios_gestao_e_suporte
7473,74.6651917,45.6120072,36.4234565,26.054614799999996,negocios_gestao_e_suporte
7474,70.7612227,35.3710752,32.4587762,26.461140300000004,negocios_gestao_e_suporte
7475,63.695904000000006,44.451748200000004,26.5907219,27.4723483,negocios_gestao_e_suporte
7476,74.6651917,45.6120072,36.4234565,26.054614799999996,negocios_gestao_e_suporte
7477,70.7612227,35.3710752,32.4587762,26.461140300000004,negocios_gestao_e_suporte
7478,63.695904000000006,44.451748200000004,26.5907219,27.4723483,negocios_gestao_e_suporte
7479,74.6651917,45.6120072,36.4234565,26.054614799999996,negocios_gestao_e_suporte
7480,70.7612227,35.3710752,32.4587762,26.461140300000004,negocios_gestao_e_suporte
7481,63.695904000000006,44.451748200000004,26.5907219,27.4723483,negocios_gestao_e_suporte
7482,74.6651917,45.6120072,36.4234565,26.054614799999996,negocios_gestao_e_suporte
7483,70.7612227,35.3710752,32.4587762,26.461140300000004,negocios_gestao_e_suporte
7484,63.695904000000006,44.451748200000004,26.5907219,27.4723483,negocios_gestao_e_suporte
7485,74.6651917,45.6120072,36.4234565,26.054614799999996,negocios_gestao_e_suporte
7486,70.7612227,35.3710752,32.4587762,26.461140300000004,negocios_gestao_e_suporte
7487,63.695904000000006,44.451748200000004,26.5907219,27.4723483,negocios_gestao_e_suporte
7488,74.6651917,45.6120072,36.4234565,26.054614799999996,negocios_gestao_e_suporte
7489,70.7612227,35.3710752,32.4587762,26.461140300000004,negocios_gestao_e_suporte
7490,63.695904000000006,44.451748200000004,26.5907219,27.4723483,negocios_gestao_e_suporte
7491,74.6651917,45.6120072,36.4234565,26.054614799999996,negocios_gestao_e_suporte
7492,70.7612227,35.3710752,32.4587762,26.461140300000004,negocios_gestao_e_suporte
7493,63.695904000000006,44.451748200000004,26.5907219,27.4723483,negocios_gestao_e_suporte
7494,74.6651917,45.6120072,36.4234565,26.054614799999996,negocios_gestao_e_suporte
7495,70.7612227,35.3710752,32.4587762,26.461140300000004,negocios_gestao_e_suporte
7496,63.695904000000006,44.451748200000004,26.5907219,27.4723483,negocios_gestao_e_suporte
7497,74.6651917,45.6120072,36.4234565,26.054614799999996,negocios_gestao_e_suporte
7498,70.7612227,35.3710752,32.4587762,26.461140300000004,negocios_gestao_e_suporte
7499,63.695904000000006,44.451748200000004,26.5907219,27.4723483,negocios_gestao_e_suporte
7500,74.6651917,45.6120072,36.4234565,26.054614799999996,negocios_gestao_e_suporte
7501,70.7612227,35.3710752,32.4587762,26.461140300000004,negocios_gestao_e_suporte
7502,63.695904000000006,44.451748200000004,26.5907219,27.4723483,negocios_gestao_e_suporte
7503,74.6651917,45.6120072,36.4234565,26.054614799999996,negocios_gestao_e_suporte
7504,70.7612227,35.3710752,32.4587762,26.461140300000004,negocios_gestao_e_suporte
7505,63.695904000000006,44.451748200000004,26.5907219,27.4723483,negocios_gestao_e_suporte
7506,74.6651917,45.6120072,36.4234565,26.054614799999996,negocios_gestao_e_suporte
7507,70.7612227,35.3710752,32.4587762,26.461140300000004,negocios_gestao_e_suporte
7508,63.695904000000006,44.451748200000004,26.5907219,27.4723483,negocios_gestao_e_suporte
7509,74.6651917,45.6120072,36.4234565,26.054614799999996,negocios_gestao_e_suporte
7510,70.7612227,35.3710752,32.4587762,26.461140300000004,negocios_gestao_e_suporte
7511,63.695904000000006,44.451748200000004,26.5907219,27.4723483,negocios_gestao_e_suporte
7512,74.6651917,45.6120072,36.4234565,26.054614799999996,negocios_gestao_e_suporte
7513,70.7612227,35.3710752,32.4587762,26.461140300000004,negocios_gestao_e_suporte
7514,63.695904000000006,44.451748200000004,26.5907219,27.4723483,negocios_gestao_e_suporte
7515,74.6651917,45.6120072,36.4234565,26.054614799999996,negocios_gestao_e_suporte
7516,70.7612227,35.3710752,32.4587762,26.461140300000004,negocios_gestao_e_suporte
7517,63.695904000000006,44.451748200000004,26.5907219,27.4723483,negocios_gestao_e_suporte
7518,74.6651917,45.6120072,36.4234565,26.054614799999996,negocios_gestao_e_suporte
7519,70.7612227,35.3710752,32.4587762,26.461140300000004,negocios_gestao_e_suporte
7520,63.695904000000006,44.451748200000004,26.5907219,27.4723483,negocios_gestao_e_suporte
7521,74.6651917,45.6120072,36.4234565,26.054614799999996,negocios_gestao_e_suporte
7522,70.7612227,35.3710752,32.4587762,26.461140300000004,negocios_gestao_e_suporte
7523,63.695904000000006,44.451748200000004,26.5907219,27.4723483,negocios_gestao_e_suporte
7524,74.6651917,45.6120072,36.4234565,26.054614799999996,negocios_gestao_e_suporte
7525,70.7612227,35.3710752,32.4587762,26.461140300000004,negocios_gestao_e_suporte
7526,63.695904000000006,44.451748200000004,26.5907219,27.4723483,negocios_gestao_e_suporte
7527,74.6651917,45.6120072,36.4234565,26.054614799999996,negocios_gestao_e_suporte
7528,70.7612227,35.3710752,32.4587762,26.461140300000004,negocios_gestao_e_suporte
7529,63.695904000000006,44.451748200000004,26.5907219,27.4723483,negocios_gestao_e_suporte
7530,74.6651917,45.6120072,36.4234565,26.054614799999996,negocios_gestao_e_suporte
7531,70.7612227,35.3710752,32.4587762,26.461140300000004,negocios_gestao_e_suporte
7532,63.695904000000006,44.451748200000004,26.5907219,27.4723483,negocios_gestao_e_suporte
7533,74.6651917,45.6120072,36.4234565,26.054614799999996,negocios_gestao_e_suporte
7534,70.7612227,35.3710752,32.4587762,26.461140300000004,negocios_gestao_e_suporte
7535,63.695904000000006,44.451748200000004,26.5907219,27.4723483,negocios_gestao_e_suporte
7536,74.6651917,45.6120072,36.4234565,26.054614799999996,negocios_gestao_e_suporte
7537,70.7612227,35.3710752,32.4587762,26.461140300000004,negocios_gestao_e_suporte
7538,63.695904000000006,44.451748200000004,26.5907219,27.4723483,negocios_gestao_e_suporte
7539,74.6651917,45.6120072,36.4234565,26.054614799999996,negocios_gestao_e_suporte
7540,70.7612227,35.3710752,32.4587762,26.461140300000004,negocios_gestao_e_suporte
7541,63.695904000000006,44.451748200000004,26.5907219,27.4723483,negocios_gestao_e_suporte
7542,74.6651917,45.6120072,36.4234565,26.054614799999996,negocios_gestao_e_suporte
7543,70.7612227,35.3710752,32.4587762,26.461140300000004,negocios_gestao_e_suporte
7544,63.695904000000006,44.451748200000004,26.5907219,27.4723483,negocios_gestao_e_suporte
7545,74.6651917,45.6120072,36.4234565,26.054614799999996,negocios_gestao_e_suporte
7546,70.7612227,35.3710752,32.4587762,26.461140300000004,negocios_gestao_e_suporte
7547,63.695904000000006,44.451748200000004,26.5907219,27.4723483,negocios_gestao_e_suporte
7548,74.6651917,45.6120072,36.4234565,26.054614799999996,negocios_gestao_e_suporte
7549,70.7612227,35.3710752,32.4587762,26.461140300000004,negocios_gestao_e_suporte
7550,63.695904000000006,44.451748200000004,26.5907219,27.4723483,negocios_gestao_e_suporte
7551,74.6651917,45.6120072,36.4234565,26.054614799999996,negocios_gestao_e_suporte
7552,70.7612227,35.3710752,32.4587762,26.461140300000004,negocios_gestao_e_suporte
7553,63.695904000000006,44.451748200000004,26.5907219,27.4723483,negocios_gestao_e_suporte
7554,74.6651917,45.6120072,36.4234565,26.054614799999996,negocios_gestao_e_suporte
7555,70.7612227,35.3710752,32.4587762,26.461140300000004,negocios_gestao_e_suporte
7556,63.695904000000006,44.451748200000004,26.5907219,27.4723483,negocios_gestao_e_suporte
7557,74.6651917,45.6120072,36.4234565,26.054614799999996,negocios_gestao_e_suporte
7558,70.7612227,35.3710752,32.4587762,26.461140300000004,negocios_gestao_e_suporte
7559,63.695904000000006,44.451748200000004,26.5907219,27.4723483,negocios_gestao_e_suporte
7560,48.5390778,40.230058899999996,29.738737599999997,27.9881315,desenvolvimento_e_engenharia_de_produto
7561,65.8515837,37.1321736,30.269464600000003,24.1001381,desenvolvimento_e_engenharia_de_produto
7562,39.1125324,47.428197100000006,27.879113500000003,24.6115276,desenvolvimento_e_engenharia_de_produto
7563,43.5166024,43.9994136,36.631720699999995,20.4767929,desenvolvimento_e_engenharia_de_produto
7564,54.5446946,38.2970671,37.7615778,21.7996519,desenvolvimento_e_engenharia_de_produto
7565,64.9124032,36.4199467,27.034245600000002,18.2944237,desenvolvimento_e_engenharia_de_produto
7566,46.4201827,41.2821822,37.9300966,23.4770651,desenvolvimento_e_engenharia_de_produto
7567,54.106671500000004,41.4619646,31.140039800000004,24.2762657,desenvolvimento_e_engenharia_de_produto
7568,52.8778501,44.0875018,31.191521599999998,21.6947833,desenvolvimento_e_engenharia_de_produto
7569,63.7518305,40.0886543,33.3711094,20.8807712,desenvolvimento_e_engenharia_de_produto
7570,69.8982468,44.571368500000005,29.587988,16.862085,desenvolvimento_e_engenharia_de_produto
7571,58.786432600000005,43.405996699999996,31.412112399999998,17.5538648,desenvolvimento_e_engenharia_de_produto
7572,56.8329612,14.703872800000001,35.3477989,5.9278179,desenvolvimento_e_engenharia_de_produto
7573,48.5390778,40.230058899999996,29.738737599999997,27.9881315,desenvolvimento_e_engenharia_de_produto
7574,65.8515837,37.1321736,30.269464600000003,24.1001381,desenvolvimento_e_engenharia_de_produto
7575,39.1125324,47.428197100000006,27.879113500000003,24.6115276,desenvolvimento_e_engenharia_de_produto
7576,43.5166024,43.9994136,36.631720699999995,20.4767929,desenvolvimento_e_engenharia_de_produto
7577,54.5446946,38.2970671,37.7615778,21.7996519,desenvolvimento_e_engenharia_de_produto
7578,64.9124032,36.4199467,27.034245600000002,18.2944237,desenvolvimento_e_engenharia_de_produto
7579,46.4201827,41.2821822,37.9300966,23.4770651,desenvolvimento_e_engenharia_de_produto
7580,54.106671500000004,41.4619646,31.140039800000004,24.2762657,desenvolvimento_e_engenharia_de_produto
7581,52.8778501,44.0875018,31.191521599999998,21.6947833,desenvolvimento_e_engenharia_de_produto
7582,63.7518305,40.0886543,33.3711094,20.8807712,desenvolvimento_e_engenharia_de_produto
7583,69.8982468,44.571368500000005,29.587988,16.862085,desenvolvimento_e_engenharia_de_produto
7584,58.786432600000005,43.405996699999996,31.412112399999998,17.5538648,desenvolvimento_e_engenharia_de_produto
7585,56.8329612,14.703872800000001,35.3477989,5.9278179,desenvolvimento_e_engenharia_de_produto
7586,48.5390778,40.230058899999996,29.738737599999997,27.9881315,desenvolvimento_e_engenharia_de_produto
7587,65.8515837,37.1321736,30.269464600000003,24.1001381,desenvolvimento_e_engenharia_de_produto
7588,39.1125324,47.428197100000006,27.879113500000003,24.6115276,desenvolvimento_e_engenharia_de_produto
7589,43.5166024,43.9994136,36.631720699999995,20.4767929,desenvolvimento_e_engenharia_de_produto
7590,54.5446946,38.2970671,37.7615778,21.7996519,desenvolvimento_e_engenharia_de_produto
7591,64.9124032,36.4199467,27.034245600000002,18.2944237,desenvolvimento_e_engenharia_de_produto
7592,46.4201827,41.2821822,37.9300966,23.4770651,desenvolvimento_e_engenharia_de_produto
7593,54.106671500000004,41.4619646,31.140039800000004,24.2762657,desenvolvimento_e_engenharia_de_produto
7594,52.8778501,44.0875018,31.191521599999998,21.6947833,desenvolvimento_e_engenharia_de_produto
7595,63.7518305,40.0886543,33.3711094,20.8807712,desenvolvimento_e_engenharia_de_produto
7596,69.8982468,44.571368500000005,29.587988,16.862085,desenvolvimento_e_engenharia_de_produto
7597,58.786432600000005,43.405996699999996,31.412112399999998,17.5538648,desenvolvimento_e_engenharia_de_produto
7598,56.8329612,14.703872800000001,35.3477989,5.9278179,desenvolvimento_e_engenharia_de_produto
7599,48.5390778,40.230058899999996,29.738737599999997,27.9881315,desenvolvimento_e_engenharia_de_produto
7600,65.8515837,37.1321736,30.269464600000003,24.1001381,desenvolvimento_e_engenharia_de_produto
7601,39.1125324,47.428197100000006,27.879113500000003,24.6115276,desenvolvimento_e_engenharia_de_produto
7602,43.5166024,43.9994136,36.631720699999995,20.4767929,desenvolvimento_e_engenharia_de_produto
7603,54.5446946,38.2970671,37.7615778,21.7996519,desenvolvimento_e_engenharia_de_produto
7604,64.9124032,36.4199467,27.034245600000002,18.2944237,desenvolvimento_e_engenharia_de_produto
7605,46.4201827,41.2821822,37.9300966,23.4770651,desenvolvimento_e_engenharia_de_produto
7606,54.106671500000004,41.4619646,31.140039800000004,24.2762657,desenvolvimento_e_engenharia_de_produto
7607,52.8778501,44.0875018,31.191521599999998,21.6947833,desenvolvimento_e_engenharia_de_produto
7608,63.7518305,40.0886543,33.3711094,20.8807712,desenvolvimento_e_engenharia_de_produto
7609,69.8982468,44.571368500000005,29.587988,16.862085,desenvolvimento_e_engenharia_de_produto
7610,58.786432600000005,43.405996699999996,31.412112399999998,17.5538648,desenvolvimento_e_engenharia_de_produto
7611,56.8329612,14.703872800000001,35.3477989,5.9278179,desenvolvimento_e_engenharia_de_produto
7612,48.5390778,40.230058899999996,29.738737599999997,27.9881315,desenvolvimento_e_engenharia_de_produto
7613,65.8515837,37.1321736,30.269464600000003,24.1001381,desenvolvimento_e_engenharia_de_produto
7614,39.1125324,47.428197100000006,27.879113500000003,24.6115276,desenvolvimento_e_engenharia_de_produto
7615,43.5166024,43.9994136,36.631720699999995,20.4767929,desenvolvimento_e_engenharia_de_produto
7616,54.5446946,38.2970671,37.7615778,21.7996519,desenvolvimento_e_engenharia_de_produto
7617,64.9124032,36.4199467,27.034245600000002,18.2944237,desenvolvimento_e_engenharia_de_produto
7618,46.4201827,41.2821822,37.9300966,23.4770651,desenvolvimento_e_engenharia_de_produto
7619,54.106671500000004,41.4619646,31.140039800000004,24.2762657,desenvolvimento_e_engenharia_de_produto
7620,52.8778501,44.0875018,31.191521599999998,21.6947833,desenvolvimento_e_engenharia_de_produto
7621,63.7518305,40.0886543,33.3711094,20.8807712,desenvolvimento_e_engenharia_de_produto
7622,69.8982468,44.571368500000005,29.587988,16.862085,desenvolvimento_e_engenharia_de_produto
7623,58.786432600000005,43.405996699999996,31.412112399999998,17.5538648,desenvolvimento_e_engenharia_de_produto
7624,56.8329612,14.703872800000001,35.3477989,5.9278179,desenvolvimento_e_engenharia_de_produto
7625,48.5390778,40.230058899999996,29.738737599999997,27.9881315,desenvolvimento_e_engenharia_de_produto
7626,65.8515837,37.1321736,30.269464600000003,24.1001381,desenvolvimento_e_engenharia_de_produto
7627,39.1125324,47.428197100000006,27.879113500000003,24.6115276,desenvolvimento_e_engenharia_de_produto
7628,43.5166024,43.9994136,36.631720699999995,20.4767929,desenvolvimento_e_engenharia_de_produto
7629,54.5446946,38.2970671,37.7615778,21.7996519,desenvolvimento_e_engenharia_de_produto
7630,64.9124032,36.4199467,27.034245600000002,18.2944237,desenvolvimento_e_engenharia_de_produto
7631,46.4201827,41.2821822,37.9300966,23.4770651,desenvolvimento_e_engenharia_de_produto
7632,54.106671500000004,41.4619646,31.140039800000004,24.2762657,desenvolvimento_e_engenharia_de_produto
7633,52.8778501,44.0875018,31.191521599999998,21.6947833,desenvolvimento_e_engenharia_de_produto
7634,63.7518305,40.0886543,33.3711094,20.8807712,desenvolvimento_e_engenharia_de_produto
7635,69.8982468,44.571368500000005,29.587988,16.862085,desenvolvimento_e_engenharia_de_produto
7636,58.786432600000005,43.405996699999996,31.412112399999998,17.5538648,desenvolvimento_e_engenharia_de_produto
7637,56.8329612,14.703872800000001,35.3477989,5.9278179,desenvolvimento_e_engenharia_de_produto
7638,48.5390778,40.230058899999996,29.738737599999997,27.9881315,desenvolvimento_e_engenharia_de_produto
7639,65.8515837,37.1321736,30.269464600000003,24.1001381,desenvolvimento_e_engenharia_de_produto
7640,39.1125324,47.428197100000006,27.879113500000003,24.6115276,desenvolvimento_e_engenharia_de_produto
7641,43.5166024,43.9994136,36.631720699999995,20.4767929,desenvolvimento_e_engenharia_de_produto
7642,54.5446946,38.2970671,37.7615778,21.7996519,desenvolvimento_e_engenharia_de_produto
7643,64.9124032,36.4199467,27.034245600000002,18.2944237,desenvolvimento_e_engenharia_de_produto
7644,46.4201827,41.2821822,37.9300966,23.4770651,desenvolvimento_e_engenharia_de_produto
7645,54.106671500000004,41.4619646,31.140039800000004,24.2762657,desenvolvimento_e_engenharia_de_produto
7646,52.8778501,44.0875018,31.191521599999998,21.6947833,desenvolvimento_e_engenharia_de_produto
7647,63.7518305,40.0886543,33.3711094,20.8807712,desenvolvimento_e_engenharia_de_produto
7648,69.8982468,44.571368500000005,29.587988,16.862085,desenvolvimento_e_engenharia_de_produto
7649,58.786432600000005,43.405996699999996,31.412112399999998,17.5538648,desenvolvimento_e_engenharia_de_produto
7650,56.8329612,14.703872800000001,35.3477989,5.9278179,desenvolvimento_e_engenharia_de_produto
7651,48.5390778,40.230058899999996,29.738737599999997,27.9881315,desenvolvimento_e_engenharia_de_produto
7652,65.8515837,37.1321736,30.269464600000003,24.1001381,desenvolvimento_e_engenharia_de_produto
7653,39.1125324,47.428197100000006,27.879113500000003,24.6115276,desenvolvimento_e_engenharia_de_produto
7654,43.5166024,43.9994136,36.631720699999995,20.4767929,desenvolvimento_e_engenharia_de_produto
7655,54.5446946,38.2970671,37.7615778,21.7996519,desenvolvimento_e_engenharia_de_produto
7656,64.9124032,36.4199467,27.034245600000002,18.2944237,desenvolvimento_e_engenharia_de_produto
7657,46.4201827,41.2821822,37.9300966,23.4770651,desenvolvimento_e_engenharia_de_produto
7658,54.106671500000004,41.4619646,31.140039800000004,24.2762657,desenvolvimento_e_engenharia_de_produto
7659,52.8778501,44.0875018,31.191521599999998,21.6947833,desenvolvimento_e_engenharia_de_produto
7660,63.7518305,40.0886543,33.3711094,20.8807712,desenvolvimento_e_engenharia_de_produto
7661,69.8982468,44.571368500000005,29.587988,16.862085,desenvolvimento_e_engenharia_de_produto
7662,58.786432600000005,43.405996699999996,31.412112399999998,17.5538648,desenvolvimento_e_engenharia_de_produto
7663,56.8329612,14.703872800000001,35.3477989,5.9278179,desenvolvimento_e_engenharia_de_produto
7664,48.5390778,40.230058899999996,29.738737599999997,27.9881315,desenvolvimento_e_engenharia_de_produto
7665,65.8515837,37.1321736,30.269464600000003,24.1001381,desenvolvimento_e_engenharia_de_produto
7666,39.1125324,47.428197100000006,27.879113500000003,24.6115276,desenvolvimento_e_engenharia_de_produto
7667,43.5166024,43.9994136,36.631720699999995,20.4767929,desenvolvimento_e_engenharia_de_produto
7668,54.5446946,38.2970671,37.7615778,21.7996519,desenvolvimento_e_engenharia_de_produto
7669,64.9124032,36.4199467,27.034245600000002,18.2944237,desenvolvimento_e_engenharia_de_produto
7670,46.4201827,41.2821822,37.9300966,23.4770651,desenvolvimento_e_engenharia_de_produto
7671,54.106671500000004,41.4619646,31.140039800000004,24.2762657,desenvolvimento_e_engenharia_de_produto
7672,52.8778501,44.0875018,31.191521599999998,21.6947833,desenvolvimento_e_engenharia_de_produto
7673,63.7518305,40.0886543,33.3711094,20.8807712,desenvolvimento_e_engenharia_de_produto
7674,69.8982468,44.571368500000005,29.587988,16.862085,desenvolvimento_e_engenharia_de_produto
7675,58.786432600000005,43.405996699999996,31.412112399999998,17.5538648,desenvolvimento_e_engenharia_de_produto
7676,56.8329612,14.703872800000001,35.3477989,5.9278179,desenvolvimento_e_engenharia_de_produto
7677,48.5390778,40.230058899999996,29.738737599999997,27.9881315,desenvolvimento_e_engenharia_de_produto
7678,65.8515837,37.1321736,30.269464600000003,24.1001381,desenvolvimento_e_engenharia_de_produto
7679,39.1125324,47.428197100000006,27.879113500000003,24.6115276,desenvolvimento_e_engenharia_de_produto
7680,43.5166024,43.9994136,36.631720699999995,20.4767929,desenvolvimento_e_engenharia_de_produto
7681,54.5446946,38.2970671,37.7615778,21.7996519,desenvolvimento_e_engenharia_de_produto
7682,64.9124032,36.4199467,27.034245600000002,18.2944237,desenvolvimento_e_engenharia_de_produto
7683,46.4201827,41.2821822,37.9300966,23.4770651,desenvolvimento_e_engenharia_de_produto
7684,54.106671500000004,41.4619646,31.140039800000004,24.2762657,desenvolvimento_e_engenharia_de_produto
7685,52.8778501,44.0875018,31.191521599999998,21.6947833,desenvolvimento_e_engenharia_de_produto
7686,63.7518305,40.0886543,33.3711094,20.8807712,desenvolvimento_e_engenharia_de_produto
7687,69.8982468,44.571368500000005,29.587988,16.862085,desenvolvimento_e_engenharia_de_produto
7688,58.786432600000005,43.405996699999996,31.412112399999998,17.5538648,desenvolvimento_e_engenharia_de_produto
7689,56.8329612,14.703872800000001,35.3477989,5.9278179,desenvolvimento_e_engenharia_de_produto
7690,48.5390778,40.230058899999996,29.738737599999997,27.9881315,desenvolvimento_e_engenharia_de_produto
7691,65.8515837,37.1321736,30.269464600000003,24.1001381,desenvolvimento_e_engenharia_de_produto
7692,39.1125324,47.428197100000006,27.879113500000003,24.6115276,desenvolvimento_e_engenharia_de_produto
7693,43.5166024,43.9994136,36.631720699999995,20.4767929,desenvolvimento_e_engenharia_de_produto
7694,54.5446946,38.2970671,37.7615778,21.7996519,desenvolvimento_e_engenharia_de_produto
7695,64.9124032,36.4199467,27.034245600000002,18.2944237,desenvolvimento_e_engenharia_de_produto
7696,46.4201827,41.2821822,37.9300966,23.4770651,desenvolvimento_e_engenharia_de_produto
7697,54.106671500000004,41.4619646,31.140039800000004,24.2762657,desenvolvimento_e_engenharia_de_produto
7698,52.8778501,44.0875018,31.191521599999998,21.6947833,desenvolvimento_e_engenharia_de_produto
7699,63.7518305,40.0886543,33.3711094,20.8807712,desenvolvimento_e_engenharia_de_produto
7700,69.8982468,44.571368500000005,29.587988,16.862085,desenvolvimento_e_engenharia_de_produto
7701,58.786432600000005,43.405996699999996,31.412112399999998,17.5538648,desenvolvimento_e_engenharia_de_produto
7702,56.8329612,14.703872800000001,35.3477989,5.9278179,desenvolvimento_e_engenharia_de_produto
7703,48.5390778,40.230058899999996,29.738737599999997,27.9881315,desenvolvimento_e_engenharia_de_produto
7704,65.8515837,37.1321736,30.269464600000003,24.1001381,desenvolvimento_e_engenharia_de_produto
7705,39.1125324,47.428197100000006,27.879113500000003,24.6115276,desenvolvimento_e_engenharia_de_produto
7706,43.5166024,43.9994136,36.631720699999995,20.4767929,desenvolvimento_e_engenharia_de_produto
7707,54.5446946,38.2970671,37.7615778,21.7996519,desenvolvimento_e_engenharia_de_produto
7708,64.9124032,36.4199467,27.034245600000002,18.2944237,desenvolvimento_e_engenharia_de_produto
7709,46.4201827,41.2821822,37.9300966,23.4770651,desenvolvimento_e_engenharia_de_produto
7710,54.106671500000004,41.4619646,31.140039800000004,24.2762657,desenvolvimento_e_engenharia_de_produto
7711,52.8778501,44.0875018,31.191521599999998,21.6947833,desenvolvimento_e_engenharia_de_produto
7712,63.7518305,40.0886543,33.3711094,20.8807712,desenvolvimento_e_engenharia_de_produto
7713,69.8982468,44.571368500000005,29.587988,16.862085,desenvolvimento_e_engenharia_de_produto
7714,58.786432600000005,43.405996699999996,31.412112399999998,17.5538648,desenvolvimento_e_engenharia_de_produto
7715,56.8329612,14.703872800000001,35.3477989,5.9278179,desenvolvimento_e_engenharia_de_produto
7716,48.5390778,40.230058899999996,29.738737599999997,27.9881315,desenvolvimento_e_engenharia_de_produto
7717,65.8515837,37.1321736,30.269464600000003,24.1001381,desenvolvimento_e_engenharia_de_produto
7718,39.1125324,47.428197100000006,27.879113500000003,24.6115276,desenvolvimento_e_engenharia_de_produto
7719,43.5166024,43.9994136,36.631720699999995,20.4767929,desenvolvimento_e_engenharia_de_produto
7720,54.5446946,38.2970671,37.7615778,21.7996519,desenvolvimento_e_engenharia_de_produto
7721,64.9124032,36.4199467,27.034245600000002,18.2944237,desenvolvimento_e_engenharia_de_produto
7722,46.4201827,41.2821822,37.9300966,23.4770651,desenvolvimento_e_engenharia_de_produto
7723,54.106671500000004,41.4619646,31.140039800000004,24.2762657,desenvolvimento_e_engenharia_de_produto
7724,52.8778501,44.0875018,31.191521599999998,21.6947833,desenvolvimento_e_engenharia_de_produto
7725,63.7518305,40.0886543,33.3711094,20.8807712,desenvolvimento_e_engenharia_de_produto
7726,69.8982468,44.571368500000005,29.587988,16.862085,desenvolvimento_e_engenharia_de_produto
7727,58.786432600000005,43.405996699999996,31.412112399999998,17.5538648,desenvolvimento_e_engenharia_de_produto
7728,56.8329612,14.703872800000001,35.3477989,5.9278179,desenvolvimento_e_engenharia_de_produto
7729,48.5390778,40.230058899999996,29.738737599999997,27.9881315,desenvolvimento_e_engenharia_de_produto
7730,65.8515837,37.1321736,30.269464600000003,24.1001381,desenvolvimento_e_engenharia_de_produto
7731,39.1125324,47.428197100000006,27.879113500000003,24.6115276,desenvolvimento_e_engenharia_de_produto
7732,43.5166024,43.9994136,36.631720699999995,20.4767929,desenvolvimento_e_engenharia_de_produto
7733,54.5446946,38.2970671,37.7615778,21.7996519,desenvolvimento_e_engenharia_de_produto
7734,64.9124032,36.4199467,27.034245600000002,18.2944237,desenvolvimento_e_engenharia_de_produto
7735,46.4201827,41.2821822,37.9300966,23.4770651,desenvolvimento_e_engenharia_de_produto
7736,54.106671500000004,41.4619646,31.140039800000004,24.2762657,desenvolvimento_e_engenharia_de_produto
7737,52.8778501,44.0875018,31.191521599999998,21.6947833,desenvolvimento_e_engenharia_de_produto
7738,63.7518305,40.0886543,33.3711094,20.8807712,desenvolvimento_e_engenharia_de_produto
7739,69.8982468,44.571368500000005,29.587988,16.862085,desenvolvimento_e_engenharia_de_produto
7740,58.786432600000005,43.405996699999996,31.412112399999998,17.5538648,desenvolvimento_e_engenharia_de_produto
7741,56.8329612,14.703872800000001,35.3477989,5.9278179,desenvolvimento_e_engenharia_de_produto
7742,48.5390778,40.230058899999996,29.738737599999997,27.9881315,desenvolvimento_e_engenharia_de_produto
7743,65.8515837,37.1321736,30.269464600000003,24.1001381,desenvolvimento_e_engenharia_de_produto
7744,39.1125324,47.428197100000006,27.879113500000003,24.6115276,desenvolvimento_e_engenharia_de_produto
7745,43.5166024,43.9994136,36.631720699999995,20.4767929,desenvolvimento_e_engenharia_de_produto
7746,54.5446946,38.2970671,37.7615778,21.7996519,desenvolvimento_e_engenharia_de_produto
7747,64.9124032,36.4199467,27.034245600000002,18.2944237,desenvolvimento_e_engenharia_de_produto
7748,46.4201827,41.2821822,37.9300966,23.4770651,desenvolvimento_e_engenharia_de_produto
7749,54.106671500000004,41.4619646,31.140039800000004,24.2762657,desenvolvimento_e_engenharia_de_produto
7750,52.8778501,44.0875018,31.191521599999998,21.6947833,desenvolvimento_e_engenharia_de_produto
7751,63.7518305,40.0886543,33.3711094,20.8807712,desenvolvimento_e_engenharia_de_produto
7752,69.8982468,44.571368500000005,29.587988,16.862085,desenvolvimento_e_engenharia_de_produto
7753,58.786432600000005,43.405996699999996,31.412112399999998,17.5538648,desenvolvimento_e_engenharia_de_produto
7754,56.8329612,14.703872800000001,35.3477989,5.9278179,desenvolvimento_e_engenharia_de_produto
7755,48.5390778,40.230058899999996,29.738737599999997,27.9881315,desenvolvimento_e_engenharia_de_produto
7756,65.8515837,37.1321736,30.269464600000003,24.1001381,desenvolvimento_e_engenharia_de_produto
7757,39.1125324,47.428197100000006,27.879113500000003,24.6115276,desenvolvimento_e_engenharia_de_produto
7758,43.5166024,43.9994136,36.631720699999995,20.4767929,desenvolvimento_e_engenharia_de_produto
7759,54.5446946,38.2970671,37.7615778,21.7996519,desenvolvimento_e_engenharia_de_produto
7760,64.9124032,36.4199467,27.034245600000002,18.2944237,desenvolvimento_e_engenharia_de_produto
7761,46.4201827,41.2821822,37.9300966,23.4770651,desenvolvimento_e_engenharia_de_produto
7762,54.106671500000004,41.4619646,31.140039800000004,24.2762657,desenvolvimento_e_engenharia_de_produto
7763,52.8778501,44.0875018,31.191521599999998,21.6947833,desenvolvimento_e_engenharia_de_produto
7764,63.7518305,40.0886543,33.3711094,20.8807712,desenvolvimento_e_engenharia_de_produto
7765,69.8982468,44.571368500000005,29.587988,16.862085,desenvolvimento_e_engenharia_de_produto
7766,58.786432600000005,43.405996699999996,31.412112399999998,17.5538648,desenvolvimento_e_engenharia_de_produto
7767,56.8329612,14.703872800000001,35.3477989,5.9278179,desenvolvimento_e_engenharia_de_produto
7768,48.5390778,40.230058899999996,29.738737599999997,27.9881315,desenvolvimento_e_engenharia_de_produto
7769,65.8515837,37.1321736,30.269464600000003,24.1001381,desenvolvimento_e_engenharia_de_produto
7770,39.1125324,47.428197100000006,27.879113500000003,24.6115276,desenvolvimento_e_engenharia_de_produto
7771,43.5166024,43.9994136,36.631720699999995,20.4767929,desenvolvimento_e_engenharia_de_produto
7772,54.5446946,38.2970671,37.7615778,21.7996519,desenvolvimento_e_engenharia_de_produto
7773,64.9124032,36.4199467,27.034245600000002,18.2944237,desenvolvimento_e_engenharia_de_produto
7774,46.4201827,41.2821822,37.9300966,23.4770651,desenvolvimento_e_engenharia_de_produto
7775,54.106671500000004,41.4619646,31.140039800000004,24.2762657,desenvolvimento_e_engenharia_de_produto
7776,52.8778501,44.0875018,31.191521599999998,21.6947833,desenvolvimento_e_engenharia_de_produto
7777,63.7518305,40.0886543,33.3711094,20.8807712,desenvolvimento_e_engenharia_de_produto
7778,69.8982468,44.571368500000005,29.587988,16.862085,desenvolvimento_e_engenharia_de_produto
7779,58.786432600000005,43.405996699999996,31.412112399999998,17.5538648,desenvolvimento_e_engenharia_de_produto
7780,56.8329612,14.703872800000001,35.3477989,5.9278179,desenvolvimento_e_engenharia_de_produto
7781,48.5390778,40.230058899999996,29.738737599999997,27.9881315,desenvolvimento_e_engenharia_de_produto
7782,65.8515837,37.1321736,30.269464600000003,24.1001381,desenvolvimento_e_engenharia_de_produto
7783,39.1125324,47.428197100000006,27.879113500000003,24.6115276,desenvolvimento_e_engenharia_de_produto
7784,43.5166024,43.9994136,36.631720699999995,20.4767929,desenvolvimento_e_engenharia_de_produto
7785,54.5446946,38.2970671,37.7615778,21.7996519,desenvolvimento_e_engenharia_de_produto
7786,64.9124032,36.4199467,27.034245600000002,18.2944237,desenvolvimento_e_engenharia_de_produto
7787,46.4201827,41.2821822,37.9300966,23.4770651,desenvolvimento_e_engenharia_de_produto
7788,54.106671500000004,41.4619646,31.140039800000004,24.2762657,desenvolvimento_e_engenharia_de_produto
7789,52.8778501,44.0875018,31.191521599999998,21.6947833,desenvolvimento_e_engenharia_de_produto
7790,63.7518305,40.0886543,33.3711094,20.8807712,desenvolvimento_e_engenharia_de_produto
7791,69.8982468,44.571368500000005,29.587988,16.862085,desenvolvimento_e_engenharia_de_produto
7792,58.786432600000005,43.405996699999996,31.412112399999998,17.5538648,desenvolvimento_e_engenharia_de_produto
7793,56.8329612,14.703872800000001,35.3477989,5.9278179,desenvolvimento_e_engenharia_de_produto
7794,48.5390778,40.230058899999996,29.738737599999997,27.9881315,desenvolvimento_e_engenharia_de_produto
7795,65.8515837,37.1321736,30.269464600000003,24.1001381,desenvolvimento_e_engenharia_de_produto
7796,39.1125324,47.428197100000006,27.879113500000003,24.6115276,desenvolvimento_e_engenharia_de_produto
7797,43.5166024,43.9994136,36.631720699999995,20.4767929,desenvolvimento_e_engenharia_de_produto
7798,54.5446946,38.2970671,37.7615778,21.7996519,desenvolvimento_e_engenharia_de_produto
7799,64.9124032,36.4199467,27.034245600000002,18.2944237,desenvolvimento_e_engenharia_de_produto
7800,46.4201827,41.2821822,37.9300966,23.4770651,desenvolvimento_e_engenharia_de_produto
7801,54.106671500000004,41.4619646,31.140039800000004,24.2762657,desenvolvimento_e_engenharia_de_produto
7802,52.8778501,44.0875018,31.191521599999998,21.6947833,desenvolvimento_e_engenharia_de_produto
7803,63.7518305,40.0886543,33.3711094,20.8807712,desenvolvimento_e_engenharia_de_produto
7804,69.8982468,44.571368500000005,29.587988,16.862085,desenvolvimento_e_engenharia_de_produto
7805,58.786432600000005,43.405996699999996,31.412112399999998,17.5538648,desenvolvimento_e_engenharia_de_produto
7806,56.8329612,14.703872800000001,35.3477989,5.9278179,desenvolvimento_e_engenharia_de_produto
7807,48.5390778,40.230058899999996,29.738737599999997,27.9881315,desenvolvimento_e_engenharia_de_produto
7808,65.8515837,37.1321736,30.269464600000003,24.1001381,desenvolvimento_e_engenharia_de_produto
7809,39.1125324,47.428197100000006,27.879113500000003,24.6115276,desenvolvimento_e_engenharia_de_produto
7810,43.5166024,43.9994136,36.631720699999995,20.4767929,desenvolvimento_e_engenharia_de_produto
7811,54.5446946,38.2970671,37.7615778,21.7996519,desenvolvimento_e_engenharia_de_produto
7812,64.9124032,36.4199467,27.034245600000002,18.2944237,desenvolvimento_e_engenharia_de_produto
7813,46.4201827,41.2821822,37.9300966,23.4770651,desenvolvimento_e_engenharia_de_produto
7814,54.106671500000004,41.4619646,31.140039800000004,24.2762657,desenvolvimento_e_engenharia_de_produto
7815,52.8778501,44.0875018,31.191521599999998,21.6947833,desenvolvimento_e_engenharia_de_produto
7816,63.7518305,40.0886543,33.3711094,20.8807712,desenvolvimento_e_engenharia_de_produto
7817,69.8982468,44.571368500000005,29.587988,16.862085,desenvolvimento_e_engenharia_de_produto
7818,58.786432600000005,43.405996699999996,31.412112399999998,17.5538648,desenvolvimento_e_engenharia_de_produto
7819,56.8329612,14.703872800000001,35.3477989,5.9278179,desenvolvimento_e_engenharia_de_produto
7820,48.5390778,40.230058899999996,29.738737599999997,27.9881315,desenvolvimento_e_engenharia_de_produto
7821,65.8515837,37.1321736,30.269464600000003,24.1001381,desenvolvimento_e_engenharia_de_produto
7822,39.1125324,47.428197100000006,27.879113500000003,24.6115276,desenvolvimento_e_engenharia_de_produto
7823,43.5166024,43.9994136,36.631720699999995,20.4767929,desenvolvimento_e_engenharia_de_produto
7824,54.5446946,38.2970671,37.7615778,21.7996519,desenvolvimento_e_engenharia_de_produto
7825,64.9124032,36.4199467,27.034245600000002,18.2944237,desenvolvimento_e_engenharia_de_produto
7826,46.4201827,41.2821822,37.9300966,23.4770651,desenvolvimento_e_engenharia_de_produto
7827,54.106671500000004,41.4619646,31.140039800000004,24.2762657,desenvolvimento_e_engenharia_de_produto
7828,52.8778501,44.0875018,31.191521599999998,21.6947833,desenvolvimento_e_engenharia_de_produto
7829,63.7518305,40.0886543,33.3711094,20.8807712,desenvolvimento_e_engenharia_de_produto
7830,69.8982468,44.571368500000005,29.587988,16.862085,desenvolvimento_e_engenharia_de_produto
7831,58.786432600000005,43.405996699999996,31.412112399999998,17.5538648,desenvolvimento_e_engenharia_de_produto
7832,56.8329612,14.703872800000001,35.3477989,5.9278179,desenvolvimento_e_engenharia_de_produto
7833,48.5390778,40.230058899999996,29.738737599999997,27.9881315,desenvolvimento_e_engenharia_de_produto
7834,65.8515837,37.1321736,30.269464600000003,24.1001381,desenvolvimento_e_engenharia_de_produto
7835,39.1125324,47.428197100000006,27.879113500000003,24.6115276,desenvolvimento_e_engenharia_de_produto
7836,43.5166024,43.9994136,36.631720699999995,20.4767929,desenvolvimento_e_engenharia_de_produto
7837,54.5446946,38.2970671,37.7615778,21.7996519,desenvolvimento_e_engenharia_de_produto
7838,64.9124032,36.4199467,27.034245600000002,18.2944237,desenvolvimento_e_engenharia_de_produto
7839,46.4201827,41.2821822,37.9300966,23.4770651,desenvolvimento_e_engenharia_de_produto
7840,54.106671500000004,41.4619646,31.140039800000004,24.2762657,desenvolvimento_e_engenharia_de_produto
7841,52.8778501,44.0875018,31.191521599999998,21.6947833,desenvolvimento_e_engenharia_de_produto
7842,63.7518305,40.0886543,33.3711094,20.8807712,desenvolvimento_e_engenharia_de_produto
7843,69.8982468,44.571368500000005,29.587988,16.862085,desenvolvimento_e_engenharia_de_produto
7844,58.786432600000005,43.405996699999996,31.412112399999998,17.5538648,desenvolvimento_e_engenharia_de_produto
7845,56.8329612,14.703872800000001,35.3477989,5.9278179,desenvolvimento_e_engenharia_de_produto
7846,48.5390778,40.230058899999996,29.738737599999997,27.9881315,desenvolvimento_e_engenharia_de_produto
7847,65.8515837,37.1321736,30.269464600000003,24.1001381,desenvolvimento_e_engenharia_de_produto
7848,39.1125324,47.428197100000006,27.879113500000003,24.6115276,desenvolvimento_e_engenharia_de_produto
7849,43.5166024,43.9994136,36.631720699999995,20.4767929,desenvolvimento_e_engenharia_de_produto
7850,54.5446946,38.2970671,37.7615778,21.7996519,desenvolvimento_e_engenharia_de_produto
7851,64.9124032,36.4199467,27.034245600000002,18.2944237,desenvolvimento_e_engenharia_de_produto
7852,46.4201827,41.2821822,37.9300966,23.4770651,desenvolvimento_e_engenharia_de_produto
7853,54.106671500000004,41.4619646,31.140039800000004,24.2762657,desenvolvimento_e_engenharia_de_produto
7854,52.8778501,44.0875018,31.191521599999998,21.6947833,desenvolvimento_e_engenharia_de_produto
7855,63.7518305,40.0886543,33.3711094,20.8807712,desenvolvimento_e_engenharia_de_produto
7856,69.8982468,44.571368500000005,29.587988,16.862085,desenvolvimento_e_engenharia_de_produto
7857,58.786432600000005,43.405996699999996,31.412112399999998,17.5538648,desenvolvimento_e_engenharia_de_produto
7858,56.8329612,14.703872800000001,35.3477989,5.9278179,desenvolvimento_e_engenharia_de_produto
7859,48.5390778,40.230058899999996,29.738737599999997,27.9881315,desenvolvimento_e_engenharia_de_produto
7860,65.8515837,37.1321736,30.269464600000003,24.1001381,desenvolvimento_e_engenharia_de_produto
7861,39.1125324,47.428197100000006,27.879113500000003,24.6115276,desenvolvimento_e_engenharia_de_produto
7862,43.5166024,43.9994136,36.631720699999995,20.4767929,desenvolvimento_e_engenharia_de_produto
7863,54.5446946,38.2970671,37.7615778,21.7996519,desenvolvimento_e_engenharia_de_produto
7864,64.9124032,36.4199467,27.034245600000002,18.2944237,desenvolvimento_e_engenharia_de_produto
7865,46.4201827,41.2821822,37.9300966,23.4770651,desenvolvimento_e_engenharia_de_produto
7866,54.106671500000004,41.4619646,31.140039800000004,24.2762657,desenvolvimento_e_engenharia_de_produto
7867,52.8778501,44.0875018,31.191521599999998,21.6947833,desenvolvimento_e_engenharia_de_produto
7868,63.7518305,40.0886543,33.3711094,20.8807712,desenvolvimento_e_engenharia_de_produto
7869,69.8982468,44.571368500000005,29.587988,16.862085,desenvolvimento_e_engenharia_de_produto
7870,58.786432600000005,43.405996699999996,31.412112399999998,17.5538648,desenvolvimento_e_engenharia_de_produto
7871,56.8329612,14.703872800000001,35.3477989,5.9278179,desenvolvimento_e_engenharia_de_produto
7872,48.5390778,40.230058899999996,29.738737599999997,27.9881315,desenvolvimento_e_engenharia_de_produto
7873,65.8515837,37.1321736,30.269464600000003,24.1001381,desenvolvimento_e_engenharia_de_produto
7874,39.1125324,47.428197100000006,27.879113500000003,24.6115276,desenvolvimento_e_engenharia_de_produto
7875,43.5166024,43.9994136,36.631720699999995,20.4767929,desenvolvimento_e_engenharia_de_produto
7876,54.5446946,38.2970671,37.7615778,21.7996519,desenvolvimento_e_engenharia_de_produto
7877,64.9124032,36.4199467,27.034245600000002,18.2944237,desenvolvimento_e_engenharia_de_produto
7878,46.4201827,41.2821822,37.9300966,23.4770651,desenvolvimento_e_engenharia_de_produto
7879,54.106671500000004,41.4619646,31.140039800000004,24.2762657,desenvolvimento_e_engenharia_de_produto
7880,52.8778501,44.0875018,31.191521599999998,21.6947833,desenvolvimento_e_engenharia_de_produto
7881,63.7518305,40.0886543,33.3711094,20.8807712,desenvolvimento_e_engenharia_de_produto
7882,69.8982468,44.571368500000005,29.587988,16.862085,desenvolvimento_e_engenharia_de_produto
7883,58.786432600000005,43.405996699999996,31.412112399999998,17.5538648,desenvolvimento_e_engenharia_de_produto
7884,56.8329612,14.703872800000001,35.3477989,5.9278179,desenvolvimento_e_engenharia_de_produto
7885,48.5390778,40.230058899999996,29.738737599999997,27.9881315,desenvolvimento_e_engenharia_de_produto
7886,65.8515837,37.1321736,30.269464600000003,24.1001381,desenvolvimento_e_engenharia_de_produto
7887,39.1125324,47.428197100000006,27.879113500000003,24.6115276,desenvolvimento_e_engenharia_de_produto
7888,43.5166024,43.9994136,36.631720699999995,20.4767929,desenvolvimento_e_engenharia_de_produto
7889,54.5446946,38.2970671,37.7615778,21.7996519,desenvolvimento_e_engenharia_de_produto
7890,64.9124032,36.4199467,27.034245600000002,18.2944237,desenvolvimento_e_engenharia_de_produto
7891,46.4201827,41.2821822,37.9300966,23.4770651,desenvolvimento_e_engenharia_de_produto
7892,54.106671500000004,41.4619646,31.140039800000004,24.2762657,desenvolvimento_e_engenharia_de_produto
7893,52.8778501,44.0875018,31.191521599999998,21.6947833,desenvolvimento_e_engenharia_de_produto
7894,63.7518305,40.0886543,33.3711094,20.8807712,desenvolvimento_e_engenharia_de_produto
7895,69.8982468,44.571368500000005,29.587988,16.862085,desenvolvimento_e_engenharia_de_produto
7896,58.786432600000005,43.405996699999996,31.412112399999998,17.5538648,desenvolvimento_e_engenharia_de_produto
7897,56.8329612,14.703872800000001,35.3477989,5.9278179,desenvolvimento_e_engenharia_de_produto
7898,48.5390778,40.230058899999996,29.738737599999997,27.9881315,desenvolvimento_e_engenharia_de_produto
7899,65.8515837,37.1321736,30.269464600000003,24.1001381,desenvolvimento_e_engenharia_de_produto
7900,39.1125324,47.428197100000006,27.879113500000003,24.6115276,desenvolvimento_e_engenharia_de_produto
7901,43.5166024,43.9994136,36.631720699999995,20.4767929,desenvolvimento_e_engenharia_de_produto
7902,54.5446946,38.2970671,37.7615778,21.7996519,desenvolvimento_e_engenharia_de_produto
7903,64.9124032,36.4199467,27.034245600000002,18.2944237,desenvolvimento_e_engenharia_de_produto
7904,46.4201827,41.2821822,37.9300966,23.4770651,desenvolvimento_e_engenharia_de_produto
7905,54.106671500000004,41.4619646,31.140039800000004,24.2762657,desenvolvimento_e_engenharia_de_produto
7906,52.8778501,44.0875018,31.191521599999998,21.6947833,desenvolvimento_e_engenharia_de_produto
7907,63.7518305,40.0886543,33.3711094,20.8807712,desenvolvimento_e_engenharia_de_produto
7908,69.8982468,44.571368500000005,29.587988,16.862085,desenvolvimento_e_engenharia_de_produto
7909,58.786432600000005,43.405996699999996,31.412112399999998,17.5538648,desenvolvimento_e_engenharia_de_produto
7910,56.8329612,14.703872800000001,35.3477989,5.9278179,desenvolvimento_e_engenharia_de_produto
7911,48.5390778,40.230058899999996,29.738737599999997,27.9881315,desenvolvimento_e_engenharia_de_produto
7912,65.8515837,37.1321736,30.269464600000003,24.1001381,desenvolvimento_e_engenharia_de_produto
7913,39.1125324,47.428197100000006,27.879113500000003,24.6115276,desenvolvimento_e_engenharia_de_produto
7914,43.5166024,43.9994136,36.631720699999995,20.4767929,desenvolvimento_e_engenharia_de_produto
7915,54.5446946,38.2970671,37.7615778,21.7996519,desenvolvimento_e_engenharia_de_produto
7916,64.9124032,36.4199467,27.034245600000002,18.2944237,desenvolvimento_e_engenharia_de_produto
7917,46.4201827,41.2821822,37.9300966,23.4770651,desenvolvimento_e_engenharia_de_produto
7918,54.106671500000004,41.4619646,31.140039800000004,24.2762657,desenvolvimento_e_engenharia_de_produto
7919,52.8778501,44.0875018,31.191521599999998,21.6947833,desenvolvimento_e_engenharia_de_produto
7920,63.7518305,40.0886543,33.3711094,20.8807712,desenvolvimento_e_engenharia_de_produto
7921,69.8982468,44.571368500000005,29.587988,16.862085,desenvolvimento_e_engenharia_de_produto
7922,58.786432600000005,43.405996699999996,31.412112399999998,17.5538648,desenvolvimento_e_engenharia_de_produto
7923,56.8329612,14.703872800000001,35.3477989,5.9278179,desenvolvimento_e_engenharia_de_produto
7924,48.5390778,40.230058899999996,29.738737599999997,27.9881315,desenvolvimento_e_engenharia_de_produto
7925,65.8515837,37.1321736,30.269464600000003,24.1001381,desenvolvimento_e_engenharia_de_produto
7926,39.1125324,47.428197100000006,27.879113500000003,24.6115276,desenvolvimento_e_engenharia_de_produto
7927,43.5166024,43.9994136,36.631720699999995,20.4767929,desenvolvimento_e_engenharia_de_produto
7928,54.5446946,38.2970671,37.7615778,21.7996519,desenvolvimento_e_engenharia_de_produto
7929,64.9124032,36.4199467,27.034245600000002,18.2944237,desenvolvimento_e_engenharia_de_produto
7930,46.4201827,41.2821822,37.9300966,23.4770651,desenvolvimento_e_engenharia_de_produto
7931,54.106671500000004,41.4619646,31.140039800000004,24.2762657,desenvolvimento_e_engenharia_de_produto
7932,52.8778501,44.0875018,31.191521599999998,21.6947833,desenvolvimento_e_engenharia_de_produto
7933,63.7518305,40.0886543,33.3711094,20.8807712,desenvolvimento_e_engenharia_de_produto
7934,69.8982468,44.571368500000005,29.587988,16.862085,desenvolvimento_e_engenharia_de_produto
7935,58.786432600000005,43.405996699999996,31.412112399999998,17.5538648,desenvolvimento_e_engenharia_de_produto
7936,56.8329612,14.703872800000001,35.3477989,5.9278179,desenvolvimento_e_engenharia_de_produto
7937,48.5390778,40.230058899999996,29.738737599999997,27.9881315,desenvolvimento_e_engenharia_de_produto
7938,65.8515837,37.1321736,30.269464600000003,24.1001381,desenvolvimento_e_engenharia_de_produto
7939,39.1125324,47.428197100000006,27.879113500000003,24.6115276,desenvolvimento_e_engenharia_de_produto
7940,43.5166024,43.9994136,36.631720699999995,20.4767929,desenvolvimento_e_engenharia_de_produto
7941,54.5446946,38.2970671,37.7615778,21.7996519,desenvolvimento_e_engenharia_de_produto
7942,64.9124032,36.4199467,27.034245600000002,18.2944237,desenvolvimento_e_engenharia_de_produto
7943,46.4201827,41.2821822,37.9300966,23.4770651,desenvolvimento_e_engenharia_de_produto
7944,54.106671500000004,41.4619646,31.140039800000004,24.2762657,desenvolvimento_e_engenharia_de_produto
7945,52.8778501,44.0875018,31.191521599999998,21.6947833,desenvolvimento_e_engenharia_de_produto
7946,63.7518305,40.0886543,33.3711094,20.8807712,desenvolvimento_e_engenharia_de_produto
7947,69.8982468,44.571368500000005,29.587988,16.862085,desenvolvimento_e_engenharia_de_produto
7948,58.786432600000005,43.405996699999996,31.412112399999998,17.5538648,desenvolvimento_e_engenharia_de_produto
7949,56.8329612,14.703872800000001,35.3477989,5.9278179,desenvolvimento_e_engenharia_de_produto
7950,48.5390778,40.230058899999996,29.738737599999997,27.9881315,desenvolvimento_e_engenharia_de_produto
7951,65.8515837,37.1321736,30.269464600000003,24.1001381,desenvolvimento_e_engenharia_de_produto
7952,39.1125324,47.428197100000006,27.879113500000003,24.6115276,desenvolvimento_e_engenharia_de_produto
7953,43.5166024,43.9994136,36.631720699999995,20.4767929,desenvolvimento_e_engenharia_de_produto
7954,54.5446946,38.2970671,37.7615778,21.7996519,desenvolvimento_e_engenharia_de_produto
7955,64.9124032,36.4199467,27.034245600000002,18.2944237,desenvolvimento_e_engenharia_de_produto
7956,46.4201827,41.2821822,37.9300966,23.4770651,desenvolvimento_e_engenharia_de_produto
7957,54.106671500000004,41.4619646,31.140039800000004,24.2762657,desenvolvimento_e_engenharia_de_produto
7958,52.8778501,44.0875018,31.191521599999998,21.6947833,desenvolvimento_e_engenharia_de_produto
7959,63.7518305,40.0886543,33.3711094,20.8807712,desenvolvimento_e_engenharia_de_produto
7960,69.8982468,44.571368500000005,29.587988,16.862085,desenvolvimento_e_engenharia_de_produto
7961,58.786432600000005,43.405996699999996,31.412112399999998,17.5538648,desenvolvimento_e_engenharia_de_produto
7962,56.8329612,14.703872800000001,35.3477989,5.9278179,desenvolvimento_e_engenharia_de_produto
7963,48.5390778,40.230058899999996,29.738737599999997,27.9881315,desenvolvimento_e_engenharia_de_produto
7964,65.8515837,37.1321736,30.269464600000003,24.1001381,desenvolvimento_e_engenharia_de_produto
7965,39.1125324,47.428197100000006,27.879113500000003,24.6115276,desenvolvimento_e_engenharia_de_produto
7966,43.5166024,43.9994136,36.631720699999995,20.4767929,desenvolvimento_e_engenharia_de_produto
7967,54.5446946,38.2970671,37.7615778,21.7996519,desenvolvimento_e_engenharia_de_produto
7968,64.9124032,36.4199467,27.034245600000002,18.2944237,desenvolvimento_e_engenharia_de_produto
7969,46.4201827,41.2821822,37.9300966,23.4770651,desenvolvimento_e_engenharia_de_produto
7970,54.106671500000004,41.4619646,31.140039800000004,24.2762657,desenvolvimento_e_engenharia_de_produto
7971,52.8778501,44.0875018,31.191521599999998,21.6947833,desenvolvimento_e_engenharia_de_produto
7972,63.7518305,40.0886543,33.3711094,20.8807712,desenvolvimento_e_engenharia_de_produto
7973,69.8982468,44.571368500000005,29.587988,16.862085,desenvolvimento_e_engenharia_de_produto
7974,58.786432600000005,43.405996699999996,31.412112399999998,17.5538648,desenvolvimento_e_engenharia_de_produto
7975,56.8329612,14.703872800000001,35.3477989,5.9278179,desenvolvimento_e_engenharia_de_produto
7976,48.5390778,40.230058899999996,29.738737599999997,27.9881315,desenvolvimento_e_engenharia_de_produto
7977,65.8515837,37.1321736,30.269464600000003,24.1001381,desenvolvimento_e_engenharia_de_produto
7978,39.1125324,47.428197100000006,27.879113500000003,24.6115276,desenvolvimento_e_engenharia_de_produto
7979,43.5166024,43.9994136,36.631720699999995,20.4767929,desenvolvimento_e_engenharia_de_produto
7980,54.5446946,38.2970671,37.7615778,21.7996519,desenvolvimento_e_engenharia_de_produto
7981,64.9124032,36.4199467,27.034245600000002,18.2944237,desenvolvimento_e_engenharia_de_produto
7982,46.4201827,41.2821822,37.9300966,23.4770651,desenvolvimento_e_engenharia_de_produto
7983,54.106671500000004,41.4619646,31.140039800000004,24.2762657,desenvolvimento_e_engenharia_de_produto
7984,52.8778501,44.0875018,31.191521599999998,21.6947833,desenvolvimento_e_engenharia_de_produto
7985,63.7518305,40.0886543,33.3711094,20.8807712,desenvolvimento_e_engenharia_de_produto
7986,69.8982468,44.571368500000005,29.587988,16.862085,desenvolvimento_e_engenharia_de_produto
7987,58.786432600000005,43.405996699999996,31.412112399999998,17.5538648,desenvolvimento_e_engenharia_de_produto
7988,56.8329612,14.703872800000001,35.3477989,5.9278179,desenvolvimento_e_engenharia_de_produto
7989,48.5390778,40.230058899999996,29.738737599999997,27.9881315,desenvolvimento_e_engenharia_de_produto
7990,65.8515837,37.1321736,30.269464600000003,24.1001381,desenvolvimento_e_engenharia_de_produto
7991,39.1125324,47.428197100000006,27.879113500000003,24.6115276,desenvolvimento_e_engenharia_de_produto
7992,43.5166024,43.9994136,36.631720699999995,20.4767929,desenvolvimento_e_engenharia_de_produto
7993,54.5446946,38.2970671,37.7615778,21.7996519,desenvolvimento_e_engenharia_de_produto
7994,64.9124032,36.4199467,27.034245600000002,18.2944237,desenvolvimento_e_engenharia_de_produto
7995,46.4201827,41.2821822,37.9300966,23.4770651,desenvolvimento_e_engenharia_de_produto
7996,54.106671500000004,41.4619646,31.140039800000004,24.2762657,desenvolvimento_e_engenharia_de_produto
7997,52.8778501,44.0875018,31.191521599999998,21.6947833,desenvolvimento_e_engenharia_de_produto
7998,63.7518305,40.0886543,33.3711094,20.8807712,desenvolvimento_e_engenharia_de_produto
7999,69.8982468,44.571368500000005,29.587988,16.862085,desenvolvimento_e_engenharia_de_produto
8000,58.786432600000005,43.405996699999996,31.412112399999998,17.5538648,desenvolvimento_e_engenharia_de_produto
8001,56.8329612,14.703872800000001,35.3477989,5.9278179,desenvolvimento_e_engenharia_de_produto
8002,48.5390778,40.230058899999996,29.738737599999997,27.9881315,desenvolvimento_e_engenharia_de_produto
8003,65.8515837,37.1321736,30.269464600000003,24.1001381,desenvolvimento_e_engenharia_de_produto
8004,39.1125324,47.428197100000006,27.879113500000003,24.6115276,desenvolvimento_e_engenharia_de_produto
8005,43.5166024,43.9994136,36.631720699999995,20.4767929,desenvolvimento_e_engenharia_de_produto
8006,54.5446946,38.2970671,37.7615778,21.7996519,desenvolvimento_e_engenharia_de_produto
8007,64.9124032,36.4199467,27.034245600000002,18.2944237,desenvolvimento_e_engenharia_de_produto
8008,46.4201827,41.2821822,37.9300966,23.4770651,desenvolvimento_e_engenharia_de_produto
8009,54.106671500000004,41.4619646,31.140039800000004,24.2762657,desenvolvimento_e_engenharia_de_produto
8010,52.8778501,44.0875018,31.191521599999998,21.6947833,desenvolvimento_e_engenharia_de_produto
8011,63.7518305,40.0886543,33.3711094,20.8807712,desenvolvimento_e_engenharia_de_produto
8012,69.8982468,44.571368500000005,29.587988,16.862085,desenvolvimento_e_engenharia_de_produto
8013,58.786432600000005,43.405996699999996,31.412112399999998,17.5538648,desenvolvimento_e_engenharia_de_produto
8014,56.8329612,14.703872800000001,35.3477989,5.9278179,desenvolvimento_e_engenharia_de_produto
8015,48.5390778,40.230058899999996,29.738737599999997,27.9881315,desenvolvimento_e_engenharia_de_produto
8016,65.8515837,37.1321736,30.269464600000003,24.1001381,desenvolvimento_e_engenharia_de_produto
8017,39.1125324,47.428197100000006,27.879113500000003,24.6115276,desenvolvimento_e_engenharia_de_produto
8018,43.5166024,43.9994136,36.631720699999995,20.4767929,desenvolvimento_e_engenharia_de_produto
8019,54.5446946,38.2970671,37.7615778,21.7996519,desenvolvimento_e_engenharia_de_produto
8020,64.9124032,36.4199467,27.034245600000002,18.2944237,desenvolvimento_e_engenharia_de_produto
8021,46.4201827,41.2821822,37.9300966,23.4770651,desenvolvimento_e_engenharia_de_produto
8022,54.106671500000004,41.4619646,31.140039800000004,24.2762657,desenvolvimento_e_engenharia_de_produto
8023,52.8778501,44.0875018,31.191521599999998,21.6947833,desenvolvimento_e_engenharia_de_produto
8024,63.7518305,40.0886543,33.3711094,20.8807712,desenvolvimento_e_engenharia_de_produto
8025,69.8982468,44.571368500000005,29.587988,16.862085,desenvolvimento_e_engenharia_de_produto
8026,58.786432600000005,43.405996699999996,31.412112399999998,17.5538648,desenvolvimento_e_engenharia_de_produto
8027,56.8329612,14.703872800000001,35.3477989,5.9278179,desenvolvimento_e_engenharia_de_produto
8028,48.5390778,40.230058899999996,29.738737599999997,27.9881315,desenvolvimento_e_engenharia_de_produto
8029,65.8515837,37.1321736,30.269464600000003,24.1001381,desenvolvimento_e_engenharia_de_produto
8030,39.1125324,47.428197100000006,27.879113500000003,24.6115276,desenvolvimento_e_engenharia_de_produto
8031,43.5166024,43.9994136,36.631720699999995,20.4767929,desenvolvimento_e_engenharia_de_produto
8032,54.5446946,38.2970671,37.7615778,21.7996519,desenvolvimento_e_engenharia_de_produto
8033,64.9124032,36.4199467,27.034245600000002,18.2944237,desenvolvimento_e_engenharia_de_produto
8034,46.4201827,41.2821822,37.9300966,23.4770651,desenvolvimento_e_engenharia_de_produto
8035,54.106671500000004,41.4619646,31.140039800000004,24.2762657,desenvolvimento_e_engenharia_de_produto
8036,52.8778501,44.0875018,31.191521599999998,21.6947833,desenvolvimento_e_engenharia_de_produto
8037,63.7518305,40.0886543,33.3711094,20.8807712,desenvolvimento_e_engenharia_de_produto
8038,69.8982468,44.571368500000005,29.587988,16.862085,desenvolvimento_e_engenharia_de_produto
8039,58.786432600000005,43.405996699999996,31.412112399999998,17.5538648,desenvolvimento_e_engenharia_de_produto
8040,56.8329612,14.703872800000001,35.3477989,5.9278179,desenvolvimento_e_engenharia_de_produto
8041,48.5390778,40.230058899999996,29.738737599999997,27.9881315,desenvolvimento_e_engenharia_de_produto
8042,65.8515837,37.1321736,30.269464600000003,24.1001381,desenvolvimento_e_engenharia_de_produto
8043,39.1125324,47.428197100000006,27.879113500000003,24.6115276,desenvolvimento_e_engenharia_de_produto
8044,43.5166024,43.9994136,36.631720699999995,20.4767929,desenvolvimento_e_engenharia_de_produto
8045,54.5446946,38.2970671,37.7615778,21.7996519,desenvolvimento_e_engenharia_de_produto
8046,64.9124032,36.4199467,27.034245600000002,18.2944237,desenvolvimento_e_engenharia_de_produto
8047,46.4201827,41.2821822,37.9300966,23.4770651,desenvolvimento_e_engenharia_de_produto
8048,54.106671500000004,41.4619646,31.140039800000004,24.2762657,desenvolvimento_e_engenharia_de_produto
8049,52.8778501,44.0875018,31.191521599999998,21.6947833,desenvolvimento_e_engenharia_de_produto
8050,63.7518305,40.0886543,33.3711094,20.8807712,desenvolvimento_e_engenharia_de_produto
8051,69.8982468,44.571368500000005,29.587988,16.862085,desenvolvimento_e_engenharia_de_produto
8052,58.786432600000005,43.405996699999996,31.412112399999998,17.5538648,desenvolvimento_e_engenharia_de_produto
8053,56.8329612,14.703872800000001,35.3477989,5.9278179,desenvolvimento_e_engenharia_de_produto
8054,48.5390778,40.230058899999996,29.738737599999997,27.9881315,desenvolvimento_e_engenharia_de_produto
8055,65.8515837,37.1321736,30.269464600000003,24.1001381,desenvolvimento_e_engenharia_de_produto
8056,39.1125324,47.428197100000006,27.879113500000003,24.6115276,desenvolvimento_e_engenharia_de_produto
8057,43.5166024,43.9994136,36.631720699999995,20.4767929,desenvolvimento_e_engenharia_de_produto
8058,54.5446946,38.2970671,37.7615778,21.7996519,desenvolvimento_e_engenharia_de_produto
8059,64.9124032,36.4199467,27.034245600000002,18.2944237,desenvolvimento_e_engenharia_de_produto
8060,46.4201827,41.2821822,37.9300966,23.4770651,desenvolvimento_e_engenharia_de_produto
8061,54.106671500000004,41.4619646,31.140039800000004,24.2762657,desenvolvimento_e_engenharia_de_produto
8062,52.8778501,44.0875018,31.191521599999998,21.6947833,desenvolvimento_e_engenharia_de_produto
8063,63.7518305,40.0886543,33.3711094,20.8807712,desenvolvimento_e_engenharia_de_produto
8064,69.8982468,44.571368500000005,29.587988,16.862085,desenvolvimento_e_engenharia_de_produto
8065,58.786432600000005,43.405996699999996,31.412112399999998,17.5538648,desenvolvimento_e_engenharia_de_produto
8066,56.8329612,14.703872800000001,35.3477989,5.9278179,desenvolvimento_e_engenharia_de_produto
8067,48.5390778,40.230058899999996,29.738737599999997,27.9881315,desenvolvimento_e_engenharia_de_produto
8068,65.8515837,37.1321736,30.269464600000003,24.1001381,desenvolvimento_e_engenharia_de_produto
8069,39.1125324,47.428197100000006,27.879113500000003,24.6115276,desenvolvimento_e_engenharia_de_produto
8070,43.5166024,43.9994136,36.631720699999995,20.4767929,desenvolvimento_e_engenharia_de_produto
8071,54.5446946,38.2970671,37.7615778,21.7996519,desenvolvimento_e_engenharia_de_produto
8072,64.9124032,36.4199467,27.034245600000002,18.2944237,desenvolvimento_e_engenharia_de_produto
8073,46.4201827,41.2821822,37.9300966,23.4770651,desenvolvimento_e_engenharia_de_produto
8074,54.106671500000004,41.4619646,31.140039800000004,24.2762657,desenvolvimento_e_engenharia_de_produto
8075,52.8778501,44.0875018,31.191521599999998,21.6947833,desenvolvimento_e_engenharia_de_produto
8076,63.7518305,40.0886543,33.3711094,20.8807712,desenvolvimento_e_engenharia_de_produto
8077,69.8982468,44.571368500000005,29.587988,16.862085,desenvolvimento_e_engenharia_de_produto
8078,58.786432600000005,43.405996699999996,31.412112399999998,17.5538648,desenvolvimento_e_engenharia_de_produto
8079,56.8329612,14.703872800000001,35.3477989,5.9278179,desenvolvimento_e_engenharia_de_produto
8080,48.5390778,40.230058899999996,29.738737599999997,27.9881315,desenvolvimento_e_engenharia_de_produto
8081,65.8515837,37.1321736,30.269464600000003,24.1001381,desenvolvimento_e_engenharia_de_produto
8082,39.1125324,47.428197100000006,27.879113500000003,24.6115276,desenvolvimento_e_engenharia_de_produto
8083,43.5166024,43.9994136,36.631720699999995,20.4767929,desenvolvimento_e_engenharia_de_produto
8084,54.5446946,38.2970671,37.7615778,21.7996519,desenvolvimento_e_engenharia_de_produto
8085,64.9124032,36.4199467,27.034245600000002,18.2944237,desenvolvimento_e_engenharia_de_produto
8086,46.4201827,41.2821822,37.9300966,23.4770651,desenvolvimento_e_engenharia_de_produto
8087,54.106671500000004,41.4619646,31.140039800000004,24.2762657,desenvolvimento_e_engenharia_de_produto
8088,52.8778501,44.0875018,31.191521599999998,21.6947833,desenvolvimento_e_engenharia_de_produto
8089,63.7518305,40.0886543,33.3711094,20.8807712,desenvolvimento_e_engenharia_de_produto
8090,69.8982468,44.571368500000005,29.587988,16.862085,desenvolvimento_e_engenharia_de_produto
8091,58.786432600000005,43.405996699999996,31.412112399999998,17.5538648,desenvolvimento_e_engenharia_de_produto
8092,56.8329612,14.703872800000001,35.3477989,5.9278179,desenvolvimento_e_engenharia_de_produto
8093,48.5390778,40.230058899999996,29.738737599999997,27.9881315,desenvolvimento_e_engenharia_de_produto
8094,65.8515837,37.1321736,30.269464600000003,24.1001381,desenvolvimento_e_engenharia_de_produto
8095,39.1125324,47.428197100000006,27.879113500000003,24.6115276,desenvolvimento_e_engenharia_de_produto
8096,43.5166024,43.9994136,36.631720699999995,20.4767929,desenvolvimento_e_engenharia_de_produto
8097,54.5446946,38.2970671,37.7615778,21.7996519,desenvolvimento_e_engenharia_de_produto
8098,64.9124032,36.4199467,27.034245600000002,18.2944237,desenvolvimento_e_engenharia_de_produto
8099,46.4201827,41.2821822,37.9300966,23.4770651,desenvolvimento_e_engenharia_de_produto
8100,65.2039238,27.037769400000002,23.2235988,20.1111766,negocios_gestao_e_suporte
8101,70.4615441,38.6452586,23.9419987,25.972640400000003,negocios_gestao_e_suporte
8102,76.88796500000001,40.380683499999996,27.2657386,23.1962264,negocios_gestao_e_suporte
8103,88.9522345,33.3300064,26.322306,22.7130801,negocios_gestao_e_suporte
8104,60.3400505,24.8603617,29.7421833,23.6439107,negocios_gestao_e_suporte
8105,61.7598342,33.4669707,27.832890300000003,19.9026142,negocios_gestao_e_suporte
8106,52.658823399999996,40.896307199999995,30.096297500000002,22.289891400000002,negocios_gestao_e_suporte
8107,65.369619,35.2432965,31.7160207,28.807341800000003,negocios_gestao_e_suporte
8108,65.2039238,27.037769400000002,23.2235988,20.1111766,negocios_gestao_e_suporte
8109,70.4615441,38.6452586,23.9419987,25.972640400000003,negocios_gestao_e_suporte
8110,76.88796500000001,40.380683499999996,27.2657386,23.1962264,negocios_gestao_e_suporte
8111,88.9522345,33.3300064,26.322306,22.7130801,negocios_gestao_e_suporte
8112,60.3400505,24.8603617,29.7421833,23.6439107,negocios_gestao_e_suporte
8113,61.7598342,33.4669707,27.832890300000003,19.9026142,negocios_gestao_e_suporte
8114,52.658823399999996,40.896307199999995,30.096297500000002,22.289891400000002,negocios_gestao_e_suporte
8115,65.369619,35.2432965,31.7160207,28.807341800000003,negocios_gestao_e_suporte
8116,65.2039238,27.037769400000002,23.2235988,20.1111766,negocios_gestao_e_suporte
8117,70.4615441,38.6452586,23.9419987,25.972640400000003,negocios_gestao_e_suporte
8118,76.88796500000001,40.380683499999996,27.2657386,23.1962264,negocios_gestao_e_suporte
8119,88.9522345,33.3300064,26.322306,22.7130801,negocios_gestao_e_suporte
8120,60.3400505,24.8603617,29.7421833,23.6439107,negocios_gestao_e_suporte
8121,61.7598342,33.4669707,27.832890300000003,19.9026142,negocios_gestao_e_suporte
8122,52.658823399999996,40.896307199999995,30.096297500000002,22.289891400000002,negocios_gestao_e_suporte
8123,65.369619,35.2432965,31.7160207,28.807341800000003,negocios_gestao_e_suporte
8124,65.2039238,27.037769400000002,23.2235988,20.1111766,negocios_gestao_e_suporte
8125,70.4615441,38.6452586,23.9419987,25.972640400000003,negocios_gestao_e_suporte
8126,76.88796500000001,40.380683499999996,27.2657386,23.1962264,negocios_gestao_e_suporte
8127,88.9522345,33.3300064,26.322306,22.7130801,negocios_gestao_e_suporte
8128,60.3400505,24.8603617,29.7421833,23.6439107,negocios_gestao_e_suporte
8129,61.7598342,33.4669707,27.832890300000003,19.9026142,negocios_gestao_e_suporte
8130,52.658823399999996,40.896307199999995,30.096297500000002,22.289891400000002,negocios_gestao_e_suporte
8131,65.369619,35.2432965,31.7160207,28.807341800000003,negocios_gestao_e_suporte
8132,65.2039238,27.037769400000002,23.2235988,20.1111766,negocios_gestao_e_suporte
8133,70.4615441,38.6452586,23.9419987,25.972640400000003,negocios_gestao_e_suporte
8134,76.88796500000001,40.380683499999996,27.2657386,23.1962264,negocios_gestao_e_suporte
8135,88.9522345,33.3300064,26.322306,22.7130801,negocios_gestao_e_suporte
8136,60.3400505,24.8603617,29.7421833,23.6439107,negocios_gestao_e_suporte
8137,61.7598342,33.4669707,27.832890300000003,19.9026142,negocios_gestao_e_suporte
8138,52.658823399999996,40.896307199999995,30.096297500000002,22.289891400000002,negocios_gestao_e_suporte
8139,65.369619,35.2432965,31.7160207,28.807341800000003,negocios_gestao_e_suporte
8140,65.2039238,27.037769400000002,23.2235988,20.1111766,negocios_gestao_e_suporte
8141,70.4615441,38.6452586,23.9419987,25.972640400000003,negocios_gestao_e_suporte
8142,76.88796500000001,40.380683499999996,27.2657386,23.1962264,negocios_gestao_e_suporte
8143,88.9522345,33.3300064,26.322306,22.7130801,negocios_gestao_e_suporte
8144,60.3400505,24.8603617,29.7421833,23.6439107,negocios_gestao_e_suporte
8145,61.7598342,33.4669707,27.832890300000003,19.9026142,negocios_gestao_e_suporte
8146,52.658823399999996,40.896307199999995,30.096297500000002,22.289891400000002,negocios_gestao_e_suporte
8147,65.369619,35.2432965,31.7160207,28.807341800000003,negocios_gestao_e_suporte
8148,65.2039238,27.037769400000002,23.2235988,20.1111766,negocios_gestao_e_suporte
8149,70.4615441,38.6452586,23.9419987,25.972640400000003,negocios_gestao_e_suporte
8150,76.88796500000001,40.380683499999996,27.2657386,23.1962264,negocios_gestao_e_suporte
8151,88.9522345,33.3300064,26.322306,22.7130801,negocios_gestao_e_suporte
8152,60.3400505,24.8603617,29.7421833,23.6439107,negocios_gestao_e_suporte
8153,61.7598342,33.4669707,27.832890300000003,19.9026142,negocios_gestao_e_suporte
8154,52.658823399999996,40.896307199999995,30.096297500000002,22.289891400000002,negocios_gestao_e_suporte
8155,65.369619,35.2432965,31.7160207,28.807341800000003,negocios_gestao_e_suporte
8156,65.2039238,27.037769400000002,23.2235988,20.1111766,negocios_gestao_e_suporte
8157,70.4615441,38.6452586,23.9419987,25.972640400000003,negocios_gestao_e_suporte
8158,76.88796500000001,40.380683499999996,27.2657386,23.1962264,negocios_gestao_e_suporte
8159,88.9522345,33.3300064,26.322306,22.7130801,negocios_gestao_e_suporte
8160,60.3400505,24.8603617,29.7421833,23.6439107,negocios_gestao_e_suporte
8161,61.7598342,33.4669707,27.832890300000003,19.9026142,negocios_gestao_e_suporte
8162,52.658823399999996,40.896307199999995,30.096297500000002,22.289891400000002,negocios_gestao_e_suporte
8163,65.369619,35.2432965,31.7160207,28.807341800000003,negocios_gestao_e_suporte
8164,65.2039238,27.037769400000002,23.2235988,20.1111766,negocios_gestao_e_suporte
8165,70.4615441,38.6452586,23.9419987,25.972640400000003,negocios_gestao_e_suporte
8166,76.88796500000001,40.380683499999996,27.2657386,23.1962264,negocios_gestao_e_suporte
8167,88.9522345,33.3300064,26.322306,22.7130801,negocios_gestao_e_suporte
8168,60.3400505,24.8603617,29.7421833,23.6439107,negocios_gestao_e_suporte
8169,61.7598342,33.4669707,27.832890300000003,19.9026142,negocios_gestao_e_suporte
8170,52.658823399999996,40.896307199999995,30.096297500000002,22.289891400000002,negocios_gestao_e_suporte
8171,65.369619,35.2432965,31.7160207,28.807341800000003,negocios_gestao_e_suporte
8172,65.2039238,27.037769400000002,23.2235988,20.1111766,negocios_gestao_e_suporte
8173,70.4615441,38.6452586,23.9419987,25.972640400000003,negocios_gestao_e_suporte
8174,76.88796500000001,40.380683499999996,27.2657386,23.1962264,negocios_gestao_e_suporte
8175,88.9522345,33.3300064,26.322306,22.7130801,negocios_gestao_e_suporte
8176,60.3400505,24.8603617,29.7421833,23.6439107,negocios_gestao_e_suporte
8177,61.7598342,33.4669707,27.832890300000003,19.9026142,negocios_gestao_e_suporte
8178,52.658823399999996,40.896307199999995,30.096297500000002,22.289891400000002,negocios_gestao_e_suporte
8179,65.369619,35.2432965,31.7160207,28.807341800000003,negocios_gestao_e_suporte
8180,65.2039238,27.037769400000002,23.2235988,20.1111766,negocios_gestao_e_suporte
8181,70.4615441,38.6452586,23.9419987,25.972640400000003,negocios_gestao_e_suporte
8182,76.88796500000001,40.380683499999996,27.2657386,23.1962264,negocios_gestao_e_suporte
8183,88.9522345,33.3300064,26.322306,22.7130801,negocios_gestao_e_suporte
8184,60.3400505,24.8603617,29.7421833,23.6439107,negocios_gestao_e_suporte
8185,61.7598342,33.4669707,27.832890300000003,19.9026142,negocios_gestao_e_suporte
8186,52.658823399999996,40.896307199999995,30.096297500000002,22.289891400000002,negocios_gestao_e_suporte
8187,65.369619,35.2432965,31.7160207,28.807341800000003,negocios_gestao_e_suporte
8188,65.2039238,27.037769400000002,23.2235988,20.1111766,negocios_gestao_e_suporte
8189,70.4615441,38.6452586,23.9419987,25.972640400000003,negocios_gestao_e_suporte
8190,76.88796500000001,40.380683499999996,27.2657386,23.1962264,negocios_gestao_e_suporte
8191,88.9522345,33.3300064,26.322306,22.7130801,negocios_gestao_e_suporte
8192,60.3400505,24.8603617,29.7421833,23.6439107,negocios_gestao_e_suporte
8193,61.7598342,33.4669707,27.832890300000003,19.9026142,negocios_gestao_e_suporte
8194,52.658823399999996,40.896307199999995,30.096297500000002,22.289891400000002,negocios_gestao_e_suporte
8195,65.369619,35.2432965,31.7160207,28.807341800000003,negocios_gestao_e_suporte
8196,65.2039238,27.037769400000002,23.2235988,20.1111766,negocios_gestao_e_suporte
8197,70.4615441,38.6452586,23.9419987,25.972640400000003,negocios_gestao_e_suporte
8198,76.88796500000001,40.380683499999996,27.2657386,23.1962264,negocios_gestao_e_suporte
8199,88.9522345,33.3300064,26.322306,22.7130801,negocios_gestao_e_suporte
8200,60.3400505,24.8603617,29.7421833,23.6439107,negocios_gestao_e_suporte
8201,61.7598342,33.4669707,27.832890300000003,19.9026142,negocios_gestao_e_suporte
8202,52.658823399999996,40.896307199999995,30.096297500000002,22.289891400000002,negocios_gestao_e_suporte
8203,65.369619,35.2432965,31.7160207,28.807341800000003,negocios_gestao_e_suporte
8204,65.2039238,27.037769400000002,23.2235988,20.1111766,negocios_gestao_e_suporte
8205,70.4615441,38.6452586,23.9419987,25.972640400000003,negocios_gestao_e_suporte
8206,76.88796500000001,40.380683499999996,27.2657386,23.1962264,negocios_gestao_e_suporte
8207,88.9522345,33.3300064,26.322306,22.7130801,negocios_gestao_e_suporte
8208,60.3400505,24.8603617,29.7421833,23.6439107,negocios_gestao_e_suporte
8209,61.7598342,33.4669707,27.832890300000003,19.9026142,negocios_gestao_e_suporte
8210,52.658823399999996,40.896307199999995,30.096297500000002,22.289891400000002,negocios_gestao_e_suporte
8211,65.369619,35.2432965,31.7160207,28.807341800000003,negocios_gestao_e_suporte
8212,65.2039238,27.037769400000002,23.2235988,20.1111766,negocios_gestao_e_suporte
8213,70.4615441,38.6452586,23.9419987,25.972640400000003,negocios_gestao_e_suporte
8214,76.88796500000001,40.380683499999996,27.2657386,23.1962264,negocios_gestao_e_suporte
8215,88.9522345,33.3300064,26.322306,22.7130801,negocios_gestao_e_suporte
8216,60.3400505,24.8603617,29.7421833,23.6439107,negocios_gestao_e_suporte
8217,61.7598342,33.4669707,27.832890300000003,19.9026142,negocios_gestao_e_suporte
8218,52.658823399999996,40.896307199999995,30.096297500000002,22.289891400000002,negocios_gestao_e_suporte
8219,65.369619,35.2432965,31.7160207,28.807341800000003,negocios_gestao_e_suporte
8220,65.2039238,27.037769400000002,23.2235988,20.1111766,negocios_gestao_e_suporte
8221,70.4615441,38.6452586,23.9419987,25.972640400000003,negocios_gestao_e_suporte
8222,76.88796500000001,40.380683499999996,27.2657386,23.1962264,negocios_gestao_e_suporte
8223,88.9522345,33.3300064,26.322306,22.7130801,negocios_gestao_e_suporte
8224,60.3400505,24.8603617,29.7421833,23.6439107,negocios_gestao_e_suporte
8225,61.7598342,33.4669707,27.832890300000003,19.9026142,negocios_gestao_e_suporte
8226,52.658823399999996,40.896307199999995,30.096297500000002,22.289891400000002,negocios_gestao_e_suporte
8227,65.369619,35.2432965,31.7160207,28.807341800000003,negocios_gestao_e_suporte
8228,65.2039238,27.037769400000002,23.2235988,20.1111766,negocios_gestao_e_suporte
8229,70.4615441,38.6452586,23.9419987,25.972640400000003,negocios_gestao_e_suporte
8230,76.88796500000001,40.380683499999996,27.2657386,23.1962264,negocios_gestao_e_suporte
8231,88.9522345,33.3300064,26.322306,22.7130801,negocios_gestao_e_suporte
8232,60.3400505,24.8603617,29.7421833,23.6439107,negocios_gestao_e_suporte
8233,61.7598342,33.4669707,27.832890300000003,19.9026142,negocios_gestao_e_suporte
8234,52.658823399999996,40.896307199999995,30.096297500000002,22.289891400000002,negocios_gestao_e_suporte
8235,65.369619,35.2432965,31.7160207,28.807341800000003,negocios_gestao_e_suporte
8236,65.2039238,27.037769400000002,23.2235988,20.1111766,negocios_gestao_e_suporte
8237,70.4615441,38.6452586,23.9419987,25.972640400000003,negocios_gestao_e_suporte
8238,76.88796500000001,40.380683499999996,27.2657386,23.1962264,negocios_gestao_e_suporte
8239,88.9522345,33.3300064,26.322306,22.7130801,negocios_gestao_e_suporte
8240,60.3400505,24.8603617,29.7421833,23.6439107,negocios_gestao_e_suporte
8241,61.7598342,33.4669707,27.832890300000003,19.9026142,negocios_gestao_e_suporte
8242,52.658823399999996,40.896307199999995,30.096297500000002,22.289891400000002,negocios_gestao_e_suporte
8243,65.369619,35.2432965,31.7160207,28.807341800000003,negocios_gestao_e_suporte
8244,65.2039238,27.037769400000002,23.2235988,20.1111766,negocios_gestao_e_suporte
8245,70.4615441,38.6452586,23.9419987,25.972640400000003,negocios_gestao_e_suporte
8246,76.88796500000001,40.380683499999996,27.2657386,23.1962264,negocios_gestao_e_suporte
8247,88.9522345,33.3300064,26.322306,22.7130801,negocios_gestao_e_suporte
8248,60.3400505,24.8603617,29.7421833,23.6439107,negocios_gestao_e_suporte
8249,61.7598342,33.4669707,27.832890300000003,19.9026142,negocios_gestao_e_suporte
8250,52.658823399999996,40.896307199999995,30.096297500000002,22.289891400000002,negocios_gestao_e_suporte
8251,65.369619,35.2432965,31.7160207,28.807341800000003,negocios_gestao_e_suporte
8252,65.2039238,27.037769400000002,23.2235988,20.1111766,negocios_gestao_e_suporte
8253,70.4615441,38.6452586,23.9419987,25.972640400000003,negocios_gestao_e_suporte
8254,76.88796500000001,40.380683499999996,27.2657386,23.1962264,negocios_gestao_e_suporte
8255,88.9522345,33.3300064,26.322306,22.7130801,negocios_gestao_e_suporte
8256,60.3400505,24.8603617,29.7421833,23.6439107,negocios_gestao_e_suporte
8257,61.7598342,33.4669707,27.832890300000003,19.9026142,negocios_gestao_e_suporte
8258,52.658823399999996,40.896307199999995,30.096297500000002,22.289891400000002,negocios_gestao_e_suporte
8259,65.369619,35.2432965,31.7160207,28.807341800000003,negocios_gestao_e_suporte
8260,65.2039238,27.037769400000002,23.2235988,20.1111766,negocios_gestao_e_suporte
8261,70.4615441,38.6452586,23.9419987,25.972640400000003,negocios_gestao_e_suporte
8262,76.88796500000001,40.380683499999996,27.2657386,23.1962264,negocios_gestao_e_suporte
8263,88.9522345,33.3300064,26.322306,22.7130801,negocios_gestao_e_suporte
8264,60.3400505,24.8603617,29.7421833,23.6439107,negocios_gestao_e_suporte
8265,61.7598342,33.4669707,27.832890300000003,19.9026142,negocios_gestao_e_suporte
8266,52.658823399999996,40.896307199999995,30.096297500000002,22.289891400000002,negocios_gestao_e_suporte
8267,65.369619,35.2432965,31.7160207,28.807341800000003,negocios_gestao_e_suporte
8268,65.2039238,27.037769400000002,23.2235988,20.1111766,negocios_gestao_e_suporte
8269,70.4615441,38.6452586,23.9419987,25.972640400000003,negocios_gestao_e_suporte
8270,76.88796500000001,40.380683499999996,27.2657386,23.1962264,negocios_gestao_e_suporte
8271,88.9522345,33.3300064,26.322306,22.7130801,negocios_gestao_e_suporte
8272,60.3400505,24.8603617,29.7421833,23.6439107,negocios_gestao_e_suporte
8273,61.7598342,33.4669707,27.832890300000003,19.9026142,negocios_gestao_e_suporte
8274,52.658823399999996,40.896307199999995,30.096297500000002,22.289891400000002,negocios_gestao_e_suporte
8275,65.369619,35.2432965,31.7160207,28.807341800000003,negocios_gestao_e_suporte
8276,65.2039238,27.037769400000002,23.2235988,20.1111766,negocios_gestao_e_suporte
8277,70.4615441,38.6452586,23.9419987,25.972640400000003,negocios_gestao_e_suporte
8278,76.88796500000001,40.380683499999996,27.2657386,23.1962264,negocios_gestao_e_suporte
8279,88.9522345,33.3300064,26.322306,22.7130801,negocios_gestao_e_suporte
8280,60.3400505,24.8603617,29.7421833,23.6439107,negocios_gestao_e_suporte
8281,61.7598342,33.4669707,27.832890300000003,19.9026142,negocios_gestao_e_suporte
8282,52.658823399999996,40.896307199999995,30.096297500000002,22.289891400000002,negocios_gestao_e_suporte
8283,65.369619,35.2432965,31.7160207,28.807341800000003,negocios_gestao_e_suporte
8284,65.2039238,27.037769400000002,23.2235988,20.1111766,negocios_gestao_e_suporte
8285,70.4615441,38.6452586,23.9419987,25.972640400000003,negocios_gestao_e_suporte
8286,76.88796500000001,40.380683499999996,27.2657386,23.1962264,negocios_gestao_e_suporte
8287,88.9522345,33.3300064,26.322306,22.7130801,negocios_gestao_e_suporte
8288,60.3400505,24.8603617,29.7421833,23.6439107,negocios_gestao_e_suporte
8289,61.7598342,33.4669707,27.832890300000003,19.9026142,negocios_gestao_e_suporte
8290,52.658823399999996,40.896307199999995,30.096297500000002,22.289891400000002,negocios_gestao_e_suporte
8291,65.369619,35.2432965,31.7160207,28.807341800000003,negocios_gestao_e_suporte
8292,65.2039238,27.037769400000002,23.2235988,20.1111766,negocios_gestao_e_suporte
8293,70.4615441,38.6452586,23.9419987,25.972640400000003,negocios_gestao_e_suporte
8294,76.88796500000001,40.380683499999996,27.2657386,23.1962264,negocios_gestao_e_suporte
8295,88.9522345,33.3300064,26.322306,22.7130801,negocios_gestao_e_suporte
8296,60.3400505,24.8603617,29.7421833,23.6439107,negocios_gestao_e_suporte
8297,61.7598342,33.4669707,27.832890300000003,19.9026142,negocios_gestao_e_suporte
8298,52.658823399999996,40.896307199999995,30.096297500000002,22.289891400000002,negocios_gestao_e_suporte
8299,65.369619,35.2432965,31.7160207,28.807341800000003,negocios_gestao_e_suporte
8300,65.2039238,27.037769400000002,23.2235988,20.1111766,negocios_gestao_e_suporte
8301,70.4615441,38.6452586,23.9419987,25.972640400000003,negocios_gestao_e_suporte
8302,76.88796500000001,40.380683499999996,27.2657386,23.1962264,negocios_gestao_e_suporte
8303,88.9522345,33.3300064,26.322306,22.7130801,negocios_gestao_e_suporte
8304,60.3400505,24.8603617,29.7421833,23.6439107,negocios_gestao_e_suporte
8305,61.7598342,33.4669707,27.832890300000003,19.9026142,negocios_gestao_e_suporte
8306,52.658823399999996,40.896307199999995,30.096297500000002,22.289891400000002,negocios_gestao_e_suporte
8307,65.369619,35.2432965,31.7160207,28.807341800000003,negocios_gestao_e_suporte
8308,65.2039238,27.037769400000002,23.2235988,20.1111766,negocios_gestao_e_suporte
8309,70.4615441,38.6452586,23.9419987,25.972640400000003,negocios_gestao_e_suporte
8310,76.88796500000001,40.380683499999996,27.2657386,23.1962264,negocios_gestao_e_suporte
8311,88.9522345,33.3300064,26.322306,22.7130801,negocios_gestao_e_suporte
8312,60.3400505,24.8603617,29.7421833,23.6439107,negocios_gestao_e_suporte
8313,61.7598342,33.4669707,27.832890300000003,19.9026142,negocios_gestao_e_suporte
8314,52.658823399999996,40.896307199999995,30.096297500000002,22.289891400000002,negocios_gestao_e_suporte
8315,65.369619,35.2432965,31.7160207,28.807341800000003,negocios_gestao_e_suporte
8316,65.2039238,27.037769400000002,23.2235988,20.1111766,negocios_gestao_e_suporte
8317,70.4615441,38.6452586,23.9419987,25.972640400000003,negocios_gestao_e_suporte
8318,76.88796500000001,40.380683499999996,27.2657386,23.1962264,negocios_gestao_e_suporte
8319,88.9522345,33.3300064,26.322306,22.7130801,negocios_gestao_e_suporte
8320,60.3400505,24.8603617,29.7421833,23.6439107,negocios_gestao_e_suporte
8321,61.7598342,33.4669707,27.832890300000003,19.9026142,negocios_gestao_e_suporte
8322,52.658823399999996,40.896307199999995,30.096297500000002,22.289891400000002,negocios_gestao_e_suporte
8323,65.369619,35.2432965,31.7160207,28.807341800000003,negocios_gestao_e_suporte
8324,65.2039238,27.037769400000002,23.2235988,20.1111766,negocios_gestao_e_suporte
8325,70.4615441,38.6452586,23.9419987,25.972640400000003,negocios_gestao_e_suporte
8326,76.88796500000001,40.380683499999996,27.2657386,23.1962264,negocios_gestao_e_suporte
8327,88.9522345,33.3300064,26.322306,22.7130801,negocios_gestao_e_suporte
8328,60.3400505,24.8603617,29.7421833,23.6439107,negocios_gestao_e_suporte
8329,61.7598342,33.4669707,27.832890300000003,19.9026142,negocios_gestao_e_suporte
8330,52.658823399999996,40.896307199999995,30.096297500000002,22.289891400000002,negocios_gestao_e_suporte
8331,65.369619,35.2432965,31.7160207,28.807341800000003,negocios_gestao_e_suporte
8332,65.2039238,27.037769400000002,23.2235988,20.1111766,negocios_gestao_e_suporte
8333,70.4615441,38.6452586,23.9419987,25.972640400000003,negocios_gestao_e_suporte
8334,76.88796500000001,40.380683499999996,27.2657386,23.1962264,negocios_gestao_e_suporte
8335,88.9522345,33.3300064,26.322306,22.7130801,negocios_gestao_e_suporte
8336,60.3400505,24.8603617,29.7421833,23.6439107,negocios_gestao_e_suporte
8337,61.7598342,33.4669707,27.832890300000003,19.9026142,negocios_gestao_e_suporte
8338,52.658823399999996,40.896307199999995,30.096297500000002,22.289891400000002,negocios_gestao_e_suporte
8339,65.369619,35.2432965,31.7160207,28.807341800000003,negocios_gestao_e_suporte
8340,65.2039238,27.037769400000002,23.2235988,20.1111766,negocios_gestao_e_suporte
8341,70.4615441,38.6452586,23.9419987,25.972640400000003,negocios_gestao_e_suporte
8342,76.88796500000001,40.380683499999996,27.2657386,23.1962264,negocios_gestao_e_suporte
8343,88.9522345,33.3300064,26.322306,22.7130801,negocios_gestao_e_suporte
8344,60.3400505,24.8603617,29.7421833,23.6439107,negocios_gestao_e_suporte
8345,61.7598342,33.4669707,27.832890300000003,19.9026142,negocios_gestao_e_suporte
8346,52.658823399999996,40.896307199999995,30.096297500000002,22.289891400000002,negocios_gestao_e_suporte
8347,65.369619,35.2432965,31.7160207,28.807341800000003,negocios_gestao_e_suporte
8348,65.2039238,27.037769400000002,23.2235988,20.1111766,negocios_gestao_e_suporte
8349,70.4615441,38.6452586,23.9419987,25.972640400000003,negocios_gestao_e_suporte
8350,76.88796500000001,40.380683499999996,27.2657386,23.1962264,negocios_gestao_e_suporte
8351,88.9522345,33.3300064,26.322306,22.7130801,negocios_gestao_e_suporte
8352,60.3400505,24.8603617,29.7421833,23.6439107,negocios_gestao_e_suporte
8353,61.7598342,33.4669707,27.832890300000003,19.9026142,negocios_gestao_e_suporte
8354,52.658823399999996,40.896307199999995,30.096297500000002,22.289891400000002,negocios_gestao_e_suporte
8355,65.369619,35.2432965,31.7160207,28.807341800000003,negocios_gestao_e_suporte
8356,65.2039238,27.037769400000002,23.2235988,20.1111766,negocios_gestao_e_suporte
8357,70.4615441,38.6452586,23.9419987,25.972640400000003,negocios_gestao_e_suporte
8358,76.88796500000001,40.380683499999996,27.2657386,23.1962264,negocios_gestao_e_suporte
8359,88.9522345,33.3300064,26.322306,22.7130801,negocios_gestao_e_suporte
8360,60.3400505,24.8603617,29.7421833,23.6439107,negocios_gestao_e_suporte
8361,61.7598342,33.4669707,27.832890300000003,19.9026142,negocios_gestao_e_suporte
8362,52.658823399999996,40.896307199999995,30.096297500000002,22.289891400000002,negocios_gestao_e_suporte
8363,65.369619,35.2432965,31.7160207,28.807341800000003,negocios_gestao_e_suporte
8364,65.2039238,27.037769400000002,23.2235988,20.1111766,negocios_gestao_e_suporte
8365,70.4615441,38.6452586,23.9419987,25.972640400000003,negocios_gestao_e_suporte
8366,76.88796500000001,40.380683499999996,27.2657386,23.1962264,negocios_gestao_e_suporte
8367,88.9522345,33.3300064,26.322306,22.7130801,negocios_gestao_e_suporte
8368,60.3400505,24.8603617,29.7421833,23.6439107,negocios_gestao_e_suporte
8369,61.7598342,33.4669707,27.832890300000003,19.9026142,negocios_gestao_e_suporte
8370,52.658823399999996,40.896307199999995,30.096297500000002,22.289891400000002,negocios_gestao_e_suporte
8371,65.369619,35.2432965,31.7160207,28.807341800000003,negocios_gestao_e_suporte
8372,65.2039238,27.037769400000002,23.2235988,20.1111766,negocios_gestao_e_suporte
8373,70.4615441,38.6452586,23.9419987,25.972640400000003,negocios_gestao_e_suporte
8374,76.88796500000001,40.380683499999996,27.2657386,23.1962264,negocios_gestao_e_suporte
8375,88.9522345,33.3300064,26.322306,22.7130801,negocios_gestao_e_suporte
8376,60.3400505,24.8603617,29.7421833,23.6439107,negocios_gestao_e_suporte
8377,61.7598342,33.4669707,27.832890300000003,19.9026142,negocios_gestao_e_suporte
8378,52.658823399999996,40.896307199999995,30.096297500000002,22.289891400000002,negocios_gestao_e_suporte
8379,65.369619,35.2432965,31.7160207,28.807341800000003,negocios_gestao_e_suporte
8380,65.2039238,27.037769400000002,23.2235988,20.1111766,negocios_gestao_e_suporte
8381,70.4615441,38.6452586,23.9419987,25.972640400000003,negocios_gestao_e_suporte
8382,76.88796500000001,40.380683499999996,27.2657386,23.1962264,negocios_gestao_e_suporte
8383,88.9522345,33.3300064,26.322306,22.7130801,negocios_gestao_e_suporte
8384,60.3400505,24.8603617,29.7421833,23.6439107,negocios_gestao_e_suporte
8385,61.7598342,33.4669707,27.832890300000003,19.9026142,negocios_gestao_e_suporte
8386,52.658823399999996,40.896307199999995,30.096297500000002,22.289891400000002,negocios_gestao_e_suporte
8387,65.369619,35.2432965,31.7160207,28.807341800000003,negocios_gestao_e_suporte
8388,65.2039238,27.037769400000002,23.2235988,20.1111766,negocios_gestao_e_suporte
8389,70.4615441,38.6452586,23.9419987,25.972640400000003,negocios_gestao_e_suporte
8390,76.88796500000001,40.380683499999996,27.2657386,23.1962264,negocios_gestao_e_suporte
8391,88.9522345,33.3300064,26.322306,22.7130801,negocios_gestao_e_suporte
8392,60.3400505,24.8603617,29.7421833,23.6439107,negocios_gestao_e_suporte
8393,61.7598342,33.4669707,27.832890300000003,19.9026142,negocios_gestao_e_suporte
8394,52.658823399999996,40.896307199999995,30.096297500000002,22.289891400000002,negocios_gestao_e_suporte
8395,65.369619,35.2432965,31.7160207,28.807341800000003,negocios_gestao_e_suporte
8396,65.2039238,27.037769400000002,23.2235988,20.1111766,negocios_gestao_e_suporte
8397,70.4615441,38.6452586,23.9419987,25.972640400000003,negocios_gestao_e_suporte
8398,76.88796500000001,40.380683499999996,27.2657386,23.1962264,negocios_gestao_e_suporte
8399,88.9522345,33.3300064,26.322306,22.7130801,negocios_gestao_e_suporte
8400,60.3400505,24.8603617,29.7421833,23.6439107,negocios_gestao_e_suporte
8401,61.7598342,33.4669707,27.832890300000003,19.9026142,negocios_gestao_e_suporte
8402,52.658823399999996,40.896307199999995,30.096297500000002,22.289891400000002,negocios_gestao_e_suporte
8403,65.369619,35.2432965,31.7160207,28.807341800000003,negocios_gestao_e_suporte
8404,65.2039238,27.037769400000002,23.2235988,20.1111766,negocios_gestao_e_suporte
8405,70.4615441,38.6452586,23.9419987,25.972640400000003,negocios_gestao_e_suporte
8406,76.88796500000001,40.380683499999996,27.2657386,23.1962264,negocios_gestao_e_suporte
8407,88.9522345,33.3300064,26.322306,22.7130801,negocios_gestao_e_suporte
8408,60.3400505,24.8603617,29.7421833,23.6439107,negocios_gestao_e_suporte
8409,61.7598342,33.4669707,27.832890300000003,19.9026142,negocios_gestao_e_suporte
8410,52.658823399999996,40.896307199999995,30.096297500000002,22.289891400000002,negocios_gestao_e_suporte
8411,65.369619,35.2432965,31.7160207,28.807341800000003,negocios_gestao_e_suporte
8412,65.2039238,27.037769400000002,23.2235988,20.1111766,negocios_gestao_e_suporte
8413,70.4615441,38.6452586,23.9419987,25.972640400000003,negocios_gestao_e_suporte
8414,76.88796500000001,40.380683499999996,27.2657386,23.1962264,negocios_gestao_e_suporte
8415,88.9522345,33.3300064,26.322306,22.7130801,negocios_gestao_e_suporte
8416,60.3400505,24.8603617,29.7421833,23.6439107,negocios_gestao_e_suporte
8417,61.7598342,33.4669707,27.832890300000003,19.9026142,negocios_gestao_e_suporte
8418,52.658823399999996,40.896307199999995,30.096297500000002,22.289891400000002,negocios_gestao_e_suporte
8419,65.369619,35.2432965,31.7160207,28.807341800000003,negocios_gestao_e_suporte
8420,65.2039238,27.037769400000002,23.2235988,20.1111766,negocios_gestao_e_suporte
8421,70.4615441,38.6452586,23.9419987,25.972640400000003,negocios_gestao_e_suporte
8422,76.88796500000001,40.380683499999996,27.2657386,23.1962264,negocios_gestao_e_suporte
8423,88.9522345,33.3300064,26.322306,22.7130801,negocios_gestao_e_suporte
8424,60.3400505,24.8603617,29.7421833,23.6439107,negocios_gestao_e_suporte
8425,61.7598342,33.4669707,27.832890300000003,19.9026142,negocios_gestao_e_suporte
8426,52.658823399999996,40.896307199999995,30.096297500000002,22.289891400000002,negocios_gestao_e_suporte
8427,65.369619,35.2432965,31.7160207,28.807341800000003,negocios_gestao_e_suporte
8428,65.2039238,27.037769400000002,23.2235988,20.1111766,negocios_gestao_e_suporte
8429,70.4615441,38.6452586,23.9419987,25.972640400000003,negocios_gestao_e_suporte
8430,76.88796500000001,40.380683499999996,27.2657386,23.1962264,negocios_gestao_e_suporte
8431,88.9522345,33.3300064,26.322306,22.7130801,negocios_gestao_e_suporte
8432,60.3400505,24.8603617,29.7421833,23.6439107,negocios_gestao_e_suporte
8433,61.7598342,33.4669707,27.832890300000003,19.9026142,negocios_gestao_e_suporte
8434,52.658823399999996,40.896307199999995,30.096297500000002,22.289891400000002,negocios_gestao_e_suporte
8435,65.369619,35.2432965,31.7160207,28.807341800000003,negocios_gestao_e_suporte
8436,65.2039238,27.037769400000002,23.2235988,20.1111766,negocios_gestao_e_suporte
8437,70.4615441,38.6452586,23.9419987,25.972640400000003,negocios_gestao_e_suporte
8438,76.88796500000001,40.380683499999996,27.2657386,23.1962264,negocios_gestao_e_suporte
8439,88.9522345,33.3300064,26.322306,22.7130801,negocios_gestao_e_suporte
8440,60.3400505,24.8603617,29.7421833,23.6439107,negocios_gestao_e_suporte
8441,61.7598342,33.4669707,27.832890300000003,19.9026142,negocios_gestao_e_suporte
8442,52.658823399999996,40.896307199999995,30.096297500000002,22.289891400000002,negocios_gestao_e_suporte
8443,65.369619,35.2432965,31.7160207,28.807341800000003,negocios_gestao_e_suporte
8444,65.2039238,27.037769400000002,23.2235988,20.1111766,negocios_gestao_e_suporte
8445,70.4615441,38.6452586,23.9419987,25.972640400000003,negocios_gestao_e_suporte
8446,76.88796500000001,40.380683499999996,27.2657386,23.1962264,negocios_gestao_e_suporte
8447,88.9522345,33.3300064,26.322306,22.7130801,negocios_gestao_e_suporte
8448,60.3400505,24.8603617,29.7421833,23.6439107,negocios_gestao_e_suporte
8449,61.7598342,33.4669707,27.832890300000003,19.9026142,negocios_gestao_e_suporte
8450,52.658823399999996,40.896307199999995,30.096297500000002,22.289891400000002,negocios_gestao_e_suporte
8451,65.369619,35.2432965,31.7160207,28.807341800000003,negocios_gestao_e_suporte
8452,65.2039238,27.037769400000002,23.2235988,20.1111766,negocios_gestao_e_suporte
8453,70.4615441,38.6452586,23.9419987,25.972640400000003,negocios_gestao_e_suporte
8454,76.88796500000001,40.380683499999996,27.2657386,23.1962264,negocios_gestao_e_suporte
8455,88.9522345,33.3300064,26.322306,22.7130801,negocios_gestao_e_suporte
8456,60.3400505,24.8603617,29.7421833,23.6439107,negocios_gestao_e_suporte
8457,61.7598342,33.4669707,27.832890300000003,19.9026142,negocios_gestao_e_suporte
8458,52.658823399999996,40.896307199999995,30.096297500000002,22.289891400000002,negocios_gestao_e_suporte
8459,65.369619,35.2432965,31.7160207,28.807341800000003,negocios_gestao_e_suporte
8460,65.2039238,27.037769400000002,23.2235988,20.1111766,negocios_gestao_e_suporte
8461,70.4615441,38.6452586,23.9419987,25.972640400000003,negocios_gestao_e_suporte
8462,76.88796500000001,40.380683499999996,27.2657386,23.1962264,negocios_gestao_e_suporte
8463,88.9522345,33.3300064,26.322306,22.7130801,negocios_gestao_e_suporte
8464,60.3400505,24.8603617,29.7421833,23.6439107,negocios_gestao_e_suporte
8465,61.7598342,33.4669707,27.832890300000003,19.9026142,negocios_gestao_e_suporte
8466,52.658823399999996,40.896307199999995,30.096297500000002,22.289891400000002,negocios_gestao_e_suporte
8467,65.369619,35.2432965,31.7160207,28.807341800000003,negocios_gestao_e_suporte
8468,65.2039238,27.037769400000002,23.2235988,20.1111766,negocios_gestao_e_suporte
8469,70.4615441,38.6452586,23.9419987,25.972640400000003,negocios_gestao_e_suporte
8470,76.88796500000001,40.380683499999996,27.2657386,23.1962264,negocios_gestao_e_suporte
8471,88.9522345,33.3300064,26.322306,22.7130801,negocios_gestao_e_suporte
8472,60.3400505,24.8603617,29.7421833,23.6439107,negocios_gestao_e_suporte
8473,61.7598342,33.4669707,27.832890300000003,19.9026142,negocios_gestao_e_suporte
8474,52.658823399999996,40.896307199999995,30.096297500000002,22.289891400000002,negocios_gestao_e_suporte
8475,65.369619,35.2432965,31.7160207,28.807341800000003,negocios_gestao_e_suporte
8476,65.2039238,27.037769400000002,23.2235988,20.1111766,negocios_gestao_e_suporte
8477,70.4615441,38.6452586,23.9419987,25.972640400000003,negocios_gestao_e_suporte
8478,76.88796500000001,40.380683499999996,27.2657386,23.1962264,negocios_gestao_e_suporte
8479,88.9522345,33.3300064,26.322306,22.7130801,negocios_gestao_e_suporte
8480,60.3400505,24.8603617,29.7421833,23.6439107,negocios_gestao_e_suporte
8481,61.7598342,33.4669707,27.832890300000003,19.9026142,negocios_gestao_e_suporte
8482,52.658823399999996,40.896307199999995,30.096297500000002,22.289891400000002,negocios_gestao_e_suporte
8483,65.369619,35.2432965,31.7160207,28.807341800000003,negocios_gestao_e_suporte
8484,65.2039238,27.037769400000002,23.2235988,20.1111766,negocios_gestao_e_suporte
8485,70.4615441,38.6452586,23.9419987,25.972640400000003,negocios_gestao_e_suporte
8486,76.88796500000001,40.380683499999996,27.2657386,23.1962264,negocios_gestao_e_suporte
8487,88.9522345,33.3300064,26.322306,22.7130801,negocios_gestao_e_suporte
8488,60.3400505,24.8603617,29.7421833,23.6439107,negocios_gestao_e_suporte
8489,61.7598342,33.4669707,27.832890300000003,19.9026142,negocios_gestao_e_suporte
8490,52.658823399999996,40.896307199999995,30.096297500000002,22.289891400000002,negocios_gestao_e_suporte
8491,65.369619,35.2432965,31.7160207,28.807341800000003,negocios_gestao_e_suporte
8492,65.2039238,27.037769400000002,23.2235988,20.1111766,negocios_gestao_e_suporte
8493,70.4615441,38.6452586,23.9419987,25.972640400000003,negocios_gestao_e_suporte
8494,76.88796500000001,40.380683499999996,27.2657386,23.1962264,negocios_gestao_e_suporte
8495,88.9522345,33.3300064,26.322306,22.7130801,negocios_gestao_e_suporte
8496,60.3400505,24.8603617,29.7421833,23.6439107,negocios_gestao_e_suporte
8497,61.7598342,33.4669707,27.832890300000003,19.9026142,negocios_gestao_e_suporte
8498,52.658823399999996,40.896307199999995,30.096297500000002,22.289891400000002,negocios_gestao_e_suporte
8499,65.369619,35.2432965,31.7160207,28.807341800000003,negocios_gestao_e_suporte
8500,65.2039238,27.037769400000002,23.2235988,20.1111766,negocios_gestao_e_suporte
8501,70.4615441,38.6452586,23.9419987,25.972640400000003,negocios_gestao_e_suporte
8502,76.88796500000001,40.380683499999996,27.2657386,23.1962264,negocios_gestao_e_suporte
8503,88.9522345,33.3300064,26.322306,22.7130801,negocios_gestao_e_suporte
8504,60.3400505,24.8603617,29.7421833,23.6439107,negocios_gestao_e_suporte
8505,61.7598342,33.4669707,27.832890300000003,19.9026142,negocios_gestao_e_suporte
8506,52.658823399999996,40.896307199999995,30.096297500000002,22.289891400000002,negocios_gestao_e_suporte
8507,65.369619,35.2432965,31.7160207,28.807341800000003,negocios_gestao_e_suporte
8508,65.2039238,27.037769400000002,23.2235988,20.1111766,negocios_gestao_e_suporte
8509,70.4615441,38.6452586,23.9419987,25.972640400000003,negocios_gestao_e_suporte
8510,76.88796500000001,40.380683499999996,27.2657386,23.1962264,negocios_gestao_e_suporte
8511,88.9522345,33.3300064,26.322306,22.7130801,negocios_gestao_e_suporte
8512,60.3400505,24.8603617,29.7421833,23.6439107,negocios_gestao_e_suporte
8513,61.7598342,33.4669707,27.832890300000003,19.9026142,negocios_gestao_e_suporte
8514,52.658823399999996,40.896307199999995,30.096297500000002,22.289891400000002,negocios_gestao_e_suporte
8515,65.369619,35.2432965,31.7160207,28.807341800000003,negocios_gestao_e_suporte
8516,65.2039238,27.037769400000002,23.2235988,20.1111766,negocios_gestao_e_suporte
8517,70.4615441,38.6452586,23.9419987,25.972640400000003,negocios_gestao_e_suporte
8518,76.88796500000001,40.380683499999996,27.2657386,23.1962264,negocios_gestao_e_suporte
8519,88.9522345,33.3300064,26.322306,22.7130801,negocios_gestao_e_suporte
8520,60.3400505,24.8603617,29.7421833,23.6439107,negocios_gestao_e_suporte
8521,61.7598342,33.4669707,27.832890300000003,19.9026142,negocios_gestao_e_suporte
8522,52.658823399999996,40.896307199999995,30.096297500000002,22.289891400000002,negocios_gestao_e_suporte
8523,65.369619,35.2432965,31.7160207,28.807341800000003,negocios_gestao_e_suporte
8524,65.2039238,27.037769400000002,23.2235988,20.1111766,negocios_gestao_e_suporte
8525,70.4615441,38.6452586,23.9419987,25.972640400000003,negocios_gestao_e_suporte
8526,76.88796500000001,40.380683499999996,27.2657386,23.1962264,negocios_gestao_e_suporte
8527,88.9522345,33.3300064,26.322306,22.7130801,negocios_gestao_e_suporte
8528,60.3400505,24.8603617,29.7421833,23.6439107,negocios_gestao_e_suporte
8529,61.7598342,33.4669707,27.832890300000003,19.9026142,negocios_gestao_e_suporte
8530,52.658823399999996,40.896307199999995,30.096297500000002,22.289891400000002,negocios_gestao_e_suporte
8531,65.369619,35.2432965,31.7160207,28.807341800000003,negocios_gestao_e_suporte
8532,65.2039238,27.037769400000002,23.2235988,20.1111766,negocios_gestao_e_suporte
8533,70.4615441,38.6452586,23.9419987,25.972640400000003,negocios_gestao_e_suporte
8534,76.88796500000001,40.380683499999996,27.2657386,23.1962264,negocios_gestao_e_suporte
8535,88.9522345,33.3300064,26.322306,22.7130801,negocios_gestao_e_suporte
8536,60.3400505,24.8603617,29.7421833,23.6439107,negocios_gestao_e_suporte
8537,61.7598342,33.4669707,27.832890300000003,19.9026142,negocios_gestao_e_suporte
8538,52.658823399999996,40.896307199999995,30.096297500000002,22.289891400000002,negocios_gestao_e_suporte
8539,65.369619,35.2432965,31.7160207,28.807341800000003,negocios_gestao_e_suporte
8540,65.2039238,27.037769400000002,23.2235988,20.1111766,negocios_gestao_e_suporte
8541,70.4615441,38.6452586,23.9419987,25.972640400000003,negocios_gestao_e_suporte
8542,76.88796500000001,40.380683499999996,27.2657386,23.1962264,negocios_gestao_e_suporte
8543,88.9522345,33.3300064,26.322306,22.7130801,negocios_gestao_e_suporte
8544,60.3400505,24.8603617,29.7421833,23.6439107,negocios_gestao_e_suporte
8545,61.7598342,33.4669707,27.832890300000003,19.9026142,negocios_gestao_e_suporte
8546,52.658823399999996,40.896307199999995,30.096297500000002,22.289891400000002,negocios_gestao_e_suporte
8547,65.369619,35.2432965,31.7160207,28.807341800000003,negocios_gestao_e_suporte
8548,65.2039238,27.037769400000002,23.2235988,20.1111766,negocios_gestao_e_suporte
8549,70.4615441,38.6452586,23.9419987,25.972640400000003,negocios_gestao_e_suporte
8550,76.88796500000001,40.380683499999996,27.2657386,23.1962264,negocios_gestao_e_suporte
8551,88.9522345,33.3300064,26.322306,22.7130801,negocios_gestao_e_suporte
8552,60.3400505,24.8603617,29.7421833,23.6439107,negocios_gestao_e_suporte
8553,61.7598342,33.4669707,27.832890300000003,19.9026142,negocios_gestao_e_suporte
8554,52.658823399999996,40.896307199999995,30.096297500000002,22.289891400000002,negocios_gestao_e_suporte
8555,65.369619,35.2432965,31.7160207,28.807341800000003,negocios_gestao_e_suporte
8556,65.2039238,27.037769400000002,23.2235988,20.1111766,negocios_gestao_e_suporte
8557,70.4615441,38.6452586,23.9419987,25.972640400000003,negocios_gestao_e_suporte
8558,76.88796500000001,40.380683499999996,27.2657386,23.1962264,negocios_gestao_e_suporte
8559,88.9522345,33.3300064,26.322306,22.7130801,negocios_gestao_e_suporte
8560,60.3400505,24.8603617,29.7421833,23.6439107,negocios_gestao_e_suporte
8561,61.7598342,33.4669707,27.832890300000003,19.9026142,negocios_gestao_e_suporte
8562,52.658823399999996,40.896307199999995,30.096297500000002,22.289891400000002,negocios_gestao_e_suporte
8563,65.369619,35.2432965,31.7160207,28.807341800000003,negocios_gestao_e_suporte
8564,65.2039238,27.037769400000002,23.2235988,20.1111766,negocios_gestao_e_suporte
8565,70.4615441,38.6452586,23.9419987,25.972640400000003,negocios_gestao_e_suporte
8566,76.88796500000001,40.380683499999996,27.2657386,23.1962264,negocios_gestao_e_suporte
8567,88.9522345,33.3300064,26.322306,22.7130801,negocios_gestao_e_suporte
8568,60.3400505,24.8603617,29.7421833,23.6439107,negocios_gestao_e_suporte
8569,61.7598342,33.4669707,27.832890300000003,19.9026142,negocios_gestao_e_suporte
8570,52.658823399999996,40.896307199999995,30.096297500000002,22.289891400000002,negocios_gestao_e_suporte
8571,65.369619,35.2432965,31.7160207,28.807341800000003,negocios_gestao_e_suporte
8572,65.2039238,27.037769400000002,23.2235988,20.1111766,negocios_gestao_e_suporte
8573,70.4615441,38.6452586,23.9419987,25.972640400000003,negocios_gestao_e_suporte
8574,76.88796500000001,40.380683499999996,27.2657386,23.1962264,negocios_gestao_e_suporte
8575,88.9522345,33.3300064,26.322306,22.7130801,negocios_gestao_e_suporte
8576,60.3400505,24.8603617,29.7421833,23.6439107,negocios_gestao_e_suporte
8577,61.7598342,33.4669707,27.832890300000003,19.9026142,negocios_gestao_e_suporte
8578,52.658823399999996,40.896307199999995,30.096297500000002,22.289891400000002,negocios_gestao_e_suporte
8579,65.369619,35.2432965,31.7160207,28.807341800000003,negocios_gestao_e_suporte
8580,65.2039238,27.037769400000002,23.2235988,20.1111766,negocios_gestao_e_suporte
8581,70.4615441,38.6452586,23.9419987,25.972640400000003,negocios_gestao_e_suporte
8582,76.88796500000001,40.380683499999996,27.2657386,23.1962264,negocios_gestao_e_suporte
8583,88.9522345,33.3300064,26.322306,22.7130801,negocios_gestao_e_suporte
8584,60.3400505,24.8603617,29.7421833,23.6439107,negocios_gestao_e_suporte
8585,61.7598342,33.4669707,27.832890300000003,19.9026142,negocios_gestao_e_suporte
8586,52.658823399999996,40.896307199999995,30.096297500000002,22.289891400000002,negocios_gestao_e_suporte
8587,65.369619,35.2432965,31.7160207,28.807341800000003,negocios_gestao_e_suporte
8588,65.2039238,27.037769400000002,23.2235988,20.1111766,negocios_gestao_e_suporte
8589,70.4615441,38.6452586,23.9419987,25.972640400000003,negocios_gestao_e_suporte
8590,76.88796500000001,40.380683499999996,27.2657386,23.1962264,negocios_gestao_e_suporte
8591,88.9522345,33.3300064,26.322306,22.7130801,negocios_gestao_e_suporte
8592,60.3400505,24.8603617,29.7421833,23.6439107,negocios_gestao_e_suporte
8593,61.7598342,33.4669707,27.832890300000003,19.9026142,negocios_gestao_e_suporte
8594,52.658823399999996,40.896307199999995,30.096297500000002,22.289891400000002,negocios_gestao_e_suporte
8595,65.369619,35.2432965,31.7160207,28.807341800000003,negocios_gestao_e_suporte
8596,65.2039238,27.037769400000002,23.2235988,20.1111766,negocios_gestao_e_suporte
8597,70.4615441,38.6452586,23.9419987,25.972640400000003,negocios_gestao_e_suporte
8598,76.88796500000001,40.380683499999996,27.2657386,23.1962264,negocios_gestao_e_suporte
8599,88.9522345,33.3300064,26.322306,22.7130801,negocios_gestao_e_suporte
8600,60.3400505,24.8603617,29.7421833,23.6439107,negocios_gestao_e_suporte
8601,61.7598342,33.4669707,27.832890300000003,19.9026142,negocios_gestao_e_suporte
8602,52.658823399999996,40.896307199999995,30.096297500000002,22.289891400000002,negocios_gestao_e_suporte
8603,65.369619,35.2432965,31.7160207,28.807341800000003,negocios_gestao_e_suporte
8604,65.2039238,27.037769400000002,23.2235988,20.1111766,negocios_gestao_e_suporte
8605,70.4615441,38.6452586,23.9419987,25.972640400000003,negocios_gestao_e_suporte
8606,76.88796500000001,40.380683499999996,27.2657386,23.1962264,negocios_gestao_e_suporte
8607,88.9522345,33.3300064,26.322306,22.7130801,negocios_gestao_e_suporte
8608,60.3400505,24.8603617,29.7421833,23.6439107,negocios_gestao_e_suporte
8609,61.7598342,33.4669707,27.832890300000003,19.9026142,negocios_gestao_e_suporte
8610,52.658823399999996,40.896307199999995,30.096297500000002,22.289891400000002,negocios_gestao_e_suporte
8611,65.369619,35.2432965,31.7160207,28.807341800000003,negocios_gestao_e_suporte
8612,65.2039238,27.037769400000002,23.2235988,20.1111766,negocios_gestao_e_suporte
8613,70.4615441,38.6452586,23.9419987,25.972640400000003,negocios_gestao_e_suporte
8614,76.88796500000001,40.380683499999996,27.2657386,23.1962264,negocios_gestao_e_suporte
8615,88.9522345,33.3300064,26.322306,22.7130801,negocios_gestao_e_suporte
8616,60.3400505,24.8603617,29.7421833,23.6439107,negocios_gestao_e_suporte
8617,61.7598342,33.4669707,27.832890300000003,19.9026142,negocios_gestao_e_suporte
8618,52.658823399999996,40.896307199999995,30.096297500000002,22.289891400000002,negocios_gestao_e_suporte
8619,65.369619,35.2432965,31.7160207,28.807341800000003,negocios_gestao_e_suporte
8620,65.2039238,27.037769400000002,23.2235988,20.1111766,negocios_gestao_e_suporte
8621,70.4615441,38.6452586,23.9419987,25.972640400000003,negocios_gestao_e_suporte
8622,76.88796500000001,40.380683499999996,27.2657386,23.1962264,negocios_gestao_e_suporte
8623,88.9522345,33.3300064,26.322306,22.7130801,negocios_gestao_e_suporte
8624,60.3400505,24.8603617,29.7421833,23.6439107,negocios_gestao_e_suporte
8625,61.7598342,33.4669707,27.832890300000003,19.9026142,negocios_gestao_e_suporte
8626,52.658823399999996,40.896307199999995,30.096297500000002,22.289891400000002,negocios_gestao_e_suporte
8627,65.369619,35.2432965,31.7160207,28.807341800000003,negocios_gestao_e_suporte
8628,65.2039238,27.037769400000002,23.2235988,20.1111766,negocios_gestao_e_suporte
8629,70.4615441,38.6452586,23.9419987,25.972640400000003,negocios_gestao_e_suporte
8630,76.88796500000001,40.380683499999996,27.2657386,23.1962264,negocios_gestao_e_suporte
8631,88.9522345,33.3300064,26.322306,22.7130801,negocios_gestao_e_suporte
8632,60.3400505,24.8603617,29.7421833,23.6439107,negocios_gestao_e_suporte
8633,61.7598342,33.4669707,27.832890300000003,19.9026142,negocios_gestao_e_suporte
8634,52.658823399999996,40.896307199999995,30.096297500000002,22.289891400000002,negocios_gestao_e_suporte
8635,65.369619,35.2432965,31.7160207,28.807341800000003,negocios_gestao_e_suporte
8636,65.2039238,27.037769400000002,23.2235988,20.1111766,negocios_gestao_e_suporte
8637,70.4615441,38.6452586,23.9419987,25.972640400000003,negocios_gestao_e_suporte
8638,76.88796500000001,40.380683499999996,27.2657386,23.1962264,negocios_gestao_e_suporte
8639,88.9522345,33.3300064,26.322306,22.7130801,negocios_gestao_e_suporte
8640,52.8540973,45.3718771,32.2487898,43.6118826,negocios_gestao_e_suporte
8641,84.0721306,32.582319500000004,24.6866955,27.768410300000003,negocios_gestao_e_suporte
8642,64.6072104,39.5753865,27.772370600000002,38.1149427,negocios_gestao_e_suporte
8643,41.4743957,47.5964035,37.8122168,30.236167400000003,negocios_gestao_e_suporte
8644,62.588166199999996,65.55778,51.094251199999995,50.803407,negocios_gestao_e_suporte
8645,58.8749728,48.6217183,37.9121492,28.8567699,negocios_gestao_e_suporte
8646,60.746256200000005,42.9861059,34.4697466,27.575559700000003,negocios_gestao_e_suporte
8647,45.462187199999995,53.9556063,46.4184914,29.234907399999997,negocios_gestao_e_suporte
8648,46.539034699999995,49.940579299999996,44.5086653,30.495552999999997,negocios_gestao_e_suporte
8649,42.9532611,48.9421898,44.7394421,30.0842511,negocios_gestao_e_suporte
8650,45.37146,40.2317649,34.930487,28.3505829,negocios_gestao_e_suporte
8651,51.374514000000005,44.0760296,34.2249863,33.9590973,negocios_gestao_e_suporte
8652,78.0214027,34.057418,19.0574162,31.433513400000002,negocios_gestao_e_suporte
8653,68.9874891,32.9383635,28.1885663,28.783347799999998,negocios_gestao_e_suporte
8654,52.8540973,45.3718771,32.2487898,43.6118826,negocios_gestao_e_suporte
8655,84.0721306,32.582319500000004,24.6866955,27.768410300000003,negocios_gestao_e_suporte
8656,64.6072104,39.5753865,27.772370600000002,38.1149427,negocios_gestao_e_suporte
8657,41.4743957,47.5964035,37.8122168,30.236167400000003,negocios_gestao_e_suporte
8658,62.588166199999996,65.55778,51.094251199999995,50.803407,negocios_gestao_e_suporte
8659,58.8749728,48.6217183,37.9121492,28.8567699,negocios_gestao_e_suporte
8660,60.746256200000005,42.9861059,34.4697466,27.575559700000003,negocios_gestao_e_suporte
8661,45.462187199999995,53.9556063,46.4184914,29.234907399999997,negocios_gestao_e_suporte
8662,46.539034699999995,49.940579299999996,44.5086653,30.495552999999997,negocios_gestao_e_suporte
8663,42.9532611,48.9421898,44.7394421,30.0842511,negocios_gestao_e_suporte
8664,45.37146,40.2317649,34.930487,28.3505829,negocios_gestao_e_suporte
8665,51.374514000000005,44.0760296,34.2249863,33.9590973,negocios_gestao_e_suporte
8666,78.0214027,34.057418,19.0574162,31.433513400000002,negocios_gestao_e_suporte
8667,68.9874891,32.9383635,28.1885663,28.783347799999998,negocios_gestao_e_suporte
8668,52.8540973,45.3718771,32.2487898,43.6118826,negocios_gestao_e_suporte
8669,84.0721306,32.582319500000004,24.6866955,27.768410300000003,negocios_gestao_e_suporte
8670,64.6072104,39.5753865,27.772370600000002,38.1149427,negocios_gestao_e_suporte
8671,41.4743957,47.5964035,37.8122168,30.236167400000003,negocios_gestao_e_suporte
8672,62.588166199999996,65.55778,51.094251199999995,50.803407,negocios_gestao_e_suporte
8673,58.8749728,48.6217183,37.9121492,28.8567699,negocios_gestao_e_suporte
8674,60.746256200000005,42.9861059,34.4697466,27.575559700000003,negocios_gestao_e_suporte
8675,45.462187199999995,53.9556063,46.4184914,29.234907399999997,negocios_gestao_e_suporte
8676,46.539034699999995,49.940579299999996,44.5086653,30.495552999999997,negocios_gestao_e_suporte
8677,42.9532611,48.9421898,44.7394421,30.0842511,negocios_gestao_e_suporte
8678,45.37146,40.2317649,34.930487,28.3505829,negocios_gestao_e_suporte
8679,51.374514000000005,44.0760296,34.2249863,33.9590973,negocios_gestao_e_suporte
8680,78.0214027,34.057418,19.0574162,31.433513400000002,negocios_gestao_e_suporte
8681,68.9874891,32.9383635,28.1885663,28.783347799999998,negocios_gestao_e_suporte
8682,52.8540973,45.3718771,32.2487898,43.6118826,negocios_gestao_e_suporte
8683,84.0721306,32.582319500000004,24.6866955,27.768410300000003,negocios_gestao_e_suporte
8684,64.6072104,39.5753865,27.772370600000002,38.1149427,negocios_gestao_e_suporte
8685,41.4743957,47.5964035,37.8122168,30.236167400000003,negocios_gestao_e_suporte
8686,62.588166199999996,65.55778,51.094251199999995,50.803407,negocios_gestao_e_suporte
8687,58.8749728,48.6217183,37.9121492,28.8567699,negocios_gestao_e_suporte
8688,60.746256200000005,42.9861059,34.4697466,27.575559700000003,negocios_gestao_e_suporte
8689,45.462187199999995,53.9556063,46.4184914,29.234907399999997,negocios_gestao_e_suporte
8690,46.539034699999995,49.940579299999996,44.5086653,30.495552999999997,negocios_gestao_e_suporte
8691,42.9532611,48.9421898,44.7394421,30.0842511,negocios_gestao_e_suporte
8692,45.37146,40.2317649,34.930487,28.3505829,negocios_gestao_e_suporte
8693,51.374514000000005,44.0760296,34.2249863,33.9590973,negocios_gestao_e_suporte
8694,78.0214027,34.057418,19.0574162,31.433513400000002,negocios_gestao_e_suporte
8695,68.9874891,32.9383635,28.1885663,28.783347799999998,negocios_gestao_e_suporte
8696,52.8540973,45.3718771,32.2487898,43.6118826,negocios_gestao_e_suporte
8697,84.0721306,32.582319500000004,24.6866955,27.768410300000003,negocios_gestao_e_suporte
8698,64.6072104,39.5753865,27.772370600000002,38.1149427,negocios_gestao_e_suporte
8699,41.4743957,47.5964035,37.8122168,30.236167400000003,negocios_gestao_e_suporte
8700,62.588166199999996,65.55778,51.094251199999995,50.803407,negocios_gestao_e_suporte
8701,58.8749728,48.6217183,37.9121492,28.8567699,negocios_gestao_e_suporte
8702,60.746256200000005,42.9861059,34.4697466,27.575559700000003,negocios_gestao_e_suporte
8703,45.462187199999995,53.9556063,46.4184914,29.234907399999997,negocios_gestao_e_suporte
8704,46.539034699999995,49.940579299999996,44.5086653,30.495552999999997,negocios_gestao_e_suporte
8705,42.9532611,48.9421898,44.7394421,30.0842511,negocios_gestao_e_suporte
8706,45.37146,40.2317649,34.930487,28.3505829,negocios_gestao_e_suporte
8707,51.374514000000005,44.0760296,34.2249863,33.9590973,negocios_gestao_e_suporte
8708,78.0214027,34.057418,19.0574162,31.433513400000002,negocios_gestao_e_suporte
8709,68.9874891,32.9383635,28.1885663,28.783347799999998,negocios_gestao_e_suporte
8710,52.8540973,45.3718771,32.2487898,43.6118826,negocios_gestao_e_suporte
8711,84.0721306,32.582319500000004,24.6866955,27.768410300000003,negocios_gestao_e_suporte
8712,64.6072104,39.5753865,27.772370600000002,38.1149427,negocios_gestao_e_suporte
8713,41.4743957,47.5964035,37.8122168,30.236167400000003,negocios_gestao_e_suporte
8714,62.588166199999996,65.55778,51.094251199999995,50.803407,negocios_gestao_e_suporte
8715,58.8749728,48.6217183,37.9121492,28.8567699,negocios_gestao_e_suporte
8716,60.746256200000005,42.9861059,34.4697466,27.575559700000003,negocios_gestao_e_suporte
8717,45.462187199999995,53.9556063,46.4184914,29.234907399999997,negocios_gestao_e_suporte
8718,46.539034699999995,49.940579299999996,44.5086653,30.495552999999997,negocios_gestao_e_suporte
8719,42.9532611,48.9421898,44.7394421,30.0842511,negocios_gestao_e_suporte
8720,45.37146,40.2317649,34.930487,28.3505829,negocios_gestao_e_suporte
8721,51.374514000000005,44.0760296,34.2249863,33.9590973,negocios_gestao_e_suporte
8722,78.0214027,34.057418,19.0574162,31.433513400000002,negocios_gestao_e_suporte
8723,68.9874891,32.9383635,28.1885663,28.783347799999998,negocios_gestao_e_suporte
8724,52.8540973,45.3718771,32.2487898,43.6118826,negocios_gestao_e_suporte
8725,84.0721306,32.582319500000004,24.6866955,27.768410300000003,negocios_gestao_e_suporte
8726,64.6072104,39.5753865,27.772370600000002,38.1149427,negocios_gestao_e_suporte
8727,41.4743957,47.5964035,37.8122168,30.236167400000003,negocios_gestao_e_suporte
8728,62.588166199999996,65.55778,51.094251199999995,50.803407,negocios_gestao_e_suporte
8729,58.8749728,48.6217183,37.9121492,28.8567699,negocios_gestao_e_suporte
8730,60.746256200000005,42.9861059,34.4697466,27.575559700000003,negocios_gestao_e_suporte
8731,45.462187199999995,53.9556063,46.4184914,29.234907399999997,negocios_gestao_e_suporte
8732,46.539034699999995,49.940579299999996,44.5086653,30.495552999999997,negocios_gestao_e_suporte
8733,42.9532611,48.9421898,44.7394421,30.0842511,negocios_gestao_e_suporte
8734,45.37146,40.2317649,34.930487,28.3505829,negocios_gestao_e_suporte
8735,51.374514000000005,44.0760296,34.2249863,33.9590973,negocios_gestao_e_suporte
8736,78.0214027,34.057418,19.0574162,31.433513400000002,negocios_gestao_e_suporte
8737,68.9874891,32.9383635,28.1885663,28.783347799999998,negocios_gestao_e_suporte
8738,52.8540973,45.3718771,32.2487898,43.6118826,negocios_gestao_e_suporte
8739,84.0721306,32.582319500000004,24.6866955,27.768410300000003,negocios_gestao_e_suporte
8740,64.6072104,39.5753865,27.772370600000002,38.1149427,negocios_gestao_e_suporte
8741,41.4743957,47.5964035,37.8122168,30.236167400000003,negocios_gestao_e_suporte
8742,62.588166199999996,65.55778,51.094251199999995,50.803407,negocios_gestao_e_suporte
8743,58.8749728,48.6217183,37.9121492,28.8567699,negocios_gestao_e_suporte
8744,60.746256200000005,42.9861059,34.4697466,27.575559700000003,negocios_gestao_e_suporte
8745,45.462187199999995,53.9556063,46.4184914,29.234907399999997,negocios_gestao_e_suporte
8746,46.539034699999995,49.940579299999996,44.5086653,30.495552999999997,negocios_gestao_e_suporte
8747,42.9532611,48.9421898,44.7394421,30.0842511,negocios_gestao_e_suporte
8748,45.37146,40.2317649,34.930487,28.3505829,negocios_gestao_e_suporte
8749,51.374514000000005,44.0760296,34.2249863,33.9590973,negocios_gestao_e_suporte
8750,78.0214027,34.057418,19.0574162,31.433513400000002,negocios_gestao_e_suporte
8751,68.9874891,32.9383635,28.1885663,28.783347799999998,negocios_gestao_e_suporte
8752,52.8540973,45.3718771,32.2487898,43.6118826,negocios_gestao_e_suporte
8753,84.0721306,32.582319500000004,24.6866955,27.768410300000003,negocios_gestao_e_suporte
8754,64.6072104,39.5753865,27.772370600000002,38.1149427,negocios_gestao_e_suporte
8755,41.4743957,47.5964035,37.8122168,30.236167400000003,negocios_gestao_e_suporte
8756,62.588166199999996,65.55778,51.094251199999995,50.803407,negocios_gestao_e_suporte
8757,58.8749728,48.6217183,37.9121492,28.8567699,negocios_gestao_e_suporte
8758,60.746256200000005,42.9861059,34.4697466,27.575559700000003,negocios_gestao_e_suporte
8759,45.462187199999995,53.9556063,46.4184914,29.234907399999997,negocios_gestao_e_suporte
8760,46.539034699999995,49.940579299999996,44.5086653,30.495552999999997,negocios_gestao_e_suporte
8761,42.9532611,48.9421898,44.7394421,30.0842511,negocios_gestao_e_suporte
8762,45.37146,40.2317649,34.930487,28.3505829,negocios_gestao_e_suporte
8763,51.374514000000005,44.0760296,34.2249863,33.9590973,negocios_gestao_e_suporte
8764,78.0214027,34.057418,19.0574162,31.433513400000002,negocios_gestao_e_suporte
8765,68.9874891,32.9383635,28.1885663,28.783347799999998,negocios_gestao_e_suporte
8766,52.8540973,45.3718771,32.2487898,43.6118826,negocios_gestao_e_suporte
8767,84.0721306,32.582319500000004,24.6866955,27.768410300000003,negocios_gestao_e_suporte
8768,64.6072104,39.5753865,27.772370600000002,38.1149427,negocios_gestao_e_suporte
8769,41.4743957,47.5964035,37.8122168,30.236167400000003,negocios_gestao_e_suporte
8770,62.588166199999996,65.55778,51.094251199999995,50.803407,negocios_gestao_e_suporte
8771,58.8749728,48.6217183,37.9121492,28.8567699,negocios_gestao_e_suporte
8772,60.746256200000005,42.9861059,34.4697466,27.575559700000003,negocios_gestao_e_suporte
8773,45.462187199999995,53.9556063,46.4184914,29.234907399999997,negocios_gestao_e_suporte
8774,46.539034699999995,49.940579299999996,44.5086653,30.495552999999997,negocios_gestao_e_suporte
8775,42.9532611,48.9421898,44.7394421,30.0842511,negocios_gestao_e_suporte
8776,45.37146,40.2317649,34.930487,28.3505829,negocios_gestao_e_suporte
8777,51.374514000000005,44.0760296,34.2249863,33.9590973,negocios_gestao_e_suporte
8778,78.0214027,34.057418,19.0574162,31.433513400000002,negocios_gestao_e_suporte
8779,68.9874891,32.9383635,28.1885663,28.783347799999998,negocios_gestao_e_suporte
8780,52.8540973,45.3718771,32.2487898,43.6118826,negocios_gestao_e_suporte
8781,84.0721306,32.582319500000004,24.6866955,27.768410300000003,negocios_gestao_e_suporte
8782,64.6072104,39.5753865,27.772370600000002,38.1149427,negocios_gestao_e_suporte
8783,41.4743957,47.5964035,37.8122168,30.236167400000003,negocios_gestao_e_suporte
8784,62.588166199999996,65.55778,51.094251199999995,50.803407,negocios_gestao_e_suporte
8785,58.8749728,48.6217183,37.9121492,28.8567699,negocios_gestao_e_suporte
8786,60.746256200000005,42.9861059,34.4697466,27.575559700000003,negocios_gestao_e_suporte
8787,45.462187199999995,53.9556063,46.4184914,29.234907399999997,negocios_gestao_e_suporte
8788,46.539034699999995,49.940579299999996,44.5086653,30.495552999999997,negocios_gestao_e_suporte
8789,42.9532611,48.9421898,44.7394421,30.0842511,negocios_gestao_e_suporte
8790,45.37146,40.2317649,34.930487,28.3505829,negocios_gestao_e_suporte
8791,51.374514000000005,44.0760296,34.2249863,33.9590973,negocios_gestao_e_suporte
8792,78.0214027,34.057418,19.0574162,31.433513400000002,negocios_gestao_e_suporte
8793,68.9874891,32.9383635,28.1885663,28.783347799999998,negocios_gestao_e_suporte
8794,52.8540973,45.3718771,32.2487898,43.6118826,negocios_gestao_e_suporte
8795,84.0721306,32.582319500000004,24.6866955,27.768410300000003,negocios_gestao_e_suporte
8796,64.6072104,39.5753865,27.772370600000002,38.1149427,negocios_gestao_e_suporte
8797,41.4743957,47.5964035,37.8122168,30.236167400000003,negocios_gestao_e_suporte
8798,62.588166199999996,65.55778,51.094251199999995,50.803407,negocios_gestao_e_suporte
8799,58.8749728,48.6217183,37.9121492,28.8567699,negocios_gestao_e_suporte
8800,60.746256200000005,42.9861059,34.4697466,27.575559700000003,negocios_gestao_e_suporte
8801,45.462187199999995,53.9556063,46.4184914,29.234907399999997,negocios_gestao_e_suporte
8802,46.539034699999995,49.940579299999996,44.5086653,30.495552999999997,negocios_gestao_e_suporte
8803,42.9532611,48.9421898,44.7394421,30.0842511,negocios_gestao_e_suporte
8804,45.37146,40.2317649,34.930487,28.3505829,negocios_gestao_e_suporte
8805,51.374514000000005,44.0760296,34.2249863,33.9590973,negocios_gestao_e_suporte
8806,78.0214027,34.057418,19.0574162,31.433513400000002,negocios_gestao_e_suporte
8807,68.9874891,32.9383635,28.1885663,28.783347799999998,negocios_gestao_e_suporte
8808,52.8540973,45.3718771,32.2487898,43.6118826,negocios_gestao_e_suporte
8809,84.0721306,32.582319500000004,24.6866955,27.768410300000003,negocios_gestao_e_suporte
8810,64.6072104,39.5753865,27.772370600000002,38.1149427,negocios_gestao_e_suporte
8811,41.4743957,47.5964035,37.8122168,30.236167400000003,negocios_gestao_e_suporte
8812,62.588166199999996,65.55778,51.094251199999995,50.803407,negocios_gestao_e_suporte
8813,58.8749728,48.6217183,37.9121492,28.8567699,negocios_gestao_e_suporte
8814,60.746256200000005,42.9861059,34.4697466,27.575559700000003,negocios_gestao_e_suporte
8815,45.462187199999995,53.9556063,46.4184914,29.234907399999997,negocios_gestao_e_suporte
8816,46.539034699999995,49.940579299999996,44.5086653,30.495552999999997,negocios_gestao_e_suporte
8817,42.9532611,48.9421898,44.7394421,30.0842511,negocios_gestao_e_suporte
8818,45.37146,40.2317649,34.930487,28.3505829,negocios_gestao_e_suporte
8819,51.374514000000005,44.0760296,34.2249863,33.9590973,negocios_gestao_e_suporte
8820,78.0214027,34.057418,19.0574162,31.433513400000002,negocios_gestao_e_suporte
8821,68.9874891,32.9383635,28.1885663,28.783347799999998,negocios_gestao_e_suporte
8822,52.8540973,45.3718771,32.2487898,43.6118826,negocios_gestao_e_suporte
8823,84.0721306,32.582319500000004,24.6866955,27.768410300000003,negocios_gestao_e_suporte
8824,64.6072104,39.5753865,27.772370600000002,38.1149427,negocios_gestao_e_suporte
8825,41.4743957,47.5964035,37.8122168,30.236167400000003,negocios_gestao_e_suporte
8826,62.588166199999996,65.55778,51.094251199999995,50.803407,negocios_gestao_e_suporte
8827,58.8749728,48.6217183,37.9121492,28.8567699,negocios_gestao_e_suporte
8828,60.746256200000005,42.9861059,34.4697466,27.575559700000003,negocios_gestao_e_suporte
8829,45.462187199999995,53.9556063,46.4184914,29.234907399999997,negocios_gestao_e_suporte
8830,46.539034699999995,49.940579299999996,44.5086653,30.495552999999997,negocios_gestao_e_suporte
8831,42.9532611,48.9421898,44.7394421,30.0842511,negocios_gestao_e_suporte
8832,45.37146,40.2317649,34.930487,28.3505829,negocios_gestao_e_suporte
8833,51.374514000000005,44.0760296,34.2249863,33.9590973,negocios_gestao_e_suporte
8834,78.0214027,34.057418,19.0574162,31.433513400000002,negocios_gestao_e_suporte
8835,68.9874891,32.9383635,28.1885663,28.783347799999998,negocios_gestao_e_suporte
8836,52.8540973,45.3718771,32.2487898,43.6118826,negocios_gestao_e_suporte
8837,84.0721306,32.582319500000004,24.6866955,27.768410300000003,negocios_gestao_e_suporte
8838,64.6072104,39.5753865,27.772370600000002,38.1149427,negocios_gestao_e_suporte
8839,41.4743957,47.5964035,37.8122168,30.236167400000003,negocios_gestao_e_suporte
8840,62.588166199999996,65.55778,51.094251199999995,50.803407,negocios_gestao_e_suporte
8841,58.8749728,48.6217183,37.9121492,28.8567699,negocios_gestao_e_suporte
8842,60.746256200000005,42.9861059,34.4697466,27.575559700000003,negocios_gestao_e_suporte
8843,45.462187199999995,53.9556063,46.4184914,29.234907399999997,negocios_gestao_e_suporte
8844,46.539034699999995,49.940579299999996,44.5086653,30.495552999999997,negocios_gestao_e_suporte
8845,42.9532611,48.9421898,44.7394421,30.0842511,negocios_gestao_e_suporte
8846,45.37146,40.2317649,34.930487,28.3505829,negocios_gestao_e_suporte
8847,51.374514000000005,44.0760296,34.2249863,33.9590973,negocios_gestao_e_suporte
8848,78.0214027,34.057418,19.0574162,31.433513400000002,negocios_gestao_e_suporte
8849,68.9874891,32.9383635,28.1885663,28.783347799999998,negocios_gestao_e_suporte
8850,52.8540973,45.3718771,32.2487898,43.6118826,negocios_gestao_e_suporte
8851,84.0721306,32.582319500000004,24.6866955,27.768410300000003,negocios_gestao_e_suporte
8852,64.6072104,39.5753865,27.772370600000002,38.1149427,negocios_gestao_e_suporte
8853,41.4743957,47.5964035,37.8122168,30.236167400000003,negocios_gestao_e_suporte
8854,62.588166199999996,65.55778,51.094251199999995,50.803407,negocios_gestao_e_suporte
8855,58.8749728,48.6217183,37.9121492,28.8567699,negocios_gestao_e_suporte
8856,60.746256200000005,42.9861059,34.4697466,27.575559700000003,negocios_gestao_e_suporte
8857,45.462187199999995,53.9556063,46.4184914,29.234907399999997,negocios_gestao_e_suporte
8858,46.539034699999995,49.940579299999996,44.5086653,30.495552999999997,negocios_gestao_e_suporte
8859,42.9532611,48.9421898,44.7394421,30.0842511,negocios_gestao_e_suporte
8860,45.37146,40.2317649,34.930487,28.3505829,negocios_gestao_e_suporte
8861,51.374514000000005,44.0760296,34.2249863,33.9590973,negocios_gestao_e_suporte
8862,78.0214027,34.057418,19.0574162,31.433513400000002,negocios_gestao_e_suporte
8863,68.9874891,32.9383635,28.1885663,28.783347799999998,negocios_gestao_e_suporte
8864,52.8540973,45.3718771,32.2487898,43.6118826,negocios_gestao_e_suporte
8865,84.0721306,32.582319500000004,24.6866955,27.768410300000003,negocios_gestao_e_suporte
8866,64.6072104,39.5753865,27.772370600000002,38.1149427,negocios_gestao_e_suporte
8867,41.4743957,47.5964035,37.8122168,30.236167400000003,negocios_gestao_e_suporte
8868,62.588166199999996,65.55778,51.094251199999995,50.803407,negocios_gestao_e_suporte
8869,58.8749728,48.6217183,37.9121492,28.8567699,negocios_gestao_e_suporte
8870,60.746256200000005,42.9861059,34.4697466,27.575559700000003,negocios_gestao_e_suporte
8871,45.462187199999995,53.9556063,46.4184914,29.234907399999997,negocios_gestao_e_suporte
8872,46.539034699999995,49.940579299999996,44.5086653,30.495552999999997,negocios_gestao_e_suporte
8873,42.9532611,48.9421898,44.7394421,30.0842511,negocios_gestao_e_suporte
8874,45.37146,40.2317649,34.930487,28.3505829,negocios_gestao_e_suporte
8875,51.374514000000005,44.0760296,34.2249863,33.9590973,negocios_gestao_e_suporte
8876,78.0214027,34.057418,19.0574162,31.433513400000002,negocios_gestao_e_suporte
8877,68.9874891,32.9383635,28.1885663,28.783347799999998,negocios_gestao_e_suporte
8878,52.8540973,45.3718771,32.2487898,43.6118826,negocios_gestao_e_suporte
8879,84.0721306,32.582319500000004,24.6866955,27.768410300000003,negocios_gestao_e_suporte
8880,64.6072104,39.5753865,27.772370600000002,38.1149427,negocios_gestao_e_suporte
8881,41.4743957,47.5964035,37.8122168,30.236167400000003,negocios_gestao_e_suporte
8882,62.588166199999996,65.55778,51.094251199999995,50.803407,negocios_gestao_e_suporte
8883,58.8749728,48.6217183,37.9121492,28.8567699,negocios_gestao_e_suporte
8884,60.746256200000005,42.9861059,34.4697466,27.575559700000003,negocios_gestao_e_suporte
8885,45.462187199999995,53.9556063,46.4184914,29.234907399999997,negocios_gestao_e_suporte
8886,46.539034699999995,49.940579299999996,44.5086653,30.495552999999997,negocios_gestao_e_suporte
8887,42.9532611,48.9421898,44.7394421,30.0842511,negocios_gestao_e_suporte
8888,45.37146,40.2317649,34.930487,28.3505829,negocios_gestao_e_suporte
8889,51.374514000000005,44.0760296,34.2249863,33.9590973,negocios_gestao_e_suporte
8890,78.0214027,34.057418,19.0574162,31.433513400000002,negocios_gestao_e_suporte
8891,68.9874891,32.9383635,28.1885663,28.783347799999998,negocios_gestao_e_suporte
8892,52.8540973,45.3718771,32.2487898,43.6118826,negocios_gestao_e_suporte
8893,84.0721306,32.582319500000004,24.6866955,27.768410300000003,negocios_gestao_e_suporte
8894,64.6072104,39.5753865,27.772370600000002,38.1149427,negocios_gestao_e_suporte
8895,41.4743957,47.5964035,37.8122168,30.236167400000003,negocios_gestao_e_suporte
8896,62.588166199999996,65.55778,51.094251199999995,50.803407,negocios_gestao_e_suporte
8897,58.8749728,48.6217183,37.9121492,28.8567699,negocios_gestao_e_suporte
8898,60.746256200000005,42.9861059,34.4697466,27.575559700000003,negocios_gestao_e_suporte
8899,45.462187199999995,53.9556063,46.4184914,29.234907399999997,negocios_gestao_e_suporte
8900,46.539034699999995,49.940579299999996,44.5086653,30.495552999999997,negocios_gestao_e_suporte
8901,42.9532611,48.9421898,44.7394421,30.0842511,negocios_gestao_e_suporte
8902,45.37146,40.2317649,34.930487,28.3505829,negocios_gestao_e_suporte
8903,51.374514000000005,44.0760296,34.2249863,33.9590973,negocios_gestao_e_suporte
8904,78.0214027,34.057418,19.0574162,31.433513400000002,negocios_gestao_e_suporte
8905,68.9874891,32.9383635,28.1885663,28.783347799999998,negocios_gestao_e_suporte
8906,52.8540973,45.3718771,32.2487898,43.6118826,negocios_gestao_e_suporte
8907,84.0721306,32.582319500000004,24.6866955,27.768410300000003,negocios_gestao_e_suporte
8908,64.6072104,39.5753865,27.772370600000002,38.1149427,negocios_gestao_e_suporte
8909,41.4743957,47.5964035,37.8122168,30.236167400000003,negocios_gestao_e_suporte
8910,62.588166199999996,65.55778,51.094251199999995,50.803407,negocios_gestao_e_suporte
8911,58.8749728,48.6217183,37.9121492,28.8567699,negocios_gestao_e_suporte
8912,60.746256200000005,42.9861059,34.4697466,27.575559700000003,negocios_gestao_e_suporte
8913,45.462187199999995,53.9556063,46.4184914,29.234907399999997,negocios_gestao_e_suporte
8914,46.539034699999995,49.940579299999996,44.5086653,30.495552999999997,negocios_gestao_e_suporte
8915,42.9532611,48.9421898,44.7394421,30.0842511,negocios_gestao_e_suporte
8916,45.37146,40.2317649,34.930487,28.3505829,negocios_gestao_e_suporte
8917,51.374514000000005,44.0760296,34.2249863,33.9590973,negocios_gestao_e_suporte
8918,78.0214027,34.057418,19.0574162,31.433513400000002,negocios_gestao_e_suporte
8919,68.9874891,32.9383635,28.1885663,28.783347799999998,negocios_gestao_e_suporte
8920,52.8540973,45.3718771,32.2487898,43.6118826,negocios_gestao_e_suporte
8921,84.0721306,32.582319500000004,24.6866955,27.768410300000003,negocios_gestao_e_suporte
8922,64.6072104,39.5753865,27.772370600000002,38.1149427,negocios_gestao_e_suporte
8923,41.4743957,47.5964035,37.8122168,30.236167400000003,negocios_gestao_e_suporte
8924,62.588166199999996,65.55778,51.094251199999995,50.803407,negocios_gestao_e_suporte
8925,58.8749728,48.6217183,37.9121492,28.8567699,negocios_gestao_e_suporte
8926,60.746256200000005,42.9861059,34.4697466,27.575559700000003,negocios_gestao_e_suporte
8927,45.462187199999995,53.9556063,46.4184914,29.234907399999997,negocios_gestao_e_suporte
8928,46.539034699999995,49.940579299999996,44.5086653,30.495552999999997,negocios_gestao_e_suporte
8929,42.9532611,48.9421898,44.7394421,30.0842511,negocios_gestao_e_suporte
8930,45.37146,40.2317649,34.930487,28.3505829,negocios_gestao_e_suporte
8931,51.374514000000005,44.0760296,34.2249863,33.9590973,negocios_gestao_e_suporte
8932,78.0214027,34.057418,19.0574162,31.433513400000002,negocios_gestao_e_suporte
8933,68.9874891,32.9383635,28.1885663,28.783347799999998,negocios_gestao_e_suporte
8934,52.8540973,45.3718771,32.2487898,43.6118826,negocios_gestao_e_suporte
8935,84.0721306,32.582319500000004,24.6866955,27.768410300000003,negocios_gestao_e_suporte
8936,64.6072104,39.5753865,27.772370600000002,38.1149427,negocios_gestao_e_suporte
8937,41.4743957,47.5964035,37.8122168,30.236167400000003,negocios_gestao_e_suporte
8938,62.588166199999996,65.55778,51.094251199999995,50.803407,negocios_gestao_e_suporte
8939,58.8749728,48.6217183,37.9121492,28.8567699,negocios_gestao_e_suporte
8940,60.746256200000005,42.9861059,34.4697466,27.575559700000003,negocios_gestao_e_suporte
8941,45.462187199999995,53.9556063,46.4184914,29.234907399999997,negocios_gestao_e_suporte
8942,46.539034699999995,49.940579299999996,44.5086653,30.495552999999997,negocios_gestao_e_suporte
8943,42.9532611,48.9421898,44.7394421,30.0842511,negocios_gestao_e_suporte
8944,45.37146,40.2317649,34.930487,28.3505829,negocios_gestao_e_suporte
8945,51.374514000000005,44.0760296,34.2249863,33.9590973,negocios_gestao_e_suporte
8946,78.0214027,34.057418,19.0574162,31.433513400000002,negocios_gestao_e_suporte
8947,68.9874891,32.9383635,28.1885663,28.783347799999998,negocios_gestao_e_suporte
8948,52.8540973,45.3718771,32.2487898,43.6118826,negocios_gestao_e_suporte
8949,84.0721306,32.582319500000004,24.6866955,27.768410300000003,negocios_gestao_e_suporte
8950,64.6072104,39.5753865,27.772370600000002,38.1149427,negocios_gestao_e_suporte
8951,41.4743957,47.5964035,37.8122168,30.236167400000003,negocios_gestao_e_suporte
8952,62.588166199999996,65.55778,51.094251199999995,50.803407,negocios_gestao_e_suporte
8953,58.8749728,48.6217183,37.9121492,28.8567699,negocios_gestao_e_suporte
8954,60.746256200000005,42.9861059,34.4697466,27.575559700000003,negocios_gestao_e_suporte
8955,45.462187199999995,53.9556063,46.4184914,29.234907399999997,negocios_gestao_e_suporte
8956,46.539034699999995,49.940579299999996,44.5086653,30.495552999999997,negocios_gestao_e_suporte
8957,42.9532611,48.9421898,44.7394421,30.0842511,negocios_gestao_e_suporte
8958,45.37146,40.2317649,34.930487,28.3505829,negocios_gestao_e_suporte
8959,51.374514000000005,44.0760296,34.2249863,33.9590973,negocios_gestao_e_suporte
8960,78.0214027,34.057418,19.0574162,31.433513400000002,negocios_gestao_e_suporte
8961,68.9874891,32.9383635,28.1885663,28.783347799999998,negocios_gestao_e_suporte
8962,52.8540973,45.3718771,32.2487898,43.6118826,negocios_gestao_e_suporte
8963,84.0721306,32.582319500000004,24.6866955,27.768410300000003,negocios_gestao_e_suporte
8964,64.6072104,39.5753865,27.772370600000002,38.1149427,negocios_gestao_e_suporte
8965,41.4743957,47.5964035,37.8122168,30.236167400000003,negocios_gestao_e_suporte
8966,62.588166199999996,65.55778,51.094251199999995,50.803407,negocios_gestao_e_suporte
8967,58.8749728,48.6217183,37.9121492,28.8567699,negocios_gestao_e_suporte
8968,60.746256200000005,42.9861059,34.4697466,27.575559700000003,negocios_gestao_e_suporte
8969,45.462187199999995,53.9556063,46.4184914,29.234907399999997,negocios_gestao_e_suporte
8970,46.539034699999995,49.940579299999996,44.5086653,30.495552999999997,negocios_gestao_e_suporte
8971,42.9532611,48.9421898,44.7394421,30.0842511,negocios_gestao_e_suporte
8972,45.37146,40.2317649,34.930487,28.3505829,negocios_gestao_e_suporte
8973,51.374514000000005,44.0760296,34.2249863,33.9590973,negocios_gestao_e_suporte
8974,78.0214027,34.057418,19.0574162,31.433513400000002,negocios_gestao_e_suporte
8975,68.9874891,32.9383635,28.1885663,28.783347799999998,negocios_gestao_e_suporte
8976,52.8540973,45.3718771,32.2487898,43.6118826,negocios_gestao_e_suporte
8977,84.0721306,32.582319500000004,24.6866955,27.768410300000003,negocios_gestao_e_suporte
8978,64.6072104,39.5753865,27.772370600000002,38.1149427,negocios_gestao_e_suporte
8979,41.4743957,47.5964035,37.8122168,30.236167400000003,negocios_gestao_e_suporte
8980,62.588166199999996,65.55778,51.094251199999995,50.803407,negocios_gestao_e_suporte
8981,58.8749728,48.6217183,37.9121492,28.8567699,negocios_gestao_e_suporte
8982,60.746256200000005,42.9861059,34.4697466,27.575559700000003,negocios_gestao_e_suporte
8983,45.462187199999995,53.9556063,46.4184914,29.234907399999997,negocios_gestao_e_suporte
8984,46.539034699999995,49.940579299999996,44.5086653,30.495552999999997,negocios_gestao_e_suporte
8985,42.9532611,48.9421898,44.7394421,30.0842511,negocios_gestao_e_suporte
8986,45.37146,40.2317649,34.930487,28.3505829,negocios_gestao_e_suporte
8987,51.374514000000005,44.0760296,34.2249863,33.9590973,negocios_gestao_e_suporte
8988,78.0214027,34.057418,19.0574162,31.433513400000002,negocios_gestao_e_suporte
8989,68.9874891,32.9383635,28.1885663,28.783347799999998,negocios_gestao_e_suporte
8990,52.8540973,45.3718771,32.2487898,43.6118826,negocios_gestao_e_suporte
8991,84.0721306,32.582319500000004,24.6866955,27.768410300000003,negocios_gestao_e_suporte
8992,64.6072104,39.5753865,27.772370600000002,38.1149427,negocios_gestao_e_suporte
8993,41.4743957,47.5964035,37.8122168,30.236167400000003,negocios_gestao_e_suporte
8994,62.588166199999996,65.55778,51.094251199999995,50.803407,negocios_gestao_e_suporte
8995,58.8749728,48.6217183,37.9121492,28.8567699,negocios_gestao_e_suporte
8996,60.746256200000005,42.9861059,34.4697466,27.575559700000003,negocios_gestao_e_suporte
8997,45.462187199999995,53.9556063,46.4184914,29.234907399999997,negocios_gestao_e_suporte
8998,46.539034699999995,49.940579299999996,44.5086653,30.495552999999997,negocios_gestao_e_suporte
8999,42.9532611,48.9421898,44.7394421,30.0842511,negocios_gestao_e_suporte
9000,45.37146,40.2317649,34.930487,28.3505829,negocios_gestao_e_suporte
9001,51.374514000000005,44.0760296,34.2249863,33.9590973,negocios_gestao_e_suporte
9002,78.0214027,34.057418,19.0574162,31.433513400000002,negocios_gestao_e_suporte
9003,68.9874891,32.9383635,28.1885663,28.783347799999998,negocios_gestao_e_suporte
9004,52.8540973,45.3718771,32.2487898,43.6118826,negocios_gestao_e_suporte
9005,84.0721306,32.582319500000004,24.6866955,27.768410300000003,negocios_gestao_e_suporte
9006,64.6072104,39.5753865,27.772370600000002,38.1149427,negocios_gestao_e_suporte
9007,41.4743957,47.5964035,37.8122168,30.236167400000003,negocios_gestao_e_suporte
9008,62.588166199999996,65.55778,51.094251199999995,50.803407,negocios_gestao_e_suporte
9009,58.8749728,48.6217183,37.9121492,28.8567699,negocios_gestao_e_suporte
9010,60.746256200000005,42.9861059,34.4697466,27.575559700000003,negocios_gestao_e_suporte
9011,45.462187199999995,53.9556063,46.4184914,29.234907399999997,negocios_gestao_e_suporte
9012,46.539034699999995,49.940579299999996,44.5086653,30.495552999999997,negocios_gestao_e_suporte
9013,42.9532611,48.9421898,44.7394421,30.0842511,negocios_gestao_e_suporte
9014,45.37146,40.2317649,34.930487,28.3505829,negocios_gestao_e_suporte
9015,51.374514000000005,44.0760296,34.2249863,33.9590973,negocios_gestao_e_suporte
9016,78.0214027,34.057418,19.0574162,31.433513400000002,negocios_gestao_e_suporte
9017,68.9874891,32.9383635,28.1885663,28.783347799999998,negocios_gestao_e_suporte
9018,52.8540973,45.3718771,32.2487898,43.6118826,negocios_gestao_e_suporte
9019,84.0721306,32.582319500000004,24.6866955,27.768410300000003,negocios_gestao_e_suporte
9020,64.6072104,39.5753865,27.772370600000002,38.1149427,negocios_gestao_e_suporte
9021,41.4743957,47.5964035,37.8122168,30.236167400000003,negocios_gestao_e_suporte
9022,62.588166199999996,65.55778,51.094251199999995,50.803407,negocios_gestao_e_suporte
9023,58.8749728,48.6217183,37.9121492,28.8567699,negocios_gestao_e_suporte
9024,60.746256200000005,42.9861059,34.4697466,27.575559700000003,negocios_gestao_e_suporte
9025,45.462187199999995,53.9556063,46.4184914,29.234907399999997,negocios_gestao_e_suporte
9026,46.539034699999995,49.940579299999996,44.5086653,30.495552999999997,negocios_gestao_e_suporte
9027,42.9532611,48.9421898,44.7394421,30.0842511,negocios_gestao_e_suporte
9028,45.37146,40.2317649,34.930487,28.3505829,negocios_gestao_e_suporte
9029,51.374514000000005,44.0760296,34.2249863,33.9590973,negocios_gestao_e_suporte
9030,78.0214027,34.057418,19.0574162,31.433513400000002,negocios_gestao_e_suporte
9031,68.9874891,32.9383635,28.1885663,28.783347799999998,negocios_gestao_e_suporte
9032,52.8540973,45.3718771,32.2487898,43.6118826,negocios_gestao_e_suporte
9033,84.0721306,32.582319500000004,24.6866955,27.768410300000003,negocios_gestao_e_suporte
9034,64.6072104,39.5753865,27.772370600000002,38.1149427,negocios_gestao_e_suporte
9035,41.4743957,47.5964035,37.8122168,30.236167400000003,negocios_gestao_e_suporte
9036,62.588166199999996,65.55778,51.094251199999995,50.803407,negocios_gestao_e_suporte
9037,58.8749728,48.6217183,37.9121492,28.8567699,negocios_gestao_e_suporte
9038,60.746256200000005,42.9861059,34.4697466,27.575559700000003,negocios_gestao_e_suporte
9039,45.462187199999995,53.9556063,46.4184914,29.234907399999997,negocios_gestao_e_suporte
9040,46.539034699999995,49.940579299999996,44.5086653,30.495552999999997,negocios_gestao_e_suporte
9041,42.9532611,48.9421898,44.7394421,30.0842511,negocios_gestao_e_suporte
9042,45.37146,40.2317649,34.930487,28.3505829,negocios_gestao_e_suporte
9043,51.374514000000005,44.0760296,34.2249863,33.9590973,negocios_gestao_e_suporte
9044,78.0214027,34.057418,19.0574162,31.433513400000002,negocios_gestao_e_suporte
9045,68.9874891,32.9383635,28.1885663,28.783347799999998,negocios_gestao_e_suporte
9046,52.8540973,45.3718771,32.2487898,43.6118826,negocios_gestao_e_suporte
9047,84.0721306,32.582319500000004,24.6866955,27.768410300000003,negocios_gestao_e_suporte
9048,64.6072104,39.5753865,27.772370600000002,38.1149427,negocios_gestao_e_suporte
9049,41.4743957,47.5964035,37.8122168,30.236167400000003,negocios_gestao_e_suporte
9050,62.588166199999996,65.55778,51.094251199999995,50.803407,negocios_gestao_e_suporte
9051,58.8749728,48.6217183,37.9121492,28.8567699,negocios_gestao_e_suporte
9052,60.746256200000005,42.9861059,34.4697466,27.575559700000003,negocios_gestao_e_suporte
9053,45.462187199999995,53.9556063,46.4184914,29.234907399999997,negocios_gestao_e_suporte
9054,46.539034699999995,49.940579299999996,44.5086653,30.495552999999997,negocios_gestao_e_suporte
9055,42.9532611,48.9421898,44.7394421,30.0842511,negocios_gestao_e_suporte
9056,45.37146,40.2317649,34.930487,28.3505829,negocios_gestao_e_suporte
9057,51.374514000000005,44.0760296,34.2249863,33.9590973,negocios_gestao_e_suporte
9058,78.0214027,34.057418,19.0574162,31.433513400000002,negocios_gestao_e_suporte
9059,68.9874891,32.9383635,28.1885663,28.783347799999998,negocios_gestao_e_suporte
9060,52.8540973,45.3718771,32.2487898,43.6118826,negocios_gestao_e_suporte
9061,84.0721306,32.582319500000004,24.6866955,27.768410300000003,negocios_gestao_e_suporte
9062,64.6072104,39.5753865,27.772370600000002,38.1149427,negocios_gestao_e_suporte
9063,41.4743957,47.5964035,37.8122168,30.236167400000003,negocios_gestao_e_suporte
9064,62.588166199999996,65.55778,51.094251199999995,50.803407,negocios_gestao_e_suporte
9065,58.8749728,48.6217183,37.9121492,28.8567699,negocios_gestao_e_suporte
9066,60.746256200000005,42.9861059,34.4697466,27.575559700000003,negocios_gestao_e_suporte
9067,45.462187199999995,53.9556063,46.4184914,29.234907399999997,negocios_gestao_e_suporte
9068,46.539034699999995,49.940579299999996,44.5086653,30.495552999999997,negocios_gestao_e_suporte
9069,42.9532611,48.9421898,44.7394421,30.0842511,negocios_gestao_e_suporte
9070,45.37146,40.2317649,34.930487,28.3505829,negocios_gestao_e_suporte
9071,51.374514000000005,44.0760296,34.2249863,33.9590973,negocios_gestao_e_suporte
9072,78.0214027,34.057418,19.0574162,31.433513400000002,negocios_gestao_e_suporte
9073,68.9874891,32.9383635,28.1885663,28.783347799999998,negocios_gestao_e_suporte
9074,52.8540973,45.3718771,32.2487898,43.6118826,negocios_gestao_e_suporte
9075,84.0721306,32.582319500000004,24.6866955,27.768410300000003,negocios_gestao_e_suporte
9076,64.6072104,39.5753865,27.772370600000002,38.1149427,negocios_gestao_e_suporte
9077,41.4743957,47.5964035,37.8122168,30.236167400000003,negocios_gestao_e_suporte
9078,62.588166199999996,65.55778,51.094251199999995,50.803407,negocios_gestao_e_suporte
9079,58.8749728,48.6217183,37.9121492,28.8567699,negocios_gestao_e_suporte
9080,60.746256200000005,42.9861059,34.4697466,27.575559700000003,negocios_gestao_e_suporte
9081,45.462187199999995,53.9556063,46.4184914,29.234907399999997,negocios_gestao_e_suporte
9082,46.539034699999995,49.940579299999996,44.5086653,30.495552999999997,negocios_gestao_e_suporte
9083,42.9532611,48.9421898,44.7394421,30.0842511,negocios_gestao_e_suporte
9084,45.37146,40.2317649,34.930487,28.3505829,negocios_gestao_e_suporte
9085,51.374514000000005,44.0760296,34.2249863,33.9590973,negocios_gestao_e_suporte
9086,78.0214027,34.057418,19.0574162,31.433513400000002,negocios_gestao_e_suporte
9087,68.9874891,32.9383635,28.1885663,28.783347799999998,negocios_gestao_e_suporte
9088,52.8540973,45.3718771,32.2487898,43.6118826,negocios_gestao_e_suporte
9089,84.0721306,32.582319500000004,24.6866955,27.768410300000003,negocios_gestao_e_suporte
9090,64.6072104,39.5753865,27.772370600000002,38.1149427,negocios_gestao_e_suporte
9091,41.4743957,47.5964035,37.8122168,30.236167400000003,negocios_gestao_e_suporte
9092,62.588166199999996,65.55778,51.094251199999995,50.803407,negocios_gestao_e_suporte
9093,58.8749728,48.6217183,37.9121492,28.8567699,negocios_gestao_e_suporte
9094,60.746256200000005,42.9861059,34.4697466,27.575559700000003,negocios_gestao_e_suporte
9095,45.462187199999995,53.9556063,46.4184914,29.234907399999997,negocios_gestao_e_suporte
9096,46.539034699999995,49.940579299999996,44.5086653,30.495552999999997,negocios_gestao_e_suporte
9097,42.9532611,48.9421898,44.7394421,30.0842511,negocios_gestao_e_suporte
9098,45.37146,40.2317649,34.930487,28.3505829,negocios_gestao_e_suporte
9099,51.374514000000005,44.0760296,34.2249863,33.9590973,negocios_gestao_e_suporte
9100,78.0214027,34.057418,19.0574162,31.433513400000002,negocios_gestao_e_suporte
9101,68.9874891,32.9383635,28.1885663,28.783347799999998,negocios_gestao_e_suporte
9102,52.8540973,45.3718771,32.2487898,43.6118826,negocios_gestao_e_suporte
9103,84.0721306,32.582319500000004,24.6866955,27.768410300000003,negocios_gestao_e_suporte
9104,64.6072104,39.5753865,27.772370600000002,38.1149427,negocios_gestao_e_suporte
9105,41.4743957,47.5964035,37.8122168,30.236167400000003,negocios_gestao_e_suporte
9106,62.588166199999996,65.55778,51.094251199999995,50.803407,negocios_gestao_e_suporte
9107,58.8749728,48.6217183,37.9121492,28.8567699,negocios_gestao_e_suporte
9108,60.746256200000005,42.9861059,34.4697466,27.575559700000003,negocios_gestao_e_suporte
9109,45.462187199999995,53.9556063,46.4184914,29.234907399999997,negocios_gestao_e_suporte
9110,46.539034699999995,49.940579299999996,44.5086653,30.495552999999997,negocios_gestao_e_suporte
9111,42.9532611,48.9421898,44.7394421,30.0842511,negocios_gestao_e_suporte
9112,45.37146,40.2317649,34.930487,28.3505829,negocios_gestao_e_suporte
9113,51.374514000000005,44.0760296,34.2249863,33.9590973,negocios_gestao_e_suporte
9114,78.0214027,34.057418,19.0574162,31.433513400000002,negocios_gestao_e_suporte
9115,68.9874891,32.9383635,28.1885663,28.783347799999998,negocios_gestao_e_suporte
9116,52.8540973,45.3718771,32.2487898,43.6118826,negocios_gestao_e_suporte
9117,84.0721306,32.582319500000004,24.6866955,27.768410300000003,negocios_gestao_e_suporte
9118,64.6072104,39.5753865,27.772370600000002,38.1149427,negocios_gestao_e_suporte
9119,41.4743957,47.5964035,37.8122168,30.236167400000003,negocios_gestao_e_suporte
9120,62.588166199999996,65.55778,51.094251199999995,50.803407,negocios_gestao_e_suporte
9121,58.8749728,48.6217183,37.9121492,28.8567699,negocios_gestao_e_suporte
9122,60.746256200000005,42.9861059,34.4697466,27.575559700000003,negocios_gestao_e_suporte
9123,45.462187199999995,53.9556063,46.4184914,29.234907399999997,negocios_gestao_e_suporte
9124,46.539034699999995,49.940579299999996,44.5086653,30.495552999999997,negocios_gestao_e_suporte
9125,42.9532611,48.9421898,44.7394421,30.0842511,negocios_gestao_e_suporte
9126,45.37146,40.2317649,34.930487,28.3505829,negocios_gestao_e_suporte
9127,51.374514000000005,44.0760296,34.2249863,33.9590973,negocios_gestao_e_suporte
9128,78.0214027,34.057418,19.0574162,31.433513400000002,negocios_gestao_e_suporte
9129,68.9874891,32.9383635,28.1885663,28.783347799999998,negocios_gestao_e_suporte
9130,52.8540973,45.3718771,32.2487898,43.6118826,negocios_gestao_e_suporte
9131,84.0721306,32.582319500000004,24.6866955,27.768410300000003,negocios_gestao_e_suporte
9132,64.6072104,39.5753865,27.772370600000002,38.1149427,negocios_gestao_e_suporte
9133,41.4743957,47.5964035,37.8122168,30.236167400000003,negocios_gestao_e_suporte
9134,62.588166199999996,65.55778,51.094251199999995,50.803407,negocios_gestao_e_suporte
9135,58.8749728,48.6217183,37.9121492,28.8567699,negocios_gestao_e_suporte
9136,60.746256200000005,42.9861059,34.4697466,27.575559700000003,negocios_gestao_e_suporte
9137,45.462187199999995,53.9556063,46.4184914,29.234907399999997,negocios_gestao_e_suporte
9138,46.539034699999995,49.940579299999996,44.5086653,30.495552999999997,negocios_gestao_e_suporte
9139,42.9532611,48.9421898,44.7394421,30.0842511,negocios_gestao_e_suporte
9140,45.37146,40.2317649,34.930487,28.3505829,negocios_gestao_e_suporte
9141,51.374514000000005,44.0760296,34.2249863,33.9590973,negocios_gestao_e_suporte
9142,78.0214027,34.057418,19.0574162,31.433513400000002,negocios_gestao_e_suporte
9143,68.9874891,32.9383635,28.1885663,28.783347799999998,negocios_gestao_e_suporte
9144,52.8540973,45.3718771,32.2487898,43.6118826,negocios_gestao_e_suporte
9145,84.0721306,32.582319500000004,24.6866955,27.768410300000003,negocios_gestao_e_suporte
9146,64.6072104,39.5753865,27.772370600000002,38.1149427,negocios_gestao_e_suporte
9147,41.4743957,47.5964035,37.8122168,30.236167400000003,negocios_gestao_e_suporte
9148,62.588166199999996,65.55778,51.094251199999995,50.803407,negocios_gestao_e_suporte
9149,58.8749728,48.6217183,37.9121492,28.8567699,negocios_gestao_e_suporte
9150,60.746256200000005,42.9861059,34.4697466,27.575559700000003,negocios_gestao_e_suporte
9151,45.462187199999995,53.9556063,46.4184914,29.234907399999997,negocios_gestao_e_suporte
9152,46.539034699999995,49.940579299999996,44.5086653,30.495552999999997,negocios_gestao_e_suporte
9153,42.9532611,48.9421898,44.7394421,30.0842511,negocios_gestao_e_suporte
9154,45.37146,40.2317649,34.930487,28.3505829,negocios_gestao_e_suporte
9155,51.374514000000005,44.0760296,34.2249863,33.9590973,negocios_gestao_e_suporte
9156,78.0214027,34.057418,19.0574162,31.433513400000002,negocios_gestao_e_suporte
9157,68.9874891,32.9383635,28.1885663,28.783347799999998,negocios_gestao_e_suporte
9158,52.8540973,45.3718771,32.2487898,43.6118826,negocios_gestao_e_suporte
9159,84.0721306,32.582319500000004,24.6866955,27.768410300000003,negocios_gestao_e_suporte
9160,64.6072104,39.5753865,27.772370600000002,38.1149427,negocios_gestao_e_suporte
9161,41.4743957,47.5964035,37.8122168,30.236167400000003,negocios_gestao_e_suporte
9162,62.588166199999996,65.55778,51.094251199999995,50.803407,negocios_gestao_e_suporte
9163,58.8749728,48.6217183,37.9121492,28.8567699,negocios_gestao_e_suporte
9164,60.746256200000005,42.9861059,34.4697466,27.575559700000003,negocios_gestao_e_suporte
9165,45.462187199999995,53.9556063,46.4184914,29.234907399999997,negocios_gestao_e_suporte
9166,46.539034699999995,49.940579299999996,44.5086653,30.495552999999997,negocios_gestao_e_suporte
9167,42.9532611,48.9421898,44.7394421,30.0842511,negocios_gestao_e_suporte
9168,45.37146,40.2317649,34.930487,28.3505829,negocios_gestao_e_suporte
9169,51.374514000000005,44.0760296,34.2249863,33.9590973,negocios_gestao_e_suporte
9170,78.0214027,34.057418,19.0574162,31.433513400000002,negocios_gestao_e_suporte
9171,68.9874891,32.9383635,28.1885663,28.783347799999998,negocios_gestao_e_suporte
9172,52.8540973,45.3718771,32.2487898,43.6118826,negocios_gestao_e_suporte
9173,84.0721306,32.582319500000004,24.6866955,27.768410300000003,negocios_gestao_e_suporte
9174,64.6072104,39.5753865,27.772370600000002,38.1149427,negocios_gestao_e_suporte
9175,41.4743957,47.5964035,37.8122168,30.236167400000003,negocios_gestao_e_suporte
9176,62.588166199999996,65.55778,51.094251199999995,50.803407,negocios_gestao_e_suporte
9177,58.8749728,48.6217183,37.9121492,28.8567699,negocios_gestao_e_suporte
9178,60.746256200000005,42.9861059,34.4697466,27.575559700000003,negocios_gestao_e_suporte
