id_pessoa,habilidades_de_comunicacao,extroversao,amabilidade,conversacao
0,40.0,47.0876568,3.9610646,8.692673600000001
1,40.0,37.758143700000005,9.0147592,7.1425106000000005
2,40.0,34.7738516,13.8574524,9.526072300000001
3,40.0,40.3756266,11.4924704,12.2655795
4,40.0,24.033706199999997,5.098773899999999,6.5563884
5,40.0,24.6463415,4.1291977,4.6333164
6,50.0,21.4351242,3.8801004,5.828782400000001
7,50.0,47.0876568,3.9610646,8.692673600000001
8,50.0,37.758143700000005,9.0147592,7.1425106000000005
9,50.0,34.7738516,13.8574524,9.526072300000001
10,50.0,40.3756266,11.4924704,12.2655795
11,50.0,24.033706199999997,5.098773899999999,6.5563884
12,10.0,24.6463415,4.1291977,4.6333164
13,10.0,21.4351242,3.8801004,5.828782400000001
14,10.0,47.0876568,3.9610646,8.692673600000001
15,10.0,37.758143700000005,9.0147592,7.1425106000000005
16,10.0,34.7738516,13.8574524,9.526072300000001
17,10.0,40.3756266,11.4924704,12.2655795
18,0.0,24.033706199999997,5.098773899999999,6.5563884
19,0.0,24.6463415,4.1291977,4.6333164
20,0.0,21.4351242,3.8801004,5.828782400000001
21,0.0,47.0876568,3.9610646,8.692673600000001
22,0.0,37.758143700000005,9.0147592,7.1425106000000005
23,0.0,34.7738516,13.8574524,9.526072300000001
24,30.0,40.3756266,11.4924704,12.2655795
25,30.0,24.033706199999997,5.098773899999999,6.5563884
26,30.0,24.6463415,4.1291977,4.6333164
27,30.0,21.4351242,3.8801004,5.828782400000001
28,30.0,47.0876568,3.9610646,8.692673600000001
29,30.0,37.758143700000005,9.0147592,7.1425106000000005
30,20.0,34.7738516,13.8574524,9.526072300000001
31,20.0,40.3756266,11.4924704,12.2655795
32,20.0,24.033706199999997,5.098773899999999,6.5563884
33,20.0,24.6463415,4.1291977,4.6333164
34,20.0,21.4351242,3.8801004,5.828782400000001
35,20.0,47.0876568,3.9610646,8.692673600000001
36,40.0,37.758143700000005,9.0147592,7.1425106000000005
37,40.0,34.7738516,13.8574524,9.526072300000001
38,40.0,40.3756266,11.4924704,12.2655795
39,40.0,24.033706199999997,5.098773899999999,6.5563884
40,40.0,24.6463415,4.1291977,4.6333164
41,40.0,21.4351242,3.8801004,5.828782400000001
42,50.0,47.0876568,3.9610646,8.692673600000001
43,50.0,37.758143700000005,9.0147592,7.1425106000000005
44,50.0,34.7738516,13.8574524,9.526072300000001
45,50.0,40.3756266,11.4924704,12.2655795
46,50.0,24.033706199999997,5.098773899999999,6.5563884
47,50.0,24.6463415,4.1291977,4.6333164
48,10.0,21.4351242,3.8801004,5.828782400000001
49,10.0,47.0876568,3.9610646,8.692673600000001
50,10.0,37.758143700000005,9.0147592,7.1425106000000005
51,10.0,34.7738516,13.8574524,9.526072300000001
52,10.0,40.3756266,11.4924704,12.2655795
53,10.0,24.033706199999997,5.098773899999999,6.5563884
54,0.0,24.6463415,4.1291977,4.6333164
55,0.0,21.4351242,3.8801004,5.828782400000001
56,0.0,47.0876568,3.9610646,8.692673600000001
57,0.0,37.758143700000005,9.0147592,7.1425106000000005
58,0.0,34.7738516,13.8574524,9.526072300000001
59,0.0,40.3756266,11.4924704,12.2655795
60,30.0,24.033706199999997,5.098773899999999,6.5563884
61,30.0,24.6463415,4.1291977,4.6333164
62,30.0,21.4351242,3.8801004,5.828782400000001
63,30.0,47.0876568,3.9610646,8.692673600000001
64,30.0,37.758143700000005,9.0147592,7.1425106000000005
65,30.0,34.7738516,13.8574524,9.526072300000001
66,20.0,40.3756266,11.4924704,12.2655795
67,20.0,24.033706199999997,5.098773899999999,6.5563884
68,20.0,24.6463415,4.1291977,4.6333164
69,20.0,21.4351242,3.8801004,5.828782400000001
70,20.0,47.0876568,3.9610646,8.692673600000001
71,20.0,37.758143700000005,9.0147592,7.1425106000000005
72,40.0,34.7738516,13.8574524,9.526072300000001
73,40.0,40.3756266,11.4924704,12.2655795
74,40.0,24.033706199999997,5.098773899999999,6.5563884
75,40.0,24.6463415,4.1291977,4.6333164
76,40.0,21.4351242,3.8801004,5.828782400000001
77,40.0,47.0876568,3.9610646,8.692673600000001
78,50.0,37.758143700000005,9.0147592,7.1425106000000005
79,50.0,34.7738516,13.8574524,9.526072300000001
80,50.0,40.3756266,11.4924704,12.2655795
81,50.0,24.033706199999997,5.098773899999999,6.5563884
82,50.0,24.6463415,4.1291977,4.6333164
83,50.0,21.4351242,3.8801004,5.828782400000001
84,10.0,47.0876568,3.9610646,8.692673600000001
85,10.0,37.758143700000005,9.0147592,7.1425106000000005
86,10.0,34.7738516,13.8574524,9.526072300000001
87,10.0,40.3756266,11.4924704,12.2655795
88,10.0,24.033706199999997,5.098773899999999,6.5563884
89,10.0,24.6463415,4.1291977,4.6333164
90,0.0,21.4351242,3.8801004,5.828782400000001
91,0.0,47.0876568,3.9610646,8.692673600000001
92,0.0,37.758143700000005,9.0147592,7.1425106000000005
93,0.0,34.7738516,13.8574524,9.526072300000001
94,0.0,40.3756266,11.4924704,12.2655795
95,0.0,24.033706199999997,5.098773899999999,6.5563884
96,30.0,24.6463415,4.1291977,4.6333164
97,30.0,21.4351242,3.8801004,5.828782400000001
98,30.0,47.0876568,3.9610646,8.692673600000001
99,30.0,37.758143700000005,9.0147592,7.1425106000000005
100,30.0,34.7738516,13.8574524,9.526072300000001
101,30.0,40.3756266,11.4924704,12.2655795
102,20.0,24.033706199999997,5.098773899999999,6.5563884
103,20.0,24.6463415,4.1291977,4.6333164
104,20.0,21.4351242,3.8801004,5.828782400000001
105,20.0,47.0876568,3.9610646,8.692673600000001
106,20.0,37.758143700000005,9.0147592,7.1425106000000005
107,20.0,34.7738516,13.8574524,9.526072300000001
108,40.0,40.3756266,11.4924704,12.2655795
109,40.0,24.033706199999997,5.098773899999999,6.5563884
110,40.0,24.6463415,4.1291977,4.6333164
111,40.0,21.4351242,3.8801004,5.828782400000001
112,40.0,47.0876568,3.9610646,8.692673600000001
113,40.0,37.758143700000005,9.0147592,7.1425106000000005
114,50.0,34.7738516,13.8574524,9.526072300000001
115,50.0,40.3756266,11.4924704,12.2655795
116,50.0,24.033706199999997,5.098773899999999,6.5563884
117,50.0,24.6463415,4.1291977,4.6333164
118,50.0,21.4351242,3.8801004,5.828782400000001
119,50.0,47.0876568,3.9610646,8.692673600000001
120,10.0,37.758143700000005,9.0147592,7.1425106000000005
121,10.0,34.7738516,13.8574524,9.526072300000001
122,10.0,40.3756266,11.4924704,12.2655795
123,10.0,24.033706199999997,5.098773899999999,6.5563884
124,10.0,24.6463415,4.1291977,4.6333164
125,10.0,21.4351242,3.8801004,5.828782400000001
126,0.0,47.0876568,3.9610646,8.692673600000001
127,0.0,37.758143700000005,9.0147592,7.1425106000000005
128,0.0,34.7738516,13.8574524,9.526072300000001
129,0.0,40.3756266,11.4924704,12.2655795
130,0.0,24.033706199999997,5.098773899999999,6.5563884
131,0.0,24.6463415,4.1291977,4.6333164
132,30.0,21.4351242,3.8801004,5.828782400000001
133,30.0,47.0876568,3.9610646,8.692673600000001
134,30.0,37.758143700000005,9.0147592,7.1425106000000005
135,30.0,34.7738516,13.8574524,9.526072300000001
136,30.0,40.3756266,11.4924704,12.2655795
137,30.0,24.033706199999997,5.098773899999999,6.5563884
138,20.0,24.6463415,4.1291977,4.6333164
139,20.0,21.4351242,3.8801004,5.828782400000001
140,20.0,47.0876568,3.9610646,8.692673600000001
141,20.0,37.758143700000005,9.0147592,7.1425106000000005
142,20.0,34.7738516,13.8574524,9.526072300000001
143,20.0,40.3756266,11.4924704,12.2655795
144,40.0,24.033706199999997,5.098773899999999,6.5563884
145,40.0,24.6463415,4.1291977,4.6333164
146,40.0,21.4351242,3.8801004,5.828782400000001
147,40.0,47.0876568,3.9610646,8.692673600000001
148,40.0,37.758143700000005,9.0147592,7.1425106000000005
149,40.0,34.7738516,13.8574524,9.526072300000001
150,50.0,40.3756266,11.4924704,12.2655795
151,50.0,24.033706199999997,5.098773899999999,6.5563884
152,50.0,24.6463415,4.1291977,4.6333164
153,50.0,21.4351242,3.8801004,5.828782400000001
154,50.0,47.0876568,3.9610646,8.692673600000001
155,50.0,37.758143700000005,9.0147592,7.1425106000000005
156,10.0,34.7738516,13.8574524,9.526072300000001
157,10.0,40.3756266,11.4924704,12.2655795
158,10.0,24.033706199999997,5.098773899999999,6.5563884
159,10.0,24.6463415,4.1291977,4.6333164
160,10.0,21.4351242,3.8801004,5.828782400000001
161,10.0,47.0876568,3.9610646,8.692673600000001
162,0.0,37.758143700000005,9.0147592,7.1425106000000005
163,0.0,34.7738516,13.8574524,9.526072300000001
164,0.0,40.3756266,11.4924704,12.2655795
165,0.0,24.033706199999997,5.098773899999999,6.5563884
166,0.0,24.6463415,4.1291977,4.6333164
167,0.0,21.4351242,3.8801004,5.828782400000001
168,30.0,47.0876568,3.9610646,8.692673600000001
169,30.0,37.758143700000005,9.0147592,7.1425106000000005
170,30.0,34.7738516,13.8574524,9.526072300000001
171,30.0,40.3756266,11.4924704,12.2655795
172,30.0,24.033706199999997,5.098773899999999,6.5563884
173,30.0,24.6463415,4.1291977,4.6333164
174,20.0,21.4351242,3.8801004,5.828782400000001
175,20.0,47.0876568,3.9610646,8.692673600000001
176,20.0,37.758143700000005,9.0147592,7.1425106000000005
177,20.0,34.7738516,13.8574524,9.526072300000001
178,20.0,40.3756266,11.4924704,12.2655795
179,20.0,24.033706199999997,5.098773899999999,6.5563884
180,40.0,24.6463415,4.1291977,4.6333164
181,40.0,21.4351242,3.8801004,5.828782400000001
182,40.0,47.0876568,3.9610646,8.692673600000001
183,40.0,37.758143700000005,9.0147592,7.1425106000000005
184,40.0,34.7738516,13.8574524,9.526072300000001
185,40.0,40.3756266,11.4924704,12.2655795
186,50.0,24.033706199999997,5.098773899999999,6.5563884
187,50.0,24.6463415,4.1291977,4.6333164
188,50.0,21.4351242,3.8801004,5.828782400000001
189,50.0,47.0876568,3.9610646,8.692673600000001
190,50.0,37.758143700000005,9.0147592,7.1425106000000005
191,50.0,34.7738516,13.8574524,9.526072300000001
192,10.0,40.3756266,11.4924704,12.2655795
193,10.0,24.033706199999997,5.098773899999999,6.5563884
194,10.0,24.6463415,4.1291977,4.6333164
195,10.0,21.4351242,3.8801004,5.828782400000001
196,10.0,47.0876568,3.9610646,8.692673600000001
197,10.0,37.758143700000005,9.0147592,7.1425106000000005
198,0.0,34.7738516,13.8574524,9.526072300000001
199,0.0,40.3756266,11.4924704,12.2655795
200,0.0,24.033706199999997,5.098773899999999,6.5563884
201,0.0,24.6463415,4.1291977,4.6333164
202,0.0,21.4351242,3.8801004,5.828782400000001
203,0.0,47.0876568,3.9610646,8.692673600000001
204,30.0,37.758143700000005,9.0147592,7.1425106000000005
205,30.0,34.7738516,13.8574524,9.526072300000001
206,30.0,40.3756266,11.4924704,12.2655795
207,30.0,24.033706199999997,5.098773899999999,6.5563884
208,30.0,24.6463415,4.1291977,4.6333164
209,30.0,21.4351242,3.8801004,5.828782400000001
210,20.0,47.0876568,3.9610646,8.692673600000001
211,20.0,37.758143700000005,9.0147592,7.1425106000000005
212,20.0,34.7738516,13.8574524,9.526072300000001
213,20.0,40.3756266,11.4924704,12.2655795
214,20.0,24.033706199999997,5.098773899999999,6.5563884
215,20.0,24.6463415,4.1291977,4.6333164
216,40.0,21.4351242,3.8801004,5.828782400000001
217,40.0,47.0876568,3.9610646,8.692673600000001
218,40.0,37.758143700000005,9.0147592,7.1425106000000005
219,40.0,34.7738516,13.8574524,9.526072300000001
220,40.0,40.3756266,11.4924704,12.2655795
221,40.0,24.033706199999997,5.098773899999999,6.5563884
222,50.0,24.6463415,4.1291977,4.6333164
223,50.0,21.4351242,3.8801004,5.828782400000001
224,50.0,47.0876568,3.9610646,8.692673600000001
225,50.0,37.758143700000005,9.0147592,7.1425106000000005
226,50.0,34.7738516,13.8574524,9.526072300000001
227,50.0,40.3756266,11.4924704,12.2655795
228,10.0,24.033706199999997,5.098773899999999,6.5563884
229,10.0,24.6463415,4.1291977,4.6333164
230,10.0,21.4351242,3.8801004,5.828782400000001
231,10.0,47.0876568,3.9610646,8.692673600000001
232,10.0,37.758143700000005,9.0147592,7.1425106000000005
233,10.0,34.7738516,13.8574524,9.526072300000001
234,0.0,40.3756266,11.4924704,12.2655795
235,0.0,24.033706199999997,5.098773899999999,6.5563884
236,0.0,24.6463415,4.1291977,4.6333164
237,0.0,21.4351242,3.8801004,5.828782400000001
238,0.0,47.0876568,3.9610646,8.692673600000001
239,0.0,37.758143700000005,9.0147592,7.1425106000000005
240,30.0,34.7738516,13.8574524,9.526072300000001
241,30.0,40.3756266,11.4924704,12.2655795
242,30.0,24.033706199999997,5.098773899999999,6.5563884
243,30.0,24.6463415,4.1291977,4.6333164
244,30.0,21.4351242,3.8801004,5.828782400000001
245,30.0,47.0876568,3.9610646,8.692673600000001
246,20.0,37.758143700000005,9.0147592,7.1425106000000005
247,20.0,34.7738516,13.8574524,9.526072300000001
248,20.0,40.3756266,11.4924704,12.2655795
249,20.0,24.033706199999997,5.098773899999999,6.5563884
250,20.0,24.6463415,4.1291977,4.6333164
251,20.0,21.4351242,3.8801004,5.828782400000001
252,40.0,47.0876568,3.9610646,8.692673600000001
253,40.0,37.758143700000005,9.0147592,7.1425106000000005
254,40.0,34.7738516,13.8574524,9.526072300000001
255,40.0,40.3756266,11.4924704,12.2655795
256,40.0,24.033706199999997,5.098773899999999,6.5563884
257,40.0,24.6463415,4.1291977,4.6333164
258,50.0,21.4351242,3.8801004,5.828782400000001
259,50.0,47.0876568,3.9610646,8.692673600000001
260,50.0,37.758143700000005,9.0147592,7.1425106000000005
261,50.0,34.7738516,13.8574524,9.526072300000001
262,50.0,40.3756266,11.4924704,12.2655795
263,50.0,24.033706199999997,5.098773899999999,6.5563884
264,10.0,24.6463415,4.1291977,4.6333164
265,10.0,21.4351242,3.8801004,5.828782400000001
266,10.0,47.0876568,3.9610646,8.692673600000001
267,10.0,37.758143700000005,9.0147592,7.1425106000000005
268,10.0,34.7738516,13.8574524,9.526072300000001
269,10.0,40.3756266,11.4924704,12.2655795
270,0.0,24.033706199999997,5.098773899999999,6.5563884
271,0.0,24.6463415,4.1291977,4.6333164
272,0.0,21.4351242,3.8801004,5.828782400000001
273,0.0,47.0876568,3.9610646,8.692673600000001
274,0.0,37.758143700000005,9.0147592,7.1425106000000005
275,0.0,34.7738516,13.8574524,9.526072300000001
276,30.0,40.3756266,11.4924704,12.2655795
277,30.0,24.033706199999997,5.098773899999999,6.5563884
278,30.0,24.6463415,4.1291977,4.6333164
279,30.0,21.4351242,3.8801004,5.828782400000001
280,30.0,47.0876568,3.9610646,8.692673600000001
281,30.0,37.758143700000005,9.0147592,7.1425106000000005
282,20.0,34.7738516,13.8574524,9.526072300000001
283,20.0,40.3756266,11.4924704,12.2655795
284,20.0,24.033706199999997,5.098773899999999,6.5563884
285,20.0,24.6463415,4.1291977,4.6333164
286,20.0,21.4351242,3.8801004,5.828782400000001
287,20.0,47.0876568,3.9610646,8.692673600000001
288,40.0,37.758143700000005,9.0147592,7.1425106000000005
289,40.0,34.7738516,13.8574524,9.526072300000001
290,40.0,40.3756266,11.4924704,12.2655795
291,40.0,24.033706199999997,5.098773899999999,6.5563884
292,40.0,24.6463415,4.1291977,4.6333164
293,40.0,21.4351242,3.8801004,5.828782400000001
294,50.0,47.0876568,3.9610646,8.692673600000001
295,50.0,37.758143700000005,9.0147592,7.1425106000000005
296,50.0,34.7738516,13.8574524,9.526072300000001
297,50.0,40.3756266,11.4924704,12.2655795
298,50.0,24.033706199999997,5.098773899999999,6.5563884
299,50.0,24.6463415,4.1291977,4.6333164
300,10.0,21.4351242,3.8801004,5.828782400000001
301,10.0,47.0876568,3.9610646,8.692673600000001
302,10.0,37.758143700000005,9.0147592,7.1425106000000005
303,10.0,34.7738516,13.8574524,9.526072300000001
304,10.0,40.3756266,11.4924704,12.2655795
305,10.0,24.033706199999997,5.098773899999999,6.5563884
306,0.0,24.6463415,4.1291977,4.6333164
307,0.0,21.4351242,3.8801004,5.828782400000001
308,0.0,47.0876568,3.9610646,8.692673600000001
309,0.0,37.758143700000005,9.0147592,7.1425106000000005
310,0.0,34.7738516,13.8574524,9.526072300000001
311,0.0,40.3756266,11.4924704,12.2655795
312,30.0,24.033706199999997,5.098773899999999,6.5563884
313,30.0,24.6463415,4.1291977,4.6333164
314,30.0,21.4351242,3.8801004,5.828782400000001
315,30.0,47.0876568,3.9610646,8.692673600000001
316,30.0,37.758143700000005,9.0147592,7.1425106000000005
317,30.0,34.7738516,13.8574524,9.526072300000001
318,20.0,40.3756266,11.4924704,12.2655795
319,20.0,24.033706199999997,5.098773899999999,6.5563884
320,20.0,24.6463415,4.1291977,4.6333164
321,20.0,21.4351242,3.8801004,5.828782400000001
322,20.0,47.0876568,3.9610646,8.692673600000001
323,20.0,37.758143700000005,9.0147592,7.1425106000000005
324,40.0,34.7738516,13.8574524,9.526072300000001
325,40.0,40.3756266,11.4924704,12.2655795
326,40.0,24.033706199999997,5.098773899999999,6.5563884
327,40.0,24.6463415,4.1291977,4.6333164
328,40.0,21.4351242,3.8801004,5.828782400000001
329,40.0,47.0876568,3.9610646,8.692673600000001
330,50.0,37.758143700000005,9.0147592,7.1425106000000005
331,50.0,34.7738516,13.8574524,9.526072300000001
332,50.0,40.3756266,11.4924704,12.2655795
333,50.0,24.033706199999997,5.098773899999999,6.5563884
334,50.0,24.6463415,4.1291977,4.6333164
335,50.0,21.4351242,3.8801004,5.828782400000001
336,10.0,47.0876568,3.9610646,8.692673600000001
337,10.0,37.758143700000005,9.0147592,7.1425106000000005
338,10.0,34.7738516,13.8574524,9.526072300000001
339,10.0,40.3756266,11.4924704,12.2655795
340,10.0,24.033706199999997,5.098773899999999,6.5563884
341,10.0,24.6463415,4.1291977,4.6333164
342,0.0,21.4351242,3.8801004,5.828782400000001
343,0.0,47.0876568,3.9610646,8.692673600000001
344,0.0,37.758143700000005,9.0147592,7.1425106000000005
345,0.0,34.7738516,13.8574524,9.526072300000001
346,0.0,40.3756266,11.4924704,12.2655795
347,0.0,24.033706199999997,5.098773899999999,6.5563884
348,30.0,24.6463415,4.1291977,4.6333164
349,30.0,21.4351242,3.8801004,5.828782400000001
350,30.0,47.0876568,3.9610646,8.692673600000001
351,30.0,37.758143700000005,9.0147592,7.1425106000000005
352,30.0,34.7738516,13.8574524,9.526072300000001
353,30.0,40.3756266,11.4924704,12.2655795
354,20.0,24.033706199999997,5.098773899999999,6.5563884
355,20.0,24.6463415,4.1291977,4.6333164
356,20.0,21.4351242,3.8801004,5.828782400000001
357,20.0,47.0876568,3.9610646,8.692673600000001
358,20.0,37.758143700000005,9.0147592,7.1425106000000005
359,20.0,34.7738516,13.8574524,9.526072300000001
360,40.0,40.3756266,11.4924704,12.2655795
361,40.0,24.033706199999997,5.098773899999999,6.5563884
362,40.0,24.6463415,4.1291977,4.6333164
363,40.0,21.4351242,3.8801004,5.828782400000001
364,40.0,47.0876568,3.9610646,8.692673600000001
365,40.0,37.758143700000005,9.0147592,7.1425106000000005
366,50.0,34.7738516,13.8574524,9.526072300000001
367,50.0,40.3756266,11.4924704,12.2655795
368,50.0,24.033706199999997,5.098773899999999,6.5563884
369,50.0,24.6463415,4.1291977,4.6333164
370,50.0,21.4351242,3.8801004,5.828782400000001
371,50.0,47.0876568,3.9610646,8.692673600000001
372,10.0,37.758143700000005,9.0147592,7.1425106000000005
373,10.0,34.7738516,13.8574524,9.526072300000001
374,10.0,40.3756266,11.4924704,12.2655795
375,10.0,24.033706199999997,5.098773899999999,6.5563884
376,10.0,24.6463415,4.1291977,4.6333164
377,10.0,21.4351242,3.8801004,5.828782400000001
378,0.0,47.0876568,3.9610646,8.692673600000001
379,0.0,37.758143700000005,9.0147592,7.1425106000000005
380,0.0,34.7738516,13.8574524,9.526072300000001
381,0.0,40.3756266,11.4924704,12.2655795
382,0.0,24.033706199999997,5.098773899999999,6.5563884
383,0.0,24.6463415,4.1291977,4.6333164
384,30.0,21.4351242,3.8801004,5.828782400000001
385,30.0,47.0876568,3.9610646,8.692673600000001
386,30.0,37.758143700000005,9.0147592,7.1425106000000005
387,30.0,34.7738516,13.8574524,9.526072300000001
388,30.0,40.3756266,11.4924704,12.2655795
389,30.0,24.033706199999997,5.098773899999999,6.5563884
390,20.0,24.6463415,4.1291977,4.6333164
391,20.0,21.4351242,3.8801004,5.828782400000001
392,20.0,47.0876568,3.9610646,8.692673600000001
393,20.0,37.758143700000005,9.0147592,7.1425106000000005
394,20.0,34.7738516,13.8574524,9.526072300000001
395,20.0,40.3756266,11.4924704,12.2655795
396,40.0,24.033706199999997,5.098773899999999,6.5563884
397,40.0,24.6463415,4.1291977,4.6333164
398,40.0,21.4351242,3.8801004,5.828782400000001
399,40.0,47.0876568,3.9610646,8.692673600000001
400,40.0,37.758143700000005,9.0147592,7.1425106000000005
401,40.0,34.7738516,13.8574524,9.526072300000001
402,50.0,40.3756266,11.4924704,12.2655795
403,50.0,24.033706199999997,5.098773899999999,6.5563884
404,50.0,24.6463415,4.1291977,4.6333164
405,50.0,21.4351242,3.8801004,5.828782400000001
406,50.0,47.0876568,3.9610646,8.692673600000001
407,50.0,37.758143700000005,9.0147592,7.1425106000000005
408,10.0,34.7738516,13.8574524,9.526072300000001
409,10.0,40.3756266,11.4924704,12.2655795
410,10.0,24.033706199999997,5.098773899999999,6.5563884
411,10.0,24.6463415,4.1291977,4.6333164
412,10.0,21.4351242,3.8801004,5.828782400000001
413,10.0,47.0876568,3.9610646,8.692673600000001
414,0.0,37.758143700000005,9.0147592,7.1425106000000005
415,0.0,34.7738516,13.8574524,9.526072300000001
416,0.0,40.3756266,11.4924704,12.2655795
417,0.0,24.033706199999997,5.098773899999999,6.5563884
418,0.0,24.6463415,4.1291977,4.6333164
419,0.0,21.4351242,3.8801004,5.828782400000001
420,30.0,47.0876568,3.9610646,8.692673600000001
421,30.0,37.758143700000005,9.0147592,7.1425106000000005
422,30.0,34.7738516,13.8574524,9.526072300000001
423,30.0,40.3756266,11.4924704,12.2655795
424,30.0,47.0876568,3.9610646,8.692673600000001
425,30.0,37.758143700000005,9.0147592,7.1425106000000005
426,20.0,34.7738516,13.8574524,9.526072300000001
427,20.0,40.3756266,11.4924704,12.2655795
428,20.0,24.033706199999997,5.098773899999999,6.5563884
429,20.0,24.6463415,4.1291977,4.6333164
430,20.0,21.4351242,3.8801004,5.828782400000001
431,20.0,47.0876568,3.9610646,8.692673600000001
432,40.0,37.758143700000005,9.0147592,7.1425106000000005
433,50.0,34.7738516,13.8574524,9.526072300000001
434,10.0,40.3756266,11.4924704,12.2655795
435,0.0,24.033706199999997,5.098773899999999,6.5563884
436,30.0,24.6463415,4.1291977,4.6333164
437,20.0,21.4351242,3.8801004,5.828782400000001
438,40.0,47.0876568,3.9610646,8.692673600000001
439,50.0,37.758143700000005,9.0147592,7.1425106000000005
440,10.0,34.7738516,13.8574524,9.526072300000001
441,0.0,40.3756266,11.4924704,12.2655795
442,30.0,24.033706199999997,5.098773899999999,6.5563884
443,20.0,24.6463415,4.1291977,4.6333164
444,40.0,21.4351242,3.8801004,5.828782400000001
445,50.0,47.0876568,3.9610646,8.692673600000001
446,10.0,37.758143700000005,9.0147592,7.1425106000000005
447,0.0,34.7738516,13.8574524,9.526072300000001
448,30.0,40.3756266,11.4924704,12.2655795
449,20.0,24.033706199999997,5.098773899999999,6.5563884
450,40.0,24.6463415,4.1291977,4.6333164
451,50.0,21.4351242,3.8801004,5.828782400000001
452,10.0,47.0876568,3.9610646,8.692673600000001
453,0.0,37.758143700000005,9.0147592,7.1425106000000005
454,30.0,34.7738516,13.8574524,9.526072300000001
455,20.0,40.3756266,11.4924704,12.2655795
456,40.0,24.033706199999997,5.098773899999999,6.5563884
457,50.0,24.6463415,4.1291977,4.6333164
458,10.0,21.4351242,3.8801004,5.828782400000001
459,0.0,47.0876568,3.9610646,8.692673600000001
460,30.0,37.758143700000005,9.0147592,7.1425106000000005
461,20.0,34.7738516,13.8574524,9.526072300000001
462,40.0,40.3756266,11.4924704,12.2655795
463,50.0,24.033706199999997,5.098773899999999,6.5563884
464,10.0,24.6463415,4.1291977,4.6333164
465,0.0,21.4351242,3.8801004,5.828782400000001
466,30.0,47.0876568,3.9610646,8.692673600000001
467,20.0,37.758143700000005,9.0147592,7.1425106000000005
468,40.0,34.7738516,13.8574524,9.526072300000001
469,40.0,40.3756266,11.4924704,12.2655795
470,40.0,24.033706199999997,5.098773899999999,6.5563884
471,40.0,24.6463415,4.1291977,4.6333164
472,40.0,21.4351242,3.8801004,5.828782400000001
473,40.0,47.0876568,3.9610646,8.692673600000001
474,50.0,37.758143700000005,9.0147592,7.1425106000000005
475,50.0,34.7738516,13.8574524,9.526072300000001
476,50.0,40.3756266,11.4924704,12.2655795
477,50.0,24.033706199999997,5.098773899999999,6.5563884
478,50.0,24.6463415,4.1291977,4.6333164
479,50.0,21.4351242,3.8801004,5.828782400000001
480,10.0,47.0876568,3.9610646,8.692673600000001
481,10.0,37.758143700000005,9.0147592,7.1425106000000005
482,10.0,34.7738516,13.8574524,9.526072300000001
483,10.0,40.3756266,11.4924704,12.2655795
484,10.0,24.033706199999997,5.098773899999999,6.5563884
485,10.0,24.6463415,4.1291977,4.6333164
486,0.0,21.4351242,3.8801004,5.828782400000001
487,0.0,47.0876568,3.9610646,8.692673600000001
488,0.0,37.758143700000005,9.0147592,7.1425106000000005
489,0.0,34.7738516,13.8574524,9.526072300000001
490,0.0,40.3756266,11.4924704,12.2655795
491,0.0,24.033706199999997,5.098773899999999,6.5563884
492,30.0,24.6463415,4.1291977,4.6333164
493,30.0,21.4351242,3.8801004,5.828782400000001
494,30.0,47.0876568,3.9610646,8.692673600000001
495,30.0,37.758143700000005,9.0147592,7.1425106000000005
496,30.0,34.7738516,13.8574524,9.526072300000001
497,30.0,40.3756266,11.4924704,12.2655795
498,20.0,24.033706199999997,5.098773899999999,6.5563884
499,20.0,24.6463415,4.1291977,4.6333164
500,20.0,21.4351242,3.8801004,5.828782400000001
501,20.0,47.0876568,3.9610646,8.692673600000001
502,20.0,37.758143700000005,9.0147592,7.1425106000000005
503,20.0,34.7738516,13.8574524,9.526072300000001
504,40.0,40.3756266,11.4924704,12.2655795
505,40.0,24.033706199999997,5.098773899999999,6.5563884
506,40.0,24.6463415,4.1291977,4.6333164
507,40.0,21.4351242,3.8801004,5.828782400000001
508,40.0,47.0876568,3.9610646,8.692673600000001
509,40.0,37.758143700000005,9.0147592,7.1425106000000005
510,50.0,34.7738516,13.8574524,9.526072300000001
511,50.0,40.3756266,11.4924704,12.2655795
512,50.0,24.033706199999997,5.098773899999999,6.5563884
513,50.0,24.6463415,4.1291977,4.6333164
514,50.0,21.4351242,3.8801004,5.828782400000001
515,50.0,47.0876568,3.9610646,8.692673600000001
516,10.0,37.758143700000005,9.0147592,7.1425106000000005
517,10.0,34.7738516,13.8574524,9.526072300000001
518,10.0,40.3756266,11.4924704,12.2655795
519,10.0,24.033706199999997,5.098773899999999,6.5563884
520,10.0,24.6463415,4.1291977,4.6333164
521,10.0,21.4351242,3.8801004,5.828782400000001
522,0.0,47.0876568,3.9610646,8.692673600000001
523,0.0,37.758143700000005,9.0147592,7.1425106000000005
524,0.0,34.7738516,13.8574524,9.526072300000001
525,0.0,40.3756266,11.4924704,12.2655795
526,0.0,24.033706199999997,5.098773899999999,6.5563884
527,0.0,24.6463415,4.1291977,4.6333164
528,30.0,21.4351242,3.8801004,5.828782400000001
529,30.0,47.0876568,3.9610646,8.692673600000001
530,30.0,37.758143700000005,9.0147592,7.1425106000000005
531,30.0,34.7738516,13.8574524,9.526072300000001
532,30.0,40.3756266,11.4924704,12.2655795
533,30.0,24.033706199999997,5.098773899999999,6.5563884
534,20.0,24.6463415,4.1291977,4.6333164
535,20.0,21.4351242,3.8801004,5.828782400000001
536,20.0,47.0876568,3.9610646,8.692673600000001
537,20.0,37.758143700000005,9.0147592,7.1425106000000005
538,20.0,34.7738516,13.8574524,9.526072300000001
539,20.0,40.3756266,11.4924704,12.2655795
540,40.0,39.5938854,18.979553900000003,11.8862306
541,40.0,36.4726024,8.0555034,3.8322470999999996
542,40.0,27.1082563,10.8856975,16.2686452
543,40.0,37.8902403,16.0491675,22.0978337
544,40.0,28.362358599999997,11.6550442,23.3296528
545,40.0,39.5938854,18.979553900000003,11.8862306
546,50.0,36.4726024,8.0555034,3.8322470999999996
547,50.0,27.1082563,10.8856975,16.2686452
548,50.0,37.8902403,16.0491675,22.0978337
549,50.0,28.362358599999997,11.6550442,23.3296528
550,50.0,39.5938854,18.979553900000003,11.8862306
551,50.0,36.4726024,8.0555034,3.8322470999999996
552,10.0,27.1082563,10.8856975,16.2686452
553,10.0,37.8902403,16.0491675,22.0978337
554,10.0,28.362358599999997,11.6550442,23.3296528
555,10.0,39.5938854,18.979553900000003,11.8862306
556,10.0,36.4726024,8.0555034,3.8322470999999996
557,10.0,27.1082563,10.8856975,16.2686452
558,0.0,37.8902403,16.0491675,22.0978337
559,0.0,28.362358599999997,11.6550442,23.3296528
560,0.0,39.5938854,18.979553900000003,11.8862306
561,0.0,36.4726024,8.0555034,3.8322470999999996
562,0.0,27.1082563,10.8856975,16.2686452
563,0.0,37.8902403,16.0491675,22.0978337
564,30.0,28.362358599999997,11.6550442,23.3296528
565,30.0,39.5938854,18.979553900000003,11.8862306
566,30.0,36.4726024,8.0555034,3.8322470999999996
567,30.0,27.1082563,10.8856975,16.2686452
568,30.0,37.8902403,16.0491675,22.0978337
569,30.0,28.362358599999997,11.6550442,23.3296528
570,20.0,39.5938854,18.979553900000003,11.8862306
571,20.0,36.4726024,8.0555034,3.8322470999999996
572,20.0,27.1082563,10.8856975,16.2686452
573,20.0,37.8902403,16.0491675,22.0978337
574,20.0,28.362358599999997,11.6550442,23.3296528
575,20.0,39.5938854,18.979553900000003,11.8862306
576,40.0,36.4726024,8.0555034,3.8322470999999996
577,40.0,27.1082563,10.8856975,16.2686452
578,40.0,37.8902403,16.0491675,22.0978337
579,40.0,28.362358599999997,11.6550442,23.3296528
580,40.0,39.5938854,18.979553900000003,11.8862306
581,40.0,36.4726024,8.0555034,3.8322470999999996
582,50.0,27.1082563,10.8856975,16.2686452
583,50.0,37.8902403,16.0491675,22.0978337
584,50.0,28.362358599999997,11.6550442,23.3296528
585,50.0,39.5938854,18.979553900000003,11.8862306
586,50.0,36.4726024,8.0555034,3.8322470999999996
587,50.0,27.1082563,10.8856975,16.2686452
588,10.0,37.8902403,16.0491675,22.0978337
589,10.0,28.362358599999997,11.6550442,23.3296528
590,10.0,39.5938854,18.979553900000003,11.8862306
591,10.0,36.4726024,8.0555034,3.8322470999999996
592,10.0,27.1082563,10.8856975,16.2686452
593,10.0,37.8902403,16.0491675,22.0978337
594,0.0,28.362358599999997,11.6550442,23.3296528
595,0.0,39.5938854,18.979553900000003,11.8862306
596,0.0,36.4726024,8.0555034,3.8322470999999996
597,0.0,27.1082563,10.8856975,16.2686452
598,0.0,37.8902403,16.0491675,22.0978337
599,0.0,28.362358599999997,11.6550442,23.3296528
600,30.0,39.5938854,18.979553900000003,11.8862306
601,30.0,36.4726024,8.0555034,3.8322470999999996
602,30.0,27.1082563,10.8856975,16.2686452
603,30.0,37.8902403,16.0491675,22.0978337
604,30.0,28.362358599999997,11.6550442,23.3296528
605,30.0,39.5938854,18.979553900000003,11.8862306
606,20.0,36.4726024,8.0555034,3.8322470999999996
607,20.0,27.1082563,10.8856975,16.2686452
608,20.0,37.8902403,16.0491675,22.0978337
609,20.0,28.362358599999997,11.6550442,23.3296528
610,20.0,39.5938854,18.979553900000003,11.8862306
611,20.0,36.4726024,8.0555034,3.8322470999999996
612,40.0,27.1082563,10.8856975,16.2686452
613,40.0,37.8902403,16.0491675,22.0978337
614,40.0,28.362358599999997,11.6550442,23.3296528
615,40.0,39.5938854,18.979553900000003,11.8862306
616,40.0,36.4726024,8.0555034,3.8322470999999996
617,40.0,27.1082563,10.8856975,16.2686452
618,50.0,37.8902403,16.0491675,22.0978337
619,50.0,28.362358599999997,11.6550442,23.3296528
620,50.0,39.5938854,18.979553900000003,11.8862306
621,50.0,36.4726024,8.0555034,3.8322470999999996
622,50.0,27.1082563,10.8856975,16.2686452
623,50.0,37.8902403,16.0491675,22.0978337
624,10.0,28.362358599999997,11.6550442,23.3296528
625,10.0,39.5938854,18.979553900000003,11.8862306
626,10.0,36.4726024,8.0555034,3.8322470999999996
627,10.0,27.1082563,10.8856975,16.2686452
628,10.0,37.8902403,16.0491675,22.0978337
629,10.0,28.362358599999997,11.6550442,23.3296528
630,0.0,39.5938854,18.979553900000003,11.8862306
631,0.0,36.4726024,8.0555034,3.8322470999999996
632,0.0,27.1082563,10.8856975,16.2686452
633,0.0,37.8902403,16.0491675,22.0978337
634,0.0,28.362358599999997,11.6550442,23.3296528
635,0.0,39.5938854,18.979553900000003,11.8862306
636,30.0,36.4726024,8.0555034,3.8322470999999996
637,30.0,27.1082563,10.8856975,16.2686452
638,30.0,37.8902403,16.0491675,22.0978337
639,30.0,28.362358599999997,11.6550442,23.3296528
640,30.0,39.5938854,18.979553900000003,11.8862306
641,30.0,36.4726024,8.0555034,3.8322470999999996
642,20.0,27.1082563,10.8856975,16.2686452
643,20.0,37.8902403,16.0491675,22.0978337
644,20.0,28.362358599999997,11.6550442,23.3296528
645,20.0,39.5938854,18.979553900000003,11.8862306
646,20.0,36.4726024,8.0555034,3.8322470999999996
647,20.0,27.1082563,10.8856975,16.2686452
648,40.0,37.8902403,16.0491675,22.0978337
649,40.0,28.362358599999997,11.6550442,23.3296528
650,40.0,39.5938854,18.979553900000003,11.8862306
651,40.0,36.4726024,8.0555034,3.8322470999999996
652,40.0,27.1082563,10.8856975,16.2686452
653,40.0,37.8902403,16.0491675,22.0978337
654,50.0,28.362358599999997,11.6550442,23.3296528
655,50.0,39.5938854,18.979553900000003,11.8862306
656,50.0,36.4726024,8.0555034,3.8322470999999996
657,50.0,27.1082563,10.8856975,16.2686452
658,50.0,37.8902403,16.0491675,22.0978337
659,50.0,28.362358599999997,11.6550442,23.3296528
660,10.0,39.5938854,18.979553900000003,11.8862306
661,10.0,36.4726024,8.0555034,3.8322470999999996
662,10.0,27.1082563,10.8856975,16.2686452
663,10.0,37.8902403,16.0491675,22.0978337
664,10.0,28.362358599999997,11.6550442,23.3296528
665,10.0,39.5938854,18.979553900000003,11.8862306
666,0.0,36.4726024,8.0555034,3.8322470999999996
667,0.0,27.1082563,10.8856975,16.2686452
668,0.0,37.8902403,16.0491675,22.0978337
669,0.0,28.362358599999997,11.6550442,23.3296528
670,0.0,39.5938854,18.979553900000003,11.8862306
671,0.0,36.4726024,8.0555034,3.8322470999999996
672,30.0,27.1082563,10.8856975,16.2686452
673,30.0,37.8902403,16.0491675,22.0978337
674,30.0,28.362358599999997,11.6550442,23.3296528
675,30.0,39.5938854,18.979553900000003,11.8862306
676,30.0,36.4726024,8.0555034,3.8322470999999996
677,30.0,27.1082563,10.8856975,16.2686452
678,20.0,37.8902403,16.0491675,22.0978337
679,20.0,28.362358599999997,11.6550442,23.3296528
680,20.0,39.5938854,18.979553900000003,11.8862306
681,20.0,36.4726024,8.0555034,3.8322470999999996
682,20.0,27.1082563,10.8856975,16.2686452
683,20.0,37.8902403,16.0491675,22.0978337
684,40.0,28.362358599999997,11.6550442,23.3296528
685,40.0,39.5938854,18.979553900000003,11.8862306
686,40.0,36.4726024,8.0555034,3.8322470999999996
687,40.0,27.1082563,10.8856975,16.2686452
688,40.0,37.8902403,16.0491675,22.0978337
689,40.0,28.362358599999997,11.6550442,23.3296528
690,50.0,39.5938854,18.979553900000003,11.8862306
691,50.0,36.4726024,8.0555034,3.8322470999999996
692,50.0,27.1082563,10.8856975,16.2686452
693,50.0,37.8902403,16.0491675,22.0978337
694,50.0,28.362358599999997,11.6550442,23.3296528
695,50.0,39.5938854,18.979553900000003,11.8862306
696,10.0,36.4726024,8.0555034,3.8322470999999996
697,10.0,27.1082563,10.8856975,16.2686452
698,10.0,37.8902403,16.0491675,22.0978337
699,10.0,28.362358599999997,11.6550442,23.3296528
700,10.0,39.5938854,18.979553900000003,11.8862306
701,10.0,36.4726024,8.0555034,3.8322470999999996
702,0.0,27.1082563,10.8856975,16.2686452
703,0.0,37.8902403,16.0491675,22.0978337
704,0.0,28.362358599999997,11.6550442,23.3296528
705,0.0,39.5938854,18.979553900000003,11.8862306
706,0.0,36.4726024,8.0555034,3.8322470999999996
707,0.0,27.1082563,10.8856975,16.2686452
708,30.0,37.8902403,16.0491675,22.0978337
709,30.0,28.362358599999997,11.6550442,23.3296528
710,30.0,39.5938854,18.979553900000003,11.8862306
711,30.0,36.4726024,8.0555034,3.8322470999999996
712,30.0,27.1082563,10.8856975,16.2686452
713,30.0,37.8902403,16.0491675,22.0978337
714,20.0,28.362358599999997,11.6550442,23.3296528
715,20.0,39.5938854,18.979553900000003,11.8862306
716,20.0,36.4726024,8.0555034,3.8322470999999996
717,20.0,27.1082563,10.8856975,16.2686452
718,20.0,37.8902403,16.0491675,22.0978337
719,20.0,28.362358599999997,11.6550442,23.3296528
720,40.0,39.5938854,18.979553900000003,11.8862306
721,40.0,36.4726024,8.0555034,3.8322470999999996
722,40.0,27.1082563,10.8856975,16.2686452
723,40.0,37.8902403,16.0491675,22.0978337
724,40.0,28.362358599999997,11.6550442,23.3296528
725,40.0,39.5938854,18.979553900000003,11.8862306
726,50.0,36.4726024,8.0555034,3.8322470999999996
727,50.0,27.1082563,10.8856975,16.2686452
728,50.0,37.8902403,16.0491675,22.0978337
729,50.0,28.362358599999997,11.6550442,23.3296528
730,50.0,39.5938854,18.979553900000003,11.8862306
731,50.0,36.4726024,8.0555034,3.8322470999999996
732,10.0,27.1082563,10.8856975,16.2686452
733,10.0,37.8902403,16.0491675,22.0978337
734,10.0,28.362358599999997,11.6550442,23.3296528
735,10.0,39.5938854,18.979553900000003,11.8862306
736,10.0,36.4726024,8.0555034,3.8322470999999996
737,10.0,27.1082563,10.8856975,16.2686452
738,0.0,37.8902403,16.0491675,22.0978337
739,0.0,28.362358599999997,11.6550442,23.3296528
740,0.0,39.5938854,18.979553900000003,11.8862306
741,0.0,36.4726024,8.0555034,3.8322470999999996
742,0.0,27.1082563,10.8856975,16.2686452
743,0.0,37.8902403,16.0491675,22.0978337
744,30.0,28.362358599999997,11.6550442,23.3296528
745,30.0,39.5938854,18.979553900000003,11.8862306
746,30.0,36.4726024,8.0555034,3.8322470999999996
747,30.0,27.1082563,10.8856975,16.2686452
748,30.0,37.8902403,16.0491675,22.0978337
749,30.0,28.362358599999997,11.6550442,23.3296528
750,20.0,39.5938854,18.979553900000003,11.8862306
751,20.0,36.4726024,8.0555034,3.8322470999999996
752,20.0,27.1082563,10.8856975,16.2686452
753,20.0,37.8902403,16.0491675,22.0978337
754,20.0,28.362358599999997,11.6550442,23.3296528
755,20.0,39.5938854,18.979553900000003,11.8862306
756,40.0,36.4726024,8.0555034,3.8322470999999996
757,40.0,27.1082563,10.8856975,16.2686452
758,40.0,37.8902403,16.0491675,22.0978337
759,40.0,28.362358599999997,11.6550442,23.3296528
760,40.0,39.5938854,18.979553900000003,11.8862306
761,40.0,36.4726024,8.0555034,3.8322470999999996
762,50.0,27.1082563,10.8856975,16.2686452
763,50.0,37.8902403,16.0491675,22.0978337
764,50.0,28.362358599999997,11.6550442,23.3296528
765,50.0,39.5938854,18.979553900000003,11.8862306
766,50.0,36.4726024,8.0555034,3.8322470999999996
767,50.0,27.1082563,10.8856975,16.2686452
768,10.0,37.8902403,16.0491675,22.0978337
769,10.0,28.362358599999997,11.6550442,23.3296528
770,10.0,39.5938854,18.979553900000003,11.8862306
771,10.0,36.4726024,8.0555034,3.8322470999999996
772,10.0,27.1082563,10.8856975,16.2686452
773,10.0,37.8902403,16.0491675,22.0978337
774,0.0,28.362358599999997,11.6550442,23.3296528
775,0.0,39.5938854,18.979553900000003,11.8862306
776,0.0,36.4726024,8.0555034,3.8322470999999996
777,0.0,27.1082563,10.8856975,16.2686452
778,0.0,37.8902403,16.0491675,22.0978337
779,0.0,28.362358599999997,11.6550442,23.3296528
780,30.0,39.5938854,18.979553900000003,11.8862306
781,30.0,36.4726024,8.0555034,3.8322470999999996
782,30.0,27.1082563,10.8856975,16.2686452
783,30.0,37.8902403,16.0491675,22.0978337
784,30.0,28.362358599999997,11.6550442,23.3296528
785,30.0,39.5938854,18.979553900000003,11.8862306
786,20.0,36.4726024,8.0555034,3.8322470999999996
787,20.0,27.1082563,10.8856975,16.2686452
788,20.0,37.8902403,16.0491675,22.0978337
789,20.0,28.362358599999997,11.6550442,23.3296528
790,20.0,39.5938854,18.979553900000003,11.8862306
791,20.0,36.4726024,8.0555034,3.8322470999999996
792,40.0,27.1082563,10.8856975,16.2686452
793,40.0,37.8902403,16.0491675,22.0978337
794,40.0,28.362358599999997,11.6550442,23.3296528
795,40.0,39.5938854,18.979553900000003,11.8862306
796,40.0,36.4726024,8.0555034,3.8322470999999996
797,40.0,27.1082563,10.8856975,16.2686452
798,50.0,37.8902403,16.0491675,22.0978337
799,50.0,28.362358599999997,11.6550442,23.3296528
800,50.0,39.5938854,18.979553900000003,11.8862306
801,50.0,36.4726024,8.0555034,3.8322470999999996
802,50.0,27.1082563,10.8856975,16.2686452
803,50.0,37.8902403,16.0491675,22.0978337
804,10.0,28.362358599999997,11.6550442,23.3296528
805,10.0,39.5938854,18.979553900000003,11.8862306
806,10.0,36.4726024,8.0555034,3.8322470999999996
807,10.0,27.1082563,10.8856975,16.2686452
808,10.0,37.8902403,16.0491675,22.0978337
809,10.0,28.362358599999997,11.6550442,23.3296528
810,0.0,39.5938854,18.979553900000003,11.8862306
811,0.0,36.4726024,8.0555034,3.8322470999999996
812,0.0,27.1082563,10.8856975,16.2686452
813,0.0,37.8902403,16.0491675,22.0978337
814,0.0,28.362358599999997,11.6550442,23.3296528
815,0.0,39.5938854,18.979553900000003,11.8862306
816,30.0,36.4726024,8.0555034,3.8322470999999996
817,30.0,27.1082563,10.8856975,16.2686452
818,30.0,37.8902403,16.0491675,22.0978337
819,30.0,28.362358599999997,11.6550442,23.3296528
820,30.0,39.5938854,18.979553900000003,11.8862306
821,30.0,36.4726024,8.0555034,3.8322470999999996
822,20.0,27.1082563,10.8856975,16.2686452
823,20.0,37.8902403,16.0491675,22.0978337
824,20.0,28.362358599999997,11.6550442,23.3296528
825,20.0,39.5938854,18.979553900000003,11.8862306
826,20.0,36.4726024,8.0555034,3.8322470999999996
827,20.0,27.1082563,10.8856975,16.2686452
828,40.0,37.8902403,16.0491675,22.0978337
829,40.0,28.362358599999997,11.6550442,23.3296528
830,40.0,39.5938854,18.979553900000003,11.8862306
831,40.0,36.4726024,8.0555034,3.8322470999999996
832,40.0,27.1082563,10.8856975,16.2686452
833,40.0,37.8902403,16.0491675,22.0978337
834,50.0,28.362358599999997,11.6550442,23.3296528
835,50.0,39.5938854,18.979553900000003,11.8862306
836,50.0,36.4726024,8.0555034,3.8322470999999996
837,50.0,27.1082563,10.8856975,16.2686452
838,50.0,37.8902403,16.0491675,22.0978337
839,50.0,28.362358599999997,11.6550442,23.3296528
840,10.0,39.5938854,18.979553900000003,11.8862306
841,10.0,36.4726024,8.0555034,3.8322470999999996
842,10.0,27.1082563,10.8856975,16.2686452
843,10.0,37.8902403,16.0491675,22.0978337
844,10.0,28.362358599999997,11.6550442,23.3296528
845,10.0,39.5938854,18.979553900000003,11.8862306
846,0.0,36.4726024,8.0555034,3.8322470999999996
847,0.0,27.1082563,10.8856975,16.2686452
848,0.0,37.8902403,16.0491675,22.0978337
849,0.0,28.362358599999997,11.6550442,23.3296528
850,0.0,39.5938854,18.979553900000003,11.8862306
851,0.0,36.4726024,8.0555034,3.8322470999999996
852,30.0,27.1082563,10.8856975,16.2686452
853,30.0,37.8902403,16.0491675,22.0978337
854,30.0,28.362358599999997,11.6550442,23.3296528
855,30.0,39.5938854,18.979553900000003,11.8862306
856,30.0,36.4726024,8.0555034,3.8322470999999996
857,30.0,27.1082563,10.8856975,16.2686452
858,20.0,37.8902403,16.0491675,22.0978337
859,20.0,28.362358599999997,11.6550442,23.3296528
860,20.0,39.5938854,18.979553900000003,11.8862306
861,20.0,36.4726024,8.0555034,3.8322470999999996
862,20.0,27.1082563,10.8856975,16.2686452
863,20.0,37.8902403,16.0491675,22.0978337
864,40.0,28.362358599999997,11.6550442,23.3296528
865,40.0,39.5938854,18.979553900000003,11.8862306
866,40.0,36.4726024,8.0555034,3.8322470999999996
867,40.0,27.1082563,10.8856975,16.2686452
868,40.0,37.8902403,16.0491675,22.0978337
869,40.0,28.362358599999997,11.6550442,23.3296528
870,50.0,39.5938854,18.979553900000003,11.8862306
871,50.0,36.4726024,8.0555034,3.8322470999999996
872,50.0,27.1082563,10.8856975,16.2686452
873,50.0,37.8902403,16.0491675,22.0978337
874,50.0,28.362358599999997,11.6550442,23.3296528
875,50.0,39.5938854,18.979553900000003,11.8862306
876,10.0,36.4726024,8.0555034,3.8322470999999996
877,10.0,27.1082563,10.8856975,16.2686452
878,10.0,37.8902403,16.0491675,22.0978337
879,10.0,28.362358599999997,11.6550442,23.3296528
880,10.0,39.5938854,18.979553900000003,11.8862306
881,10.0,36.4726024,8.0555034,3.8322470999999996
882,0.0,27.1082563,10.8856975,16.2686452
883,0.0,37.8902403,16.0491675,22.0978337
884,0.0,28.362358599999997,11.6550442,23.3296528
885,0.0,39.5938854,18.979553900000003,11.8862306
886,0.0,36.4726024,8.0555034,3.8322470999999996
887,0.0,27.1082563,10.8856975,16.2686452
888,30.0,37.8902403,16.0491675,22.0978337
889,30.0,28.362358599999997,11.6550442,23.3296528
890,30.0,39.5938854,18.979553900000003,11.8862306
891,30.0,36.4726024,8.0555034,3.8322470999999996
892,30.0,27.1082563,10.8856975,16.2686452
893,30.0,37.8902403,16.0491675,22.0978337
894,20.0,28.362358599999997,11.6550442,23.3296528
895,20.0,39.5938854,18.979553900000003,11.8862306
896,20.0,36.4726024,8.0555034,3.8322470999999996
897,20.0,27.1082563,10.8856975,16.2686452
898,20.0,37.8902403,16.0491675,22.0978337
899,20.0,28.362358599999997,11.6550442,23.3296528
900,40.0,39.5938854,18.979553900000003,11.8862306
901,40.0,36.4726024,8.0555034,3.8322470999999996
902,40.0,27.1082563,10.8856975,16.2686452
903,40.0,37.8902403,16.0491675,22.0978337
904,40.0,28.362358599999997,11.6550442,23.3296528
905,40.0,39.5938854,18.979553900000003,11.8862306
906,50.0,36.4726024,8.0555034,3.8322470999999996
907,50.0,27.1082563,10.8856975,16.2686452
908,50.0,37.8902403,16.0491675,22.0978337
909,50.0,28.362358599999997,11.6550442,23.3296528
910,50.0,39.5938854,18.979553900000003,11.8862306
911,50.0,36.4726024,8.0555034,3.8322470999999996
912,10.0,27.1082563,10.8856975,16.2686452
913,10.0,37.8902403,16.0491675,22.0978337
914,10.0,28.362358599999997,11.6550442,23.3296528
915,10.0,39.5938854,18.979553900000003,11.8862306
916,10.0,36.4726024,8.0555034,3.8322470999999996
917,10.0,27.1082563,10.8856975,16.2686452
918,0.0,37.8902403,16.0491675,22.0978337
919,0.0,28.362358599999997,11.6550442,23.3296528
920,0.0,39.5938854,18.979553900000003,11.8862306
921,0.0,36.4726024,8.0555034,3.8322470999999996
922,0.0,27.1082563,10.8856975,16.2686452
923,0.0,37.8902403,16.0491675,22.0978337
924,30.0,28.362358599999997,11.6550442,23.3296528
925,30.0,39.5938854,18.979553900000003,11.8862306
926,30.0,36.4726024,8.0555034,3.8322470999999996
927,30.0,27.1082563,10.8856975,16.2686452
928,30.0,37.8902403,16.0491675,22.0978337
929,30.0,28.362358599999997,11.6550442,23.3296528
930,20.0,39.5938854,18.979553900000003,11.8862306
931,20.0,36.4726024,8.0555034,3.8322470999999996
932,20.0,27.1082563,10.8856975,16.2686452
933,20.0,37.8902403,16.0491675,22.0978337
934,20.0,28.362358599999997,11.6550442,23.3296528
935,20.0,39.5938854,18.979553900000003,11.8862306
936,40.0,36.4726024,8.0555034,3.8322470999999996
937,50.0,27.1082563,10.8856975,16.2686452
938,10.0,37.8902403,16.0491675,22.0978337
939,0.0,28.362358599999997,11.6550442,23.3296528
940,30.0,39.5938854,18.979553900000003,11.8862306
941,20.0,36.4726024,8.0555034,3.8322470999999996
942,40.0,27.1082563,10.8856975,16.2686452
943,50.0,37.8902403,16.0491675,22.0978337
944,10.0,28.362358599999997,11.6550442,23.3296528
945,0.0,39.5938854,18.979553900000003,11.8862306
946,30.0,36.4726024,8.0555034,3.8322470999999996
947,20.0,27.1082563,10.8856975,16.2686452
948,40.0,37.8902403,16.0491675,22.0978337
949,50.0,28.362358599999997,11.6550442,23.3296528
950,10.0,39.5938854,18.979553900000003,11.8862306
951,0.0,36.4726024,8.0555034,3.8322470999999996
952,30.0,27.1082563,10.8856975,16.2686452
953,20.0,37.8902403,16.0491675,22.0978337
954,40.0,28.362358599999997,11.6550442,23.3296528
955,50.0,39.5938854,18.979553900000003,11.8862306
956,10.0,36.4726024,8.0555034,3.8322470999999996
957,0.0,27.1082563,10.8856975,16.2686452
958,30.0,37.8902403,16.0491675,22.0978337
959,20.0,28.362358599999997,11.6550442,23.3296528
960,40.0,39.5938854,18.979553900000003,11.8862306
961,50.0,36.4726024,8.0555034,3.8322470999999996
962,10.0,27.1082563,10.8856975,16.2686452
963,0.0,37.8902403,16.0491675,22.0978337
964,30.0,28.362358599999997,11.6550442,23.3296528
965,20.0,39.5938854,18.979553900000003,11.8862306
966,40.0,36.4726024,8.0555034,3.8322470999999996
967,50.0,27.1082563,10.8856975,16.2686452
968,10.0,37.8902403,16.0491675,22.0978337
969,0.0,28.362358599999997,11.6550442,23.3296528
970,30.0,39.5938854,18.979553900000003,11.8862306
971,20.0,36.4726024,8.0555034,3.8322470999999996
972,40.0,27.1082563,10.8856975,16.2686452
973,40.0,37.8902403,16.0491675,22.0978337
974,40.0,28.362358599999997,11.6550442,23.3296528
975,40.0,39.5938854,18.979553900000003,11.8862306
976,40.0,36.4726024,8.0555034,3.8322470999999996
977,40.0,27.1082563,10.8856975,16.2686452
978,50.0,37.8902403,16.0491675,22.0978337
979,50.0,28.362358599999997,11.6550442,23.3296528
980,50.0,39.5938854,18.979553900000003,11.8862306
981,50.0,36.4726024,8.0555034,3.8322470999999996
982,50.0,27.1082563,10.8856975,16.2686452
983,50.0,37.8902403,16.0491675,22.0978337
984,10.0,28.362358599999997,11.6550442,23.3296528
985,10.0,39.5938854,18.979553900000003,11.8862306
986,10.0,36.4726024,8.0555034,3.8322470999999996
987,10.0,27.1082563,10.8856975,16.2686452
988,10.0,37.8902403,16.0491675,22.0978337
989,10.0,28.362358599999997,11.6550442,23.3296528
990,0.0,39.5938854,18.979553900000003,11.8862306
991,0.0,36.4726024,8.0555034,3.8322470999999996
992,0.0,27.1082563,10.8856975,16.2686452
993,0.0,37.8902403,16.0491675,22.0978337
994,0.0,28.362358599999997,11.6550442,23.3296528
995,0.0,39.5938854,18.979553900000003,11.8862306
996,30.0,36.4726024,8.0555034,3.8322470999999996
997,30.0,27.1082563,10.8856975,16.2686452
998,30.0,37.8902403,16.0491675,22.0978337
999,30.0,28.362358599999997,11.6550442,23.3296528
1000,30.0,39.5938854,18.979553900000003,11.8862306
1001,30.0,36.4726024,8.0555034,3.8322470999999996
1002,20.0,27.1082563,10.8856975,16.2686452
1003,20.0,37.8902403,16.0491675,22.0978337
1004,20.0,28.362358599999997,11.6550442,23.3296528
1005,20.0,39.5938854,18.979553900000003,11.8862306
1006,20.0,36.4726024,8.0555034,3.8322470999999996
1007,20.0,27.1082563,10.8856975,16.2686452
1008,40.0,37.8902403,16.0491675,22.0978337
1009,40.0,28.362358599999997,11.6550442,23.3296528
1010,40.0,39.5938854,18.979553900000003,11.8862306
1011,40.0,36.4726024,8.0555034,3.8322470999999996
1012,40.0,27.1082563,10.8856975,16.2686452
1013,40.0,37.8902403,16.0491675,22.0978337
1014,50.0,28.362358599999997,11.6550442,23.3296528
1015,50.0,39.5938854,18.979553900000003,11.8862306
1016,50.0,36.4726024,8.0555034,3.8322470999999996
1017,50.0,27.1082563,10.8856975,16.2686452
1018,50.0,37.8902403,16.0491675,22.0978337
1019,50.0,28.362358599999997,11.6550442,23.3296528
1020,10.0,39.5938854,18.979553900000003,11.8862306
1021,10.0,36.4726024,8.0555034,3.8322470999999996
1022,10.0,27.1082563,10.8856975,16.2686452
1023,10.0,37.8902403,16.0491675,22.0978337
1024,10.0,28.362358599999997,11.6550442,23.3296528
1025,10.0,39.5938854,18.979553900000003,11.8862306
1026,0.0,36.4726024,8.0555034,3.8322470999999996
1027,0.0,27.1082563,10.8856975,16.2686452
1028,0.0,37.8902403,16.0491675,22.0978337
1029,0.0,28.362358599999997,11.6550442,23.3296528
1030,0.0,39.5938854,18.979553900000003,11.8862306
1031,0.0,36.4726024,8.0555034,3.8322470999999996
1032,30.0,27.1082563,10.8856975,16.2686452
1033,30.0,37.8902403,16.0491675,22.0978337
1034,30.0,28.362358599999997,11.6550442,23.3296528
1035,30.0,39.5938854,18.979553900000003,11.8862306
1036,30.0,36.4726024,8.0555034,3.8322470999999996
1037,30.0,27.1082563,10.8856975,16.2686452
1038,20.0,37.8902403,16.0491675,22.0978337
1039,20.0,28.362358599999997,11.6550442,23.3296528
1040,20.0,39.5938854,18.979553900000003,11.8862306
1041,20.0,36.4726024,8.0555034,3.8322470999999996
1042,20.0,27.1082563,10.8856975,16.2686452
1043,20.0,37.8902403,16.0491675,22.0978337
1044,40.0,28.362358599999997,11.6550442,23.3296528
1045,40.0,39.5938854,18.979553900000003,11.8862306
1046,40.0,36.4726024,8.0555034,3.8322470999999996
1047,40.0,27.1082563,10.8856975,16.2686452
1048,40.0,37.8902403,16.0491675,22.0978337
1049,40.0,28.362358599999997,11.6550442,23.3296528
1050,50.0,39.5938854,18.979553900000003,11.8862306
1051,50.0,36.4726024,8.0555034,3.8322470999999996
1052,50.0,27.1082563,10.8856975,16.2686452
1053,50.0,37.8902403,16.0491675,22.0978337
1054,50.0,28.362358599999997,11.6550442,23.3296528
1055,50.0,39.5938854,18.979553900000003,11.8862306
1056,10.0,36.4726024,8.0555034,3.8322470999999996
1057,10.0,27.1082563,10.8856975,16.2686452
1058,10.0,37.8902403,16.0491675,22.0978337
1059,10.0,28.362358599999997,11.6550442,23.3296528
1060,10.0,39.5938854,18.979553900000003,11.8862306
1061,10.0,36.4726024,8.0555034,3.8322470999999996
1062,0.0,27.1082563,10.8856975,16.2686452
1063,0.0,37.8902403,16.0491675,22.0978337
1064,0.0,28.362358599999997,11.6550442,23.3296528
1065,0.0,39.5938854,18.979553900000003,11.8862306
1066,0.0,36.4726024,8.0555034,3.8322470999999996
1067,0.0,27.1082563,10.8856975,16.2686452
1068,30.0,37.8902403,16.0491675,22.0978337
1069,30.0,28.362358599999997,11.6550442,23.3296528
1070,30.0,39.5938854,18.979553900000003,11.8862306
1071,30.0,36.4726024,8.0555034,3.8322470999999996
1072,30.0,27.1082563,10.8856975,16.2686452
1073,30.0,37.8902403,16.0491675,22.0978337
1074,20.0,28.362358599999997,11.6550442,23.3296528
1075,20.0,39.5938854,18.979553900000003,11.8862306
1076,20.0,36.4726024,8.0555034,3.8322470999999996
1077,20.0,27.1082563,10.8856975,16.2686452
1078,20.0,37.8902403,16.0491675,22.0978337
1079,20.0,28.362358599999997,11.6550442,23.3296528
1080,40.0,32.9929516,7.929887600000001,7.6354516
1081,40.0,29.2249141,5.2744145,5.477498499999999
1082,40.0,44.107660599999996,7.0797917,6.8588776000000005
1083,40.0,52.527174,19.0255926,5.022418
1084,40.0,55.281859,26.404563399999997,23.201754
1085,40.0,40.8521621,4.7267516,7.1985058
1086,50.0,49.250078200000004,15.5946123,17.013681
1087,50.0,38.161313299999996,15.461375499999999,13.180056500000001
1088,50.0,48.485521999999996,36.4627465,16.4792512
1089,50.0,34.632657300000005,10.8859948,13.9116293
1090,50.0,70.99928290000001,53.8449501,20.3303816
1091,50.0,27.9236312,3.7747513,2.2843067
1092,10.0,26.8978181,5.2078503,5.3553669
1093,10.0,31.166186099999997,4.7507641000000005,6.914815300000001
1094,10.0,39.2931313,7.4201979,7.971434199999999
1095,10.0,17.4649333,4.6383378,11.2477783
1096,10.0,30.987481700000004,7.886384100000001,5.423181
1097,10.0,32.795246500000005,15.591392200000001,11.1832719
1098,0.0,51.3300365,10.2744002,12.577212300000001
1099,0.0,45.590422000000004,20.2062962,11.6942502
1100,0.0,26.769684700000003,3.9618885,3.9272400999999997
1101,0.0,37.998898,10.113633199999999,9.9947144
1102,0.0,31.5804092,7.754221899999999,9.607038900000001
1103,0.0,31.723557800000002,7.8402411,4.447218
1104,30.0,32.5070828,10.4939903,9.0844889
1105,30.0,43.0861918,16.1204475,11.7347719
1106,30.0,55.0184539,15.115540399999999,9.2001501
1107,30.0,54.906011899999996,34.6954316,22.939445799999998
1108,30.0,53.7502269,19.430039800000003,5.5758711000000005
1109,30.0,46.6647168,16.7743884,10.6816728
1110,20.0,45.6945365,29.996154000000004,10.9291849
1111,20.0,32.9929516,7.929887600000001,7.6354516
1112,20.0,29.2249141,5.2744145,5.477498499999999
1113,20.0,44.107660599999996,7.0797917,6.8588776000000005
1114,20.0,52.527174,19.0255926,5.022418
1115,20.0,55.281859,26.404563399999997,23.201754
1116,40.0,40.8521621,4.7267516,7.1985058
1117,40.0,49.250078200000004,15.5946123,17.013681
1118,40.0,38.161313299999996,15.461375499999999,13.180056500000001
1119,40.0,48.485521999999996,36.4627465,16.4792512
1120,40.0,34.632657300000005,10.8859948,13.9116293
1121,40.0,70.99928290000001,53.8449501,20.3303816
1122,50.0,27.9236312,3.7747513,2.2843067
1123,50.0,26.8978181,5.2078503,5.3553669
1124,50.0,31.166186099999997,4.7507641000000005,6.914815300000001
1125,50.0,39.2931313,7.4201979,7.971434199999999
1126,50.0,17.4649333,4.6383378,11.2477783
1127,50.0,30.987481700000004,7.886384100000001,5.423181
1128,10.0,32.795246500000005,15.591392200000001,11.1832719
1129,10.0,51.3300365,10.2744002,12.577212300000001
1130,10.0,45.590422000000004,20.2062962,11.6942502
1131,10.0,26.769684700000003,3.9618885,3.9272400999999997
1132,10.0,37.998898,10.113633199999999,9.9947144
1133,10.0,31.5804092,7.754221899999999,9.607038900000001
1134,0.0,31.723557800000002,7.8402411,4.447218
1135,0.0,32.5070828,10.4939903,9.0844889
1136,0.0,43.0861918,16.1204475,11.7347719
1137,0.0,55.0184539,15.115540399999999,9.2001501
1138,0.0,54.906011899999996,34.6954316,22.939445799999998
1139,0.0,53.7502269,19.430039800000003,5.5758711000000005
1140,30.0,46.6647168,16.7743884,10.6816728
1141,30.0,45.6945365,29.996154000000004,10.9291849
1142,30.0,32.9929516,7.929887600000001,7.6354516
1143,30.0,29.2249141,5.2744145,5.477498499999999
1144,30.0,44.107660599999996,7.0797917,6.8588776000000005
1145,30.0,52.527174,19.0255926,5.022418
1146,20.0,55.281859,26.404563399999997,23.201754
1147,20.0,40.8521621,4.7267516,7.1985058
1148,20.0,49.250078200000004,15.5946123,17.013681
1149,20.0,38.161313299999996,15.461375499999999,13.180056500000001
1150,20.0,48.485521999999996,36.4627465,16.4792512
1151,20.0,34.632657300000005,10.8859948,13.9116293
1152,40.0,70.99928290000001,53.8449501,20.3303816
1153,40.0,27.9236312,3.7747513,2.2843067
1154,40.0,26.8978181,5.2078503,5.3553669
1155,40.0,31.166186099999997,4.7507641000000005,6.914815300000001
1156,40.0,39.2931313,7.4201979,7.971434199999999
1157,40.0,17.4649333,4.6383378,11.2477783
1158,50.0,30.987481700000004,7.886384100000001,5.423181
1159,50.0,32.795246500000005,15.591392200000001,11.1832719
1160,50.0,51.3300365,10.2744002,12.577212300000001
1161,50.0,45.590422000000004,20.2062962,11.6942502
1162,50.0,26.769684700000003,3.9618885,3.9272400999999997
1163,50.0,37.998898,10.113633199999999,9.9947144
1164,10.0,31.5804092,7.754221899999999,9.607038900000001
1165,10.0,31.723557800000002,7.8402411,4.447218
1166,10.0,32.5070828,10.4939903,9.0844889
1167,10.0,43.0861918,16.1204475,11.7347719
1168,10.0,55.0184539,15.115540399999999,9.2001501
1169,10.0,54.906011899999996,34.6954316,22.939445799999998
1170,0.0,53.7502269,19.430039800000003,5.5758711000000005
1171,0.0,46.6647168,16.7743884,10.6816728
1172,0.0,45.6945365,29.996154000000004,10.9291849
1173,0.0,32.9929516,7.929887600000001,7.6354516
1174,0.0,29.2249141,5.2744145,5.477498499999999
1175,0.0,44.107660599999996,7.0797917,6.8588776000000005
1176,30.0,52.527174,19.0255926,5.022418
1177,30.0,55.281859,26.404563399999997,23.201754
1178,30.0,40.8521621,4.7267516,7.1985058
1179,30.0,49.250078200000004,15.5946123,17.013681
1180,30.0,38.161313299999996,15.461375499999999,13.180056500000001
1181,30.0,48.485521999999996,36.4627465,16.4792512
1182,20.0,34.632657300000005,10.8859948,13.9116293
1183,20.0,70.99928290000001,53.8449501,20.3303816
1184,20.0,27.9236312,3.7747513,2.2843067
1185,20.0,26.8978181,5.2078503,5.3553669
1186,20.0,31.166186099999997,4.7507641000000005,6.914815300000001
1187,20.0,39.2931313,7.4201979,7.971434199999999
1188,40.0,17.4649333,4.6383378,11.2477783
1189,40.0,30.987481700000004,7.886384100000001,5.423181
1190,40.0,32.795246500000005,15.591392200000001,11.1832719
1191,40.0,51.3300365,10.2744002,12.577212300000001
1192,40.0,45.590422000000004,20.2062962,11.6942502
1193,40.0,26.769684700000003,3.9618885,3.9272400999999997
1194,50.0,37.998898,10.113633199999999,9.9947144
1195,50.0,31.5804092,7.754221899999999,9.607038900000001
1196,50.0,31.723557800000002,7.8402411,4.447218
1197,50.0,32.5070828,10.4939903,9.0844889
1198,50.0,43.0861918,16.1204475,11.7347719
1199,50.0,55.0184539,15.115540399999999,9.2001501
1200,10.0,54.906011899999996,34.6954316,22.939445799999998
1201,10.0,53.7502269,19.430039800000003,5.5758711000000005
1202,10.0,46.6647168,16.7743884,10.6816728
1203,10.0,45.6945365,29.996154000000004,10.9291849
1204,10.0,32.9929516,7.929887600000001,7.6354516
1205,10.0,29.2249141,5.2744145,5.477498499999999
1206,0.0,44.107660599999996,7.0797917,6.8588776000000005
1207,0.0,52.527174,19.0255926,5.022418
1208,0.0,55.281859,26.404563399999997,23.201754
1209,0.0,40.8521621,4.7267516,7.1985058
1210,0.0,49.250078200000004,15.5946123,17.013681
1211,0.0,38.161313299999996,15.461375499999999,13.180056500000001
1212,30.0,48.485521999999996,36.4627465,16.4792512
1213,30.0,34.632657300000005,10.8859948,13.9116293
1214,30.0,70.99928290000001,53.8449501,20.3303816
1215,30.0,27.9236312,3.7747513,2.2843067
1216,30.0,26.8978181,5.2078503,5.3553669
1217,30.0,31.166186099999997,4.7507641000000005,6.914815300000001
1218,20.0,39.2931313,7.4201979,7.971434199999999
1219,20.0,17.4649333,4.6383378,11.2477783
1220,20.0,30.987481700000004,7.886384100000001,5.423181
1221,20.0,32.795246500000005,15.591392200000001,11.1832719
1222,20.0,51.3300365,10.2744002,12.577212300000001
1223,20.0,45.590422000000004,20.2062962,11.6942502
1224,40.0,26.769684700000003,3.9618885,3.9272400999999997
1225,40.0,37.998898,10.113633199999999,9.9947144
1226,40.0,31.5804092,7.754221899999999,9.607038900000001
1227,40.0,31.723557800000002,7.8402411,4.447218
1228,40.0,32.5070828,10.4939903,9.0844889
1229,40.0,43.0861918,16.1204475,11.7347719
1230,50.0,55.0184539,15.115540399999999,9.2001501
1231,50.0,54.906011899999996,34.6954316,22.939445799999998
1232,50.0,53.7502269,19.430039800000003,5.5758711000000005
1233,50.0,46.6647168,16.7743884,10.6816728
1234,50.0,45.6945365,29.996154000000004,10.9291849
1235,50.0,32.9929516,7.929887600000001,7.6354516
1236,10.0,29.2249141,5.2744145,5.477498499999999
1237,10.0,44.107660599999996,7.0797917,6.8588776000000005
1238,10.0,52.527174,19.0255926,5.022418
1239,10.0,55.281859,26.404563399999997,23.201754
1240,10.0,40.8521621,4.7267516,7.1985058
1241,10.0,49.250078200000004,15.5946123,17.013681
1242,0.0,38.161313299999996,15.461375499999999,13.180056500000001
1243,0.0,48.485521999999996,36.4627465,16.4792512
1244,0.0,34.632657300000005,10.8859948,13.9116293
1245,0.0,70.99928290000001,53.8449501,20.3303816
1246,0.0,27.9236312,3.7747513,2.2843067
1247,0.0,26.8978181,5.2078503,5.3553669
1248,30.0,31.166186099999997,4.7507641000000005,6.914815300000001
1249,30.0,39.2931313,7.4201979,7.971434199999999
1250,30.0,17.4649333,4.6383378,11.2477783
1251,30.0,30.987481700000004,7.886384100000001,5.423181
1252,30.0,32.795246500000005,15.591392200000001,11.1832719
1253,30.0,51.3300365,10.2744002,12.577212300000001
1254,20.0,45.590422000000004,20.2062962,11.6942502
1255,20.0,26.769684700000003,3.9618885,3.9272400999999997
1256,20.0,37.998898,10.113633199999999,9.9947144
1257,20.0,31.5804092,7.754221899999999,9.607038900000001
1258,20.0,31.723557800000002,7.8402411,4.447218
1259,20.0,32.5070828,10.4939903,9.0844889
1260,40.0,43.0861918,16.1204475,11.7347719
1261,40.0,55.0184539,15.115540399999999,9.2001501
1262,40.0,54.906011899999996,34.6954316,22.939445799999998
1263,40.0,53.7502269,19.430039800000003,5.5758711000000005
1264,40.0,46.6647168,16.7743884,10.6816728
1265,40.0,45.6945365,29.996154000000004,10.9291849
1266,50.0,32.9929516,7.929887600000001,7.6354516
1267,50.0,29.2249141,5.2744145,5.477498499999999
1268,50.0,44.107660599999996,7.0797917,6.8588776000000005
1269,50.0,52.527174,19.0255926,5.022418
1270,50.0,55.281859,26.404563399999997,23.201754
1271,50.0,40.8521621,4.7267516,7.1985058
1272,10.0,49.250078200000004,15.5946123,17.013681
1273,10.0,38.161313299999996,15.461375499999999,13.180056500000001
1274,10.0,48.485521999999996,36.4627465,16.4792512
1275,10.0,34.632657300000005,10.8859948,13.9116293
1276,10.0,70.99928290000001,53.8449501,20.3303816
1277,10.0,27.9236312,3.7747513,2.2843067
1278,0.0,26.8978181,5.2078503,5.3553669
1279,0.0,31.166186099999997,4.7507641000000005,6.914815300000001
1280,0.0,39.2931313,7.4201979,7.971434199999999
1281,0.0,17.4649333,4.6383378,11.2477783
1282,0.0,30.987481700000004,7.886384100000001,5.423181
1283,0.0,32.795246500000005,15.591392200000001,11.1832719
1284,30.0,51.3300365,10.2744002,12.577212300000001
1285,30.0,45.590422000000004,20.2062962,11.6942502
1286,30.0,26.769684700000003,3.9618885,3.9272400999999997
1287,30.0,37.998898,10.113633199999999,9.9947144
1288,30.0,31.5804092,7.754221899999999,9.607038900000001
1289,30.0,31.723557800000002,7.8402411,4.447218
1290,20.0,32.5070828,10.4939903,9.0844889
1291,20.0,43.0861918,16.1204475,11.7347719
1292,20.0,55.0184539,15.115540399999999,9.2001501
1293,20.0,54.906011899999996,34.6954316,22.939445799999998
1294,20.0,53.7502269,19.430039800000003,5.5758711000000005
1295,20.0,46.6647168,16.7743884,10.6816728
1296,40.0,45.6945365,29.996154000000004,10.9291849
1297,40.0,32.9929516,7.929887600000001,7.6354516
1298,40.0,29.2249141,5.2744145,5.477498499999999
1299,40.0,44.107660599999996,7.0797917,6.8588776000000005
1300,40.0,52.527174,19.0255926,5.022418
1301,40.0,55.281859,26.404563399999997,23.201754
1302,50.0,40.8521621,4.7267516,7.1985058
1303,50.0,49.250078200000004,15.5946123,17.013681
1304,50.0,38.161313299999996,15.461375499999999,13.180056500000001
1305,50.0,48.485521999999996,36.4627465,16.4792512
1306,50.0,34.632657300000005,10.8859948,13.9116293
1307,50.0,70.99928290000001,53.8449501,20.3303816
1308,10.0,27.9236312,3.7747513,2.2843067
1309,10.0,26.8978181,5.2078503,5.3553669
1310,10.0,31.166186099999997,4.7507641000000005,6.914815300000001
1311,10.0,39.2931313,7.4201979,7.971434199999999
1312,10.0,17.4649333,4.6383378,11.2477783
1313,10.0,30.987481700000004,7.886384100000001,5.423181
1314,0.0,32.795246500000005,15.591392200000001,11.1832719
1315,0.0,51.3300365,10.2744002,12.577212300000001
1316,0.0,45.590422000000004,20.2062962,11.6942502
1317,0.0,26.769684700000003,3.9618885,3.9272400999999997
1318,0.0,37.998898,10.113633199999999,9.9947144
1319,0.0,31.5804092,7.754221899999999,9.607038900000001
1320,30.0,31.723557800000002,7.8402411,4.447218
1321,30.0,32.5070828,10.4939903,9.0844889
1322,30.0,43.0861918,16.1204475,11.7347719
1323,30.0,55.0184539,15.115540399999999,9.2001501
1324,30.0,54.906011899999996,34.6954316,22.939445799999998
1325,30.0,53.7502269,19.430039800000003,5.5758711000000005
1326,20.0,46.6647168,16.7743884,10.6816728
1327,20.0,45.6945365,29.996154000000004,10.9291849
1328,20.0,32.9929516,7.929887600000001,7.6354516
1329,20.0,29.2249141,5.2744145,5.477498499999999
1330,20.0,44.107660599999996,7.0797917,6.8588776000000005
1331,20.0,52.527174,19.0255926,5.022418
1332,40.0,55.281859,26.404563399999997,23.201754
1333,40.0,40.8521621,4.7267516,7.1985058
1334,40.0,49.250078200000004,15.5946123,17.013681
1335,40.0,38.161313299999996,15.461375499999999,13.180056500000001
1336,40.0,48.485521999999996,36.4627465,16.4792512
1337,40.0,34.632657300000005,10.8859948,13.9116293
1338,50.0,70.99928290000001,53.8449501,20.3303816
1339,50.0,27.9236312,3.7747513,2.2843067
1340,50.0,26.8978181,5.2078503,5.3553669
1341,50.0,31.166186099999997,4.7507641000000005,6.914815300000001
1342,50.0,39.2931313,7.4201979,7.971434199999999
1343,50.0,17.4649333,4.6383378,11.2477783
1344,10.0,30.987481700000004,7.886384100000001,5.423181
1345,10.0,32.795246500000005,15.591392200000001,11.1832719
1346,10.0,51.3300365,10.2744002,12.577212300000001
1347,10.0,45.590422000000004,20.2062962,11.6942502
1348,10.0,26.769684700000003,3.9618885,3.9272400999999997
1349,10.0,37.998898,10.113633199999999,9.9947144
1350,0.0,31.5804092,7.754221899999999,9.607038900000001
1351,0.0,31.723557800000002,7.8402411,4.447218
1352,0.0,32.5070828,10.4939903,9.0844889
1353,0.0,43.0861918,16.1204475,11.7347719
1354,0.0,55.0184539,15.115540399999999,9.2001501
1355,0.0,54.906011899999996,34.6954316,22.939445799999998
1356,30.0,53.7502269,19.430039800000003,5.5758711000000005
1357,30.0,46.6647168,16.7743884,10.6816728
1358,30.0,45.6945365,29.996154000000004,10.9291849
1359,30.0,32.9929516,7.929887600000001,7.6354516
1360,30.0,29.2249141,5.2744145,5.477498499999999
1361,30.0,44.107660599999996,7.0797917,6.8588776000000005
1362,20.0,52.527174,19.0255926,5.022418
1363,20.0,55.281859,26.404563399999997,23.201754
1364,20.0,40.8521621,4.7267516,7.1985058
1365,20.0,49.250078200000004,15.5946123,17.013681
1366,20.0,38.161313299999996,15.461375499999999,13.180056500000001
1367,20.0,48.485521999999996,36.4627465,16.4792512
1368,40.0,34.632657300000005,10.8859948,13.9116293
1369,40.0,70.99928290000001,53.8449501,20.3303816
1370,40.0,27.9236312,3.7747513,2.2843067
1371,40.0,26.8978181,5.2078503,5.3553669
1372,40.0,31.166186099999997,4.7507641000000005,6.914815300000001
1373,40.0,39.2931313,7.4201979,7.971434199999999
1374,50.0,17.4649333,4.6383378,11.2477783
1375,50.0,30.987481700000004,7.886384100000001,5.423181
1376,50.0,32.795246500000005,15.591392200000001,11.1832719
1377,50.0,51.3300365,10.2744002,12.577212300000001
1378,50.0,45.590422000000004,20.2062962,11.6942502
1379,50.0,26.769684700000003,3.9618885,3.9272400999999997
1380,10.0,37.998898,10.113633199999999,9.9947144
1381,10.0,31.5804092,7.754221899999999,9.607038900000001
1382,10.0,31.723557800000002,7.8402411,4.447218
1383,10.0,32.5070828,10.4939903,9.0844889
1384,10.0,43.0861918,16.1204475,11.7347719
1385,10.0,55.0184539,15.115540399999999,9.2001501
1386,0.0,54.906011899999996,34.6954316,22.939445799999998
1387,0.0,53.7502269,19.430039800000003,5.5758711000000005
1388,0.0,46.6647168,16.7743884,10.6816728
1389,0.0,45.6945365,29.996154000000004,10.9291849
1390,0.0,32.9929516,7.929887600000001,7.6354516
1391,0.0,29.2249141,5.2744145,5.477498499999999
1392,30.0,44.107660599999996,7.0797917,6.8588776000000005
1393,30.0,52.527174,19.0255926,5.022418
1394,30.0,55.281859,26.404563399999997,23.201754
1395,30.0,40.8521621,4.7267516,7.1985058
1396,30.0,49.250078200000004,15.5946123,17.013681
1397,30.0,38.161313299999996,15.461375499999999,13.180056500000001
1398,20.0,48.485521999999996,36.4627465,16.4792512
1399,20.0,34.632657300000005,10.8859948,13.9116293
1400,20.0,70.99928290000001,53.8449501,20.3303816
1401,20.0,27.9236312,3.7747513,2.2843067
1402,20.0,26.8978181,5.2078503,5.3553669
1403,20.0,31.166186099999997,4.7507641000000005,6.914815300000001
1404,40.0,39.2931313,7.4201979,7.971434199999999
1405,40.0,17.4649333,4.6383378,11.2477783
1406,40.0,30.987481700000004,7.886384100000001,5.423181
1407,40.0,32.795246500000005,15.591392200000001,11.1832719
1408,40.0,51.3300365,10.2744002,12.577212300000001
1409,40.0,45.590422000000004,20.2062962,11.6942502
1410,50.0,26.769684700000003,3.9618885,3.9272400999999997
1411,50.0,37.998898,10.113633199999999,9.9947144
1412,50.0,31.5804092,7.754221899999999,9.607038900000001
1413,50.0,31.723557800000002,7.8402411,4.447218
1414,50.0,32.5070828,10.4939903,9.0844889
1415,50.0,43.0861918,16.1204475,11.7347719
1416,10.0,55.0184539,15.115540399999999,9.2001501
1417,10.0,54.906011899999996,34.6954316,22.939445799999998
1418,10.0,53.7502269,19.430039800000003,5.5758711000000005
1419,10.0,46.6647168,16.7743884,10.6816728
1420,10.0,45.6945365,29.996154000000004,10.9291849
1421,10.0,32.9929516,7.929887600000001,7.6354516
1422,0.0,29.2249141,5.2744145,5.477498499999999
1423,0.0,44.107660599999996,7.0797917,6.8588776000000005
1424,0.0,52.527174,19.0255926,5.022418
1425,0.0,55.281859,26.404563399999997,23.201754
1426,0.0,40.8521621,4.7267516,7.1985058
1427,0.0,49.250078200000004,15.5946123,17.013681
1428,30.0,38.161313299999996,15.461375499999999,13.180056500000001
1429,30.0,48.485521999999996,36.4627465,16.4792512
1430,30.0,34.632657300000005,10.8859948,13.9116293
1431,30.0,70.99928290000001,53.8449501,20.3303816
1432,30.0,27.9236312,3.7747513,2.2843067
1433,30.0,26.8978181,5.2078503,5.3553669
1434,20.0,31.166186099999997,4.7507641000000005,6.914815300000001
1435,20.0,39.2931313,7.4201979,7.971434199999999
1436,20.0,17.4649333,4.6383378,11.2477783
1437,20.0,30.987481700000004,7.886384100000001,5.423181
1438,20.0,32.795246500000005,15.591392200000001,11.1832719
1439,20.0,51.3300365,10.2744002,12.577212300000001
1440,40.0,45.590422000000004,20.2062962,11.6942502
1441,50.0,26.769684700000003,3.9618885,3.9272400999999997
1442,10.0,37.998898,10.113633199999999,9.9947144
1443,0.0,31.5804092,7.754221899999999,9.607038900000001
1444,30.0,31.723557800000002,7.8402411,4.447218
1445,20.0,32.5070828,10.4939903,9.0844889
1446,40.0,43.0861918,16.1204475,11.7347719
1447,50.0,55.0184539,15.115540399999999,9.2001501
1448,10.0,54.906011899999996,34.6954316,22.939445799999998
1449,0.0,53.7502269,19.430039800000003,5.5758711000000005
1450,30.0,46.6647168,16.7743884,10.6816728
1451,20.0,45.6945365,29.996154000000004,10.9291849
1452,40.0,32.9929516,7.929887600000001,7.6354516
1453,50.0,29.2249141,5.2744145,5.477498499999999
1454,10.0,44.107660599999996,7.0797917,6.8588776000000005
1455,0.0,52.527174,19.0255926,5.022418
1456,30.0,55.281859,26.404563399999997,23.201754
1457,20.0,40.8521621,4.7267516,7.1985058
1458,40.0,49.250078200000004,15.5946123,17.013681
1459,50.0,38.161313299999996,15.461375499999999,13.180056500000001
1460,10.0,48.485521999999996,36.4627465,16.4792512
1461,0.0,34.632657300000005,10.8859948,13.9116293
1462,30.0,70.99928290000001,53.8449501,20.3303816
1463,20.0,27.9236312,3.7747513,2.2843067
1464,40.0,26.8978181,5.2078503,5.3553669
1465,50.0,31.166186099999997,4.7507641000000005,6.914815300000001
1466,10.0,39.2931313,7.4201979,7.971434199999999
1467,0.0,17.4649333,4.6383378,11.2477783
1468,30.0,30.987481700000004,7.886384100000001,5.423181
1469,20.0,32.795246500000005,15.591392200000001,11.1832719
1470,40.0,51.3300365,10.2744002,12.577212300000001
1471,50.0,45.590422000000004,20.2062962,11.6942502
1472,10.0,26.769684700000003,3.9618885,3.9272400999999997
1473,0.0,37.998898,10.113633199999999,9.9947144
1474,30.0,31.5804092,7.754221899999999,9.607038900000001
1475,20.0,31.723557800000002,7.8402411,4.447218
1476,40.0,32.5070828,10.4939903,9.0844889
1477,40.0,43.0861918,16.1204475,11.7347719
1478,40.0,55.0184539,15.115540399999999,9.2001501
1479,40.0,54.906011899999996,34.6954316,22.939445799999998
1480,40.0,53.7502269,19.430039800000003,5.5758711000000005
1481,40.0,46.6647168,16.7743884,10.6816728
1482,50.0,45.6945365,29.996154000000004,10.9291849
1483,50.0,32.9929516,7.929887600000001,7.6354516
1484,50.0,29.2249141,5.2744145,5.477498499999999
1485,50.0,44.107660599999996,7.0797917,6.8588776000000005
1486,50.0,52.527174,19.0255926,5.022418
1487,50.0,55.281859,26.404563399999997,23.201754
1488,10.0,40.8521621,4.7267516,7.1985058
1489,10.0,49.250078200000004,15.5946123,17.013681
1490,10.0,38.161313299999996,15.461375499999999,13.180056500000001
1491,10.0,48.485521999999996,36.4627465,16.4792512
1492,10.0,34.632657300000005,10.8859948,13.9116293
1493,10.0,70.99928290000001,53.8449501,20.3303816
1494,0.0,27.9236312,3.7747513,2.2843067
1495,0.0,26.8978181,5.2078503,5.3553669
1496,0.0,31.166186099999997,4.7507641000000005,6.914815300000001
1497,0.0,39.2931313,7.4201979,7.971434199999999
1498,0.0,17.4649333,4.6383378,11.2477783
1499,0.0,30.987481700000004,7.886384100000001,5.423181
1500,30.0,32.795246500000005,15.591392200000001,11.1832719
1501,30.0,51.3300365,10.2744002,12.577212300000001
1502,30.0,45.590422000000004,20.2062962,11.6942502
1503,30.0,26.769684700000003,3.9618885,3.9272400999999997
1504,30.0,37.998898,10.113633199999999,9.9947144
1505,30.0,31.5804092,7.754221899999999,9.607038900000001
1506,20.0,31.723557800000002,7.8402411,4.447218
1507,20.0,32.5070828,10.4939903,9.0844889
1508,20.0,43.0861918,16.1204475,11.7347719
1509,20.0,55.0184539,15.115540399999999,9.2001501
1510,20.0,54.906011899999996,34.6954316,22.939445799999998
1511,20.0,53.7502269,19.430039800000003,5.5758711000000005
1512,40.0,46.6647168,16.7743884,10.6816728
1513,40.0,45.6945365,29.996154000000004,10.9291849
1514,40.0,32.9929516,7.929887600000001,7.6354516
1515,40.0,29.2249141,5.2744145,5.477498499999999
1516,40.0,44.107660599999996,7.0797917,6.8588776000000005
1517,40.0,52.527174,19.0255926,5.022418
1518,50.0,55.281859,26.404563399999997,23.201754
1519,50.0,40.8521621,4.7267516,7.1985058
1520,50.0,49.250078200000004,15.5946123,17.013681
1521,50.0,38.161313299999996,15.461375499999999,13.180056500000001
1522,50.0,48.485521999999996,36.4627465,16.4792512
1523,50.0,34.632657300000005,10.8859948,13.9116293
1524,10.0,70.99928290000001,53.8449501,20.3303816
1525,10.0,27.9236312,3.7747513,2.2843067
1526,10.0,26.8978181,5.2078503,5.3553669
1527,10.0,31.166186099999997,4.7507641000000005,6.914815300000001
1528,10.0,39.2931313,7.4201979,7.971434199999999
1529,10.0,17.4649333,4.6383378,11.2477783
1530,0.0,30.987481700000004,7.886384100000001,5.423181
1531,0.0,32.795246500000005,15.591392200000001,11.1832719
1532,0.0,51.3300365,10.2744002,12.577212300000001
1533,0.0,45.590422000000004,20.2062962,11.6942502
1534,0.0,26.769684700000003,3.9618885,3.9272400999999997
1535,0.0,37.998898,10.113633199999999,9.9947144
1536,30.0,31.5804092,7.754221899999999,9.607038900000001
1537,30.0,31.723557800000002,7.8402411,4.447218
1538,30.0,32.5070828,10.4939903,9.0844889
1539,30.0,43.0861918,16.1204475,11.7347719
1540,30.0,55.0184539,15.115540399999999,9.2001501
1541,30.0,54.906011899999996,34.6954316,22.939445799999998
1542,20.0,53.7502269,19.430039800000003,5.5758711000000005
1543,20.0,46.6647168,16.7743884,10.6816728
1544,20.0,45.6945365,29.996154000000004,10.9291849
1545,20.0,32.9929516,7.929887600000001,7.6354516
1546,20.0,29.2249141,5.2744145,5.477498499999999
1547,20.0,44.107660599999996,7.0797917,6.8588776000000005
1548,40.0,52.527174,19.0255926,5.022418
1549,40.0,55.281859,26.404563399999997,23.201754
1550,40.0,40.8521621,4.7267516,7.1985058
1551,40.0,49.250078200000004,15.5946123,17.013681
1552,40.0,38.161313299999996,15.461375499999999,13.180056500000001
1553,40.0,48.485521999999996,36.4627465,16.4792512
1554,50.0,34.632657300000005,10.8859948,13.9116293
1555,50.0,70.99928290000001,53.8449501,20.3303816
1556,50.0,27.9236312,3.7747513,2.2843067
1557,50.0,26.8978181,5.2078503,5.3553669
1558,50.0,31.166186099999997,4.7507641000000005,6.914815300000001
1559,50.0,39.2931313,7.4201979,7.971434199999999
1560,10.0,17.4649333,4.6383378,11.2477783
1561,10.0,30.987481700000004,7.886384100000001,5.423181
1562,10.0,32.795246500000005,15.591392200000001,11.1832719
1563,10.0,51.3300365,10.2744002,12.577212300000001
1564,10.0,45.590422000000004,20.2062962,11.6942502
1565,10.0,26.769684700000003,3.9618885,3.9272400999999997
1566,0.0,37.998898,10.113633199999999,9.9947144
1567,0.0,31.5804092,7.754221899999999,9.607038900000001
1568,0.0,31.723557800000002,7.8402411,4.447218
1569,0.0,32.5070828,10.4939903,9.0844889
1570,0.0,43.0861918,16.1204475,11.7347719
1571,0.0,55.0184539,15.115540399999999,9.2001501
1572,30.0,54.906011899999996,34.6954316,22.939445799999998
1573,30.0,53.7502269,19.430039800000003,5.5758711000000005
1574,30.0,46.6647168,16.7743884,10.6816728
1575,30.0,45.6945365,29.996154000000004,10.9291849
1576,30.0,32.9929516,7.929887600000001,7.6354516
1577,30.0,29.2249141,5.2744145,5.477498499999999
1578,20.0,44.107660599999996,7.0797917,6.8588776000000005
1579,20.0,52.527174,19.0255926,5.022418
1580,20.0,55.281859,26.404563399999997,23.201754
1581,20.0,40.8521621,4.7267516,7.1985058
1582,20.0,49.250078200000004,15.5946123,17.013681
1583,20.0,38.161313299999996,15.461375499999999,13.180056500000001
1584,40.0,48.485521999999996,36.4627465,16.4792512
1585,40.0,34.632657300000005,10.8859948,13.9116293
1586,40.0,70.99928290000001,53.8449501,20.3303816
1587,40.0,27.9236312,3.7747513,2.2843067
1588,40.0,26.8978181,5.2078503,5.3553669
1589,40.0,31.166186099999997,4.7507641000000005,6.914815300000001
1590,50.0,39.2931313,7.4201979,7.971434199999999
1591,50.0,17.4649333,4.6383378,11.2477783
1592,50.0,30.987481700000004,7.886384100000001,5.423181
1593,50.0,32.795246500000005,15.591392200000001,11.1832719
1594,50.0,51.3300365,10.2744002,12.577212300000001
1595,50.0,45.590422000000004,20.2062962,11.6942502
1596,10.0,26.769684700000003,3.9618885,3.9272400999999997
1597,10.0,37.998898,10.113633199999999,9.9947144
1598,10.0,31.5804092,7.754221899999999,9.607038900000001
1599,10.0,31.723557800000002,7.8402411,4.447218
1600,10.0,32.5070828,10.4939903,9.0844889
1601,10.0,43.0861918,16.1204475,11.7347719
1602,0.0,55.0184539,15.115540399999999,9.2001501
1603,0.0,54.906011899999996,34.6954316,22.939445799999998
1604,0.0,53.7502269,19.430039800000003,5.5758711000000005
1605,0.0,46.6647168,16.7743884,10.6816728
1606,0.0,45.6945365,29.996154000000004,10.9291849
1607,0.0,32.9929516,7.929887600000001,7.6354516
1608,30.0,29.2249141,5.2744145,5.477498499999999
1609,30.0,44.107660599999996,7.0797917,6.8588776000000005
1610,30.0,52.527174,19.0255926,5.022418
1611,30.0,55.281859,26.404563399999997,23.201754
1612,30.0,40.8521621,4.7267516,7.1985058
1613,30.0,49.250078200000004,15.5946123,17.013681
1614,20.0,38.161313299999996,15.461375499999999,13.180056500000001
1615,20.0,48.485521999999996,36.4627465,16.4792512
1616,20.0,34.632657300000005,10.8859948,13.9116293
1617,20.0,70.99928290000001,53.8449501,20.3303816
1618,20.0,27.9236312,3.7747513,2.2843067
1619,20.0,26.8978181,5.2078503,5.3553669
1620,40.0,25.051867500000004,5.2676434,2.9870175
1621,40.0,43.9269286,21.3644695,5.771135
1622,40.0,40.7475319,6.9601818,5.1629361
1623,40.0,34.621373500000004,6.6530729,11.4764862
1624,40.0,50.229755399999995,19.9016504,3.8678196
1625,40.0,35.6655863,7.165150100000001,2.9971296
1626,50.0,39.4167639,9.5926309,2.6826393
1627,50.0,67.4395653,23.2912712,4.2993708
1628,50.0,22.1208616,3.6105814,1.2488356
1629,50.0,46.5059654,14.2961778,6.8581278999999995
1630,50.0,48.8538817,23.4017486,9.3807504
1631,50.0,25.051867500000004,5.2676434,2.9870175
1632,10.0,43.9269286,21.3644695,5.771135
1633,10.0,40.7475319,6.9601818,5.1629361
1634,10.0,34.621373500000004,6.6530729,11.4764862
1635,10.0,50.229755399999995,19.9016504,3.8678196
1636,10.0,35.6655863,7.165150100000001,2.9971296
1637,10.0,39.4167639,9.5926309,2.6826393
1638,0.0,67.4395653,23.2912712,4.2993708
1639,0.0,22.1208616,3.6105814,1.2488356
1640,0.0,46.5059654,14.2961778,6.8581278999999995
1641,0.0,48.8538817,23.4017486,9.3807504
1642,0.0,25.051867500000004,5.2676434,2.9870175
1643,0.0,43.9269286,21.3644695,5.771135
1644,30.0,40.7475319,6.9601818,5.1629361
1645,30.0,34.621373500000004,6.6530729,11.4764862
1646,30.0,50.229755399999995,19.9016504,3.8678196
1647,30.0,35.6655863,7.165150100000001,2.9971296
1648,30.0,39.4167639,9.5926309,2.6826393
1649,30.0,67.4395653,23.2912712,4.2993708
1650,20.0,22.1208616,3.6105814,1.2488356
1651,20.0,46.5059654,14.2961778,6.8581278999999995
1652,20.0,48.8538817,23.4017486,9.3807504
1653,20.0,25.051867500000004,5.2676434,2.9870175
1654,20.0,43.9269286,21.3644695,5.771135
1655,20.0,40.7475319,6.9601818,5.1629361
1656,40.0,34.621373500000004,6.6530729,11.4764862
1657,40.0,50.229755399999995,19.9016504,3.8678196
1658,40.0,35.6655863,7.165150100000001,2.9971296
1659,40.0,39.4167639,9.5926309,2.6826393
1660,40.0,67.4395653,23.2912712,4.2993708
1661,40.0,22.1208616,3.6105814,1.2488356
1662,50.0,46.5059654,14.2961778,6.8581278999999995
1663,50.0,48.8538817,23.4017486,9.3807504
1664,50.0,25.051867500000004,5.2676434,2.9870175
1665,50.0,43.9269286,21.3644695,5.771135
1666,50.0,40.7475319,6.9601818,5.1629361
1667,50.0,34.621373500000004,6.6530729,11.4764862
1668,10.0,50.229755399999995,19.9016504,3.8678196
1669,10.0,35.6655863,7.165150100000001,2.9971296
1670,10.0,39.4167639,9.5926309,2.6826393
1671,10.0,67.4395653,23.2912712,4.2993708
1672,10.0,22.1208616,3.6105814,1.2488356
1673,10.0,46.5059654,14.2961778,6.8581278999999995
1674,0.0,48.8538817,23.4017486,9.3807504
1675,0.0,25.051867500000004,5.2676434,2.9870175
1676,0.0,43.9269286,21.3644695,5.771135
1677,0.0,40.7475319,6.9601818,5.1629361
1678,0.0,34.621373500000004,6.6530729,11.4764862
1679,0.0,50.229755399999995,19.9016504,3.8678196
1680,30.0,35.6655863,7.165150100000001,2.9971296
1681,30.0,39.4167639,9.5926309,2.6826393
1682,30.0,67.4395653,23.2912712,4.2993708
1683,30.0,22.1208616,3.6105814,1.2488356
1684,30.0,46.5059654,14.2961778,6.8581278999999995
1685,30.0,48.8538817,23.4017486,9.3807504
1686,20.0,25.051867500000004,5.2676434,2.9870175
1687,20.0,43.9269286,21.3644695,5.771135
1688,20.0,40.7475319,6.9601818,5.1629361
1689,20.0,34.621373500000004,6.6530729,11.4764862
1690,20.0,50.229755399999995,19.9016504,3.8678196
1691,20.0,35.6655863,7.165150100000001,2.9971296
1692,40.0,39.4167639,9.5926309,2.6826393
1693,40.0,67.4395653,23.2912712,4.2993708
1694,40.0,22.1208616,3.6105814,1.2488356
1695,40.0,46.5059654,14.2961778,6.8581278999999995
1696,40.0,48.8538817,23.4017486,9.3807504
1697,40.0,25.051867500000004,5.2676434,2.9870175
1698,50.0,43.9269286,21.3644695,5.771135
1699,50.0,40.7475319,6.9601818,5.1629361
1700,50.0,34.621373500000004,6.6530729,11.4764862
1701,50.0,50.229755399999995,19.9016504,3.8678196
1702,50.0,35.6655863,7.165150100000001,2.9971296
1703,50.0,39.4167639,9.5926309,2.6826393
1704,10.0,67.4395653,23.2912712,4.2993708
1705,10.0,22.1208616,3.6105814,1.2488356
1706,10.0,46.5059654,14.2961778,6.8581278999999995
1707,10.0,48.8538817,23.4017486,9.3807504
1708,10.0,25.051867500000004,5.2676434,2.9870175
1709,10.0,43.9269286,21.3644695,5.771135
1710,0.0,40.7475319,6.9601818,5.1629361
1711,0.0,34.621373500000004,6.6530729,11.4764862
1712,0.0,50.229755399999995,19.9016504,3.8678196
1713,0.0,35.6655863,7.165150100000001,2.9971296
1714,0.0,39.4167639,9.5926309,2.6826393
1715,0.0,67.4395653,23.2912712,4.2993708
1716,30.0,22.1208616,3.6105814,1.2488356
1717,30.0,46.5059654,14.2961778,6.8581278999999995
1718,30.0,48.8538817,23.4017486,9.3807504
1719,30.0,25.051867500000004,5.2676434,2.9870175
1720,30.0,43.9269286,21.3644695,5.771135
1721,30.0,40.7475319,6.9601818,5.1629361
1722,20.0,34.621373500000004,6.6530729,11.4764862
1723,20.0,50.229755399999995,19.9016504,3.8678196
1724,20.0,35.6655863,7.165150100000001,2.9971296
1725,20.0,39.4167639,9.5926309,2.6826393
1726,20.0,67.4395653,23.2912712,4.2993708
1727,20.0,22.1208616,3.6105814,1.2488356
1728,40.0,46.5059654,14.2961778,6.8581278999999995
1729,40.0,48.8538817,23.4017486,9.3807504
1730,40.0,25.051867500000004,5.2676434,2.9870175
1731,40.0,43.9269286,21.3644695,5.771135
1732,40.0,40.7475319,6.9601818,5.1629361
1733,40.0,34.621373500000004,6.6530729,11.4764862
1734,50.0,50.229755399999995,19.9016504,3.8678196
1735,50.0,35.6655863,7.165150100000001,2.9971296
1736,50.0,39.4167639,9.5926309,2.6826393
1737,50.0,67.4395653,23.2912712,4.2993708
1738,50.0,22.1208616,3.6105814,1.2488356
1739,50.0,46.5059654,14.2961778,6.8581278999999995
1740,10.0,48.8538817,23.4017486,9.3807504
1741,10.0,25.051867500000004,5.2676434,2.9870175
1742,10.0,43.9269286,21.3644695,5.771135
1743,10.0,40.7475319,6.9601818,5.1629361
1744,10.0,34.621373500000004,6.6530729,11.4764862
1745,10.0,50.229755399999995,19.9016504,3.8678196
1746,0.0,35.6655863,7.165150100000001,2.9971296
1747,0.0,39.4167639,9.5926309,2.6826393
1748,0.0,67.4395653,23.2912712,4.2993708
1749,0.0,22.1208616,3.6105814,1.2488356
1750,0.0,46.5059654,14.2961778,6.8581278999999995
1751,0.0,48.8538817,23.4017486,9.3807504
1752,30.0,25.051867500000004,5.2676434,2.9870175
1753,30.0,43.9269286,21.3644695,5.771135
1754,30.0,40.7475319,6.9601818,5.1629361
1755,30.0,34.621373500000004,6.6530729,11.4764862
1756,30.0,50.229755399999995,19.9016504,3.8678196
1757,30.0,35.6655863,7.165150100000001,2.9971296
1758,20.0,39.4167639,9.5926309,2.6826393
1759,20.0,67.4395653,23.2912712,4.2993708
1760,20.0,22.1208616,3.6105814,1.2488356
1761,20.0,46.5059654,14.2961778,6.8581278999999995
1762,20.0,48.8538817,23.4017486,9.3807504
1763,20.0,25.051867500000004,5.2676434,2.9870175
1764,40.0,43.9269286,21.3644695,5.771135
1765,40.0,40.7475319,6.9601818,5.1629361
1766,40.0,34.621373500000004,6.6530729,11.4764862
1767,40.0,50.229755399999995,19.9016504,3.8678196
1768,40.0,35.6655863,7.165150100000001,2.9971296
1769,40.0,39.4167639,9.5926309,2.6826393
1770,50.0,67.4395653,23.2912712,4.2993708
1771,50.0,22.1208616,3.6105814,1.2488356
1772,50.0,46.5059654,14.2961778,6.8581278999999995
1773,50.0,48.8538817,23.4017486,9.3807504
1774,50.0,25.051867500000004,5.2676434,2.9870175
1775,50.0,43.9269286,21.3644695,5.771135
1776,10.0,40.7475319,6.9601818,5.1629361
1777,10.0,34.621373500000004,6.6530729,11.4764862
1778,10.0,50.229755399999995,19.9016504,3.8678196
1779,10.0,35.6655863,7.165150100000001,2.9971296
1780,10.0,39.4167639,9.5926309,2.6826393
1781,10.0,67.4395653,23.2912712,4.2993708
1782,0.0,22.1208616,3.6105814,1.2488356
1783,0.0,46.5059654,14.2961778,6.8581278999999995
1784,0.0,48.8538817,23.4017486,9.3807504
1785,0.0,25.051867500000004,5.2676434,2.9870175
1786,0.0,43.9269286,21.3644695,5.771135
1787,0.0,40.7475319,6.9601818,5.1629361
1788,30.0,34.621373500000004,6.6530729,11.4764862
1789,30.0,50.229755399999995,19.9016504,3.8678196
1790,30.0,35.6655863,7.165150100000001,2.9971296
1791,30.0,39.4167639,9.5926309,2.6826393
1792,30.0,67.4395653,23.2912712,4.2993708
1793,30.0,22.1208616,3.6105814,1.2488356
1794,20.0,46.5059654,14.2961778,6.8581278999999995
1795,20.0,48.8538817,23.4017486,9.3807504
1796,20.0,25.051867500000004,5.2676434,2.9870175
1797,20.0,43.9269286,21.3644695,5.771135
1798,20.0,40.7475319,6.9601818,5.1629361
1799,20.0,34.621373500000004,6.6530729,11.4764862
1800,40.0,50.229755399999995,19.9016504,3.8678196
1801,40.0,35.6655863,7.165150100000001,2.9971296
1802,40.0,39.4167639,9.5926309,2.6826393
1803,40.0,67.4395653,23.2912712,4.2993708
1804,40.0,22.1208616,3.6105814,1.2488356
1805,40.0,46.5059654,14.2961778,6.8581278999999995
1806,50.0,48.8538817,23.4017486,9.3807504
1807,50.0,25.051867500000004,5.2676434,2.9870175
1808,50.0,43.9269286,21.3644695,5.771135
1809,50.0,40.7475319,6.9601818,5.1629361
1810,50.0,34.621373500000004,6.6530729,11.4764862
1811,50.0,50.229755399999995,19.9016504,3.8678196
1812,10.0,35.6655863,7.165150100000001,2.9971296
1813,10.0,39.4167639,9.5926309,2.6826393
1814,10.0,67.4395653,23.2912712,4.2993708
1815,10.0,22.1208616,3.6105814,1.2488356
1816,10.0,46.5059654,14.2961778,6.8581278999999995
1817,10.0,48.8538817,23.4017486,9.3807504
1818,0.0,25.051867500000004,5.2676434,2.9870175
1819,0.0,43.9269286,21.3644695,5.771135
1820,0.0,40.7475319,6.9601818,5.1629361
1821,0.0,34.621373500000004,6.6530729,11.4764862
1822,0.0,50.229755399999995,19.9016504,3.8678196
1823,0.0,35.6655863,7.165150100000001,2.9971296
1824,30.0,39.4167639,9.5926309,2.6826393
1825,30.0,67.4395653,23.2912712,4.2993708
1826,30.0,22.1208616,3.6105814,1.2488356
1827,30.0,46.5059654,14.2961778,6.8581278999999995
1828,30.0,48.8538817,23.4017486,9.3807504
1829,30.0,25.051867500000004,5.2676434,2.9870175
1830,20.0,43.9269286,21.3644695,5.771135
1831,20.0,40.7475319,6.9601818,5.1629361
1832,20.0,34.621373500000004,6.6530729,11.4764862
1833,20.0,50.229755399999995,19.9016504,3.8678196
1834,20.0,35.6655863,7.165150100000001,2.9971296
1835,20.0,39.4167639,9.5926309,2.6826393
1836,40.0,67.4395653,23.2912712,4.2993708
1837,40.0,22.1208616,3.6105814,1.2488356
1838,40.0,46.5059654,14.2961778,6.8581278999999995
1839,40.0,48.8538817,23.4017486,9.3807504
1840,40.0,25.051867500000004,5.2676434,2.9870175
1841,40.0,43.9269286,21.3644695,5.771135
1842,50.0,40.7475319,6.9601818,5.1629361
1843,50.0,34.621373500000004,6.6530729,11.4764862
1844,50.0,50.229755399999995,19.9016504,3.8678196
1845,50.0,35.6655863,7.165150100000001,2.9971296
1846,50.0,39.4167639,9.5926309,2.6826393
1847,50.0,67.4395653,23.2912712,4.2993708
1848,10.0,22.1208616,3.6105814,1.2488356
1849,10.0,46.5059654,14.2961778,6.8581278999999995
1850,10.0,48.8538817,23.4017486,9.3807504
1851,10.0,25.051867500000004,5.2676434,2.9870175
1852,10.0,43.9269286,21.3644695,5.771135
1853,10.0,40.7475319,6.9601818,5.1629361
1854,0.0,34.621373500000004,6.6530729,11.4764862
1855,0.0,50.229755399999995,19.9016504,3.8678196
1856,0.0,35.6655863,7.165150100000001,2.9971296
1857,0.0,39.4167639,9.5926309,2.6826393
1858,0.0,67.4395653,23.2912712,4.2993708
1859,0.0,22.1208616,3.6105814,1.2488356
1860,30.0,46.5059654,14.2961778,6.8581278999999995
1861,30.0,48.8538817,23.4017486,9.3807504
1862,30.0,25.051867500000004,5.2676434,2.9870175
1863,30.0,43.9269286,21.3644695,5.771135
1864,30.0,40.7475319,6.9601818,5.1629361
1865,30.0,34.621373500000004,6.6530729,11.4764862
1866,20.0,50.229755399999995,19.9016504,3.8678196
1867,20.0,35.6655863,7.165150100000001,2.9971296
1868,20.0,39.4167639,9.5926309,2.6826393
1869,20.0,67.4395653,23.2912712,4.2993708
1870,20.0,22.1208616,3.6105814,1.2488356
1871,20.0,46.5059654,14.2961778,6.8581278999999995
1872,40.0,48.8538817,23.4017486,9.3807504
1873,40.0,25.051867500000004,5.2676434,2.9870175
1874,40.0,43.9269286,21.3644695,5.771135
1875,40.0,40.7475319,6.9601818,5.1629361
1876,40.0,34.621373500000004,6.6530729,11.4764862
1877,40.0,50.229755399999995,19.9016504,3.8678196
1878,50.0,35.6655863,7.165150100000001,2.9971296
1879,50.0,39.4167639,9.5926309,2.6826393
1880,50.0,67.4395653,23.2912712,4.2993708
1881,50.0,22.1208616,3.6105814,1.2488356
1882,50.0,46.5059654,14.2961778,6.8581278999999995
1883,50.0,48.8538817,23.4017486,9.3807504
1884,10.0,25.051867500000004,5.2676434,2.9870175
1885,10.0,43.9269286,21.3644695,5.771135
1886,10.0,40.7475319,6.9601818,5.1629361
1887,10.0,34.621373500000004,6.6530729,11.4764862
1888,10.0,50.229755399999995,19.9016504,3.8678196
1889,10.0,35.6655863,7.165150100000001,2.9971296
1890,0.0,39.4167639,9.5926309,2.6826393
1891,0.0,67.4395653,23.2912712,4.2993708
1892,0.0,22.1208616,3.6105814,1.2488356
1893,0.0,46.5059654,14.2961778,6.8581278999999995
1894,0.0,48.8538817,23.4017486,9.3807504
1895,0.0,25.051867500000004,5.2676434,2.9870175
1896,30.0,43.9269286,21.3644695,5.771135
1897,30.0,40.7475319,6.9601818,5.1629361
1898,30.0,34.621373500000004,6.6530729,11.4764862
1899,30.0,50.229755399999995,19.9016504,3.8678196
1900,30.0,35.6655863,7.165150100000001,2.9971296
1901,30.0,39.4167639,9.5926309,2.6826393
1902,20.0,67.4395653,23.2912712,4.2993708
1903,20.0,22.1208616,3.6105814,1.2488356
1904,20.0,46.5059654,14.2961778,6.8581278999999995
1905,20.0,48.8538817,23.4017486,9.3807504
1906,20.0,25.051867500000004,5.2676434,2.9870175
1907,20.0,43.9269286,21.3644695,5.771135
1908,40.0,40.7475319,6.9601818,5.1629361
1909,40.0,34.621373500000004,6.6530729,11.4764862
1910,40.0,50.229755399999995,19.9016504,3.8678196
1911,40.0,35.6655863,7.165150100000001,2.9971296
1912,40.0,39.4167639,9.5926309,2.6826393
1913,40.0,67.4395653,23.2912712,4.2993708
1914,50.0,22.1208616,3.6105814,1.2488356
1915,50.0,46.5059654,14.2961778,6.8581278999999995
1916,50.0,48.8538817,23.4017486,9.3807504
1917,50.0,25.051867500000004,5.2676434,2.9870175
1918,50.0,43.9269286,21.3644695,5.771135
1919,50.0,40.7475319,6.9601818,5.1629361
1920,10.0,34.621373500000004,6.6530729,11.4764862
1921,10.0,50.229755399999995,19.9016504,3.8678196
1922,10.0,35.6655863,7.165150100000001,2.9971296
1923,10.0,39.4167639,9.5926309,2.6826393
1924,10.0,67.4395653,23.2912712,4.2993708
1925,10.0,22.1208616,3.6105814,1.2488356
1926,0.0,46.5059654,14.2961778,6.8581278999999995
1927,0.0,48.8538817,23.4017486,9.3807504
1928,0.0,25.051867500000004,5.2676434,2.9870175
1929,0.0,43.9269286,21.3644695,5.771135
1930,0.0,40.7475319,6.9601818,5.1629361
1931,0.0,34.621373500000004,6.6530729,11.4764862
1932,30.0,50.229755399999995,19.9016504,3.8678196
1933,30.0,35.6655863,7.165150100000001,2.9971296
1934,30.0,39.4167639,9.5926309,2.6826393
1935,30.0,67.4395653,23.2912712,4.2993708
1936,30.0,22.1208616,3.6105814,1.2488356
1937,30.0,46.5059654,14.2961778,6.8581278999999995
1938,20.0,48.8538817,23.4017486,9.3807504
1939,20.0,25.051867500000004,5.2676434,2.9870175
1940,20.0,43.9269286,21.3644695,5.771135
1941,20.0,40.7475319,6.9601818,5.1629361
1942,20.0,34.621373500000004,6.6530729,11.4764862
1943,20.0,50.229755399999995,19.9016504,3.8678196
1944,40.0,35.6655863,7.165150100000001,2.9971296
1945,50.0,39.4167639,9.5926309,2.6826393
1946,10.0,67.4395653,23.2912712,4.2993708
1947,0.0,22.1208616,3.6105814,1.2488356
1948,30.0,46.5059654,14.2961778,6.8581278999999995
1949,20.0,48.8538817,23.4017486,9.3807504
1950,40.0,25.051867500000004,5.2676434,2.9870175
1951,50.0,43.9269286,21.3644695,5.771135
1952,10.0,40.7475319,6.9601818,5.1629361
1953,0.0,34.621373500000004,6.6530729,11.4764862
1954,30.0,50.229755399999995,19.9016504,3.8678196
1955,20.0,35.6655863,7.165150100000001,2.9971296
1956,40.0,39.4167639,9.5926309,2.6826393
1957,50.0,67.4395653,23.2912712,4.2993708
1958,10.0,22.1208616,3.6105814,1.2488356
1959,0.0,46.5059654,14.2961778,6.8581278999999995
1960,30.0,48.8538817,23.4017486,9.3807504
1961,20.0,25.051867500000004,5.2676434,2.9870175
1962,40.0,43.9269286,21.3644695,5.771135
1963,50.0,40.7475319,6.9601818,5.1629361
1964,10.0,34.621373500000004,6.6530729,11.4764862
1965,0.0,50.229755399999995,19.9016504,3.8678196
1966,30.0,35.6655863,7.165150100000001,2.9971296
1967,20.0,39.4167639,9.5926309,2.6826393
1968,40.0,67.4395653,23.2912712,4.2993708
1969,50.0,22.1208616,3.6105814,1.2488356
1970,10.0,46.5059654,14.2961778,6.8581278999999995
1971,0.0,48.8538817,23.4017486,9.3807504
1972,30.0,25.051867500000004,5.2676434,2.9870175
1973,20.0,43.9269286,21.3644695,5.771135
1974,40.0,40.7475319,6.9601818,5.1629361
1975,50.0,34.621373500000004,6.6530729,11.4764862
1976,10.0,50.229755399999995,19.9016504,3.8678196
1977,0.0,35.6655863,7.165150100000001,2.9971296
1978,30.0,39.4167639,9.5926309,2.6826393
1979,20.0,67.4395653,23.2912712,4.2993708
1980,40.0,22.1208616,3.6105814,1.2488356
1981,40.0,46.5059654,14.2961778,6.8581278999999995
1982,40.0,48.8538817,23.4017486,9.3807504
1983,40.0,25.051867500000004,5.2676434,2.9870175
1984,40.0,43.9269286,21.3644695,5.771135
1985,40.0,40.7475319,6.9601818,5.1629361
1986,50.0,34.621373500000004,6.6530729,11.4764862
1987,50.0,50.229755399999995,19.9016504,3.8678196
1988,50.0,35.6655863,7.165150100000001,2.9971296
1989,50.0,39.4167639,9.5926309,2.6826393
1990,50.0,67.4395653,23.2912712,4.2993708
1991,50.0,22.1208616,3.6105814,1.2488356
1992,10.0,46.5059654,14.2961778,6.8581278999999995
1993,10.0,48.8538817,23.4017486,9.3807504
1994,10.0,25.051867500000004,5.2676434,2.9870175
1995,10.0,43.9269286,21.3644695,5.771135
1996,10.0,40.7475319,6.9601818,5.1629361
1997,10.0,34.621373500000004,6.6530729,11.4764862
1998,0.0,50.229755399999995,19.9016504,3.8678196
1999,0.0,35.6655863,7.165150100000001,2.9971296
2000,0.0,39.4167639,9.5926309,2.6826393
2001,0.0,67.4395653,23.2912712,4.2993708
2002,0.0,22.1208616,3.6105814,1.2488356
2003,0.0,46.5059654,14.2961778,6.8581278999999995
2004,30.0,48.8538817,23.4017486,9.3807504
2005,30.0,25.051867500000004,5.2676434,2.9870175
2006,30.0,43.9269286,21.3644695,5.771135
2007,30.0,40.7475319,6.9601818,5.1629361
2008,30.0,34.621373500000004,6.6530729,11.4764862
2009,30.0,50.229755399999995,19.9016504,3.8678196
2010,20.0,35.6655863,7.165150100000001,2.9971296
2011,20.0,39.4167639,9.5926309,2.6826393
2012,20.0,67.4395653,23.2912712,4.2993708
2013,20.0,22.1208616,3.6105814,1.2488356
2014,20.0,46.5059654,14.2961778,6.8581278999999995
2015,20.0,48.8538817,23.4017486,9.3807504
2016,40.0,25.051867500000004,5.2676434,2.9870175
2017,40.0,43.9269286,21.3644695,5.771135
2018,40.0,40.7475319,6.9601818,5.1629361
2019,40.0,34.621373500000004,6.6530729,11.4764862
2020,40.0,50.229755399999995,19.9016504,3.8678196
2021,40.0,35.6655863,7.165150100000001,2.9971296
2022,50.0,39.4167639,9.5926309,2.6826393
2023,50.0,67.4395653,23.2912712,4.2993708
2024,50.0,22.1208616,3.6105814,1.2488356
2025,50.0,46.5059654,14.2961778,6.8581278999999995
2026,50.0,48.8538817,23.4017486,9.3807504
2027,50.0,25.051867500000004,5.2676434,2.9870175
2028,10.0,43.9269286,21.3644695,5.771135
2029,10.0,40.7475319,6.9601818,5.1629361
2030,10.0,34.621373500000004,6.6530729,11.4764862
2031,10.0,50.229755399999995,19.9016504,3.8678196
2032,10.0,35.6655863,7.165150100000001,2.9971296
2033,10.0,39.4167639,9.5926309,2.6826393
2034,0.0,67.4395653,23.2912712,4.2993708
2035,0.0,22.1208616,3.6105814,1.2488356
2036,0.0,46.5059654,14.2961778,6.8581278999999995
2037,0.0,48.8538817,23.4017486,9.3807504
2038,0.0,25.051867500000004,5.2676434,2.9870175
2039,0.0,43.9269286,21.3644695,5.771135
2040,30.0,40.7475319,6.9601818,5.1629361
2041,30.0,34.621373500000004,6.6530729,11.4764862
2042,30.0,50.229755399999995,19.9016504,3.8678196
2043,30.0,35.6655863,7.165150100000001,2.9971296
2044,30.0,39.4167639,9.5926309,2.6826393
2045,30.0,67.4395653,23.2912712,4.2993708
2046,20.0,22.1208616,3.6105814,1.2488356
2047,20.0,46.5059654,14.2961778,6.8581278999999995
2048,20.0,48.8538817,23.4017486,9.3807504
2049,20.0,25.051867500000004,5.2676434,2.9870175
2050,20.0,43.9269286,21.3644695,5.771135
2051,20.0,40.7475319,6.9601818,5.1629361
2052,40.0,34.621373500000004,6.6530729,11.4764862
2053,40.0,50.229755399999995,19.9016504,3.8678196
2054,40.0,35.6655863,7.165150100000001,2.9971296
2055,40.0,39.4167639,9.5926309,2.6826393
2056,40.0,67.4395653,23.2912712,4.2993708
2057,40.0,22.1208616,3.6105814,1.2488356
2058,50.0,46.5059654,14.2961778,6.8581278999999995
2059,50.0,48.8538817,23.4017486,9.3807504
2060,50.0,25.051867500000004,5.2676434,2.9870175
2061,50.0,43.9269286,21.3644695,5.771135
2062,50.0,40.7475319,6.9601818,5.1629361
2063,50.0,34.621373500000004,6.6530729,11.4764862
2064,10.0,50.229755399999995,19.9016504,3.8678196
2065,10.0,35.6655863,7.165150100000001,2.9971296
2066,10.0,39.4167639,9.5926309,2.6826393
2067,10.0,67.4395653,23.2912712,4.2993708
2068,10.0,22.1208616,3.6105814,1.2488356
2069,10.0,46.5059654,14.2961778,6.8581278999999995
2070,0.0,48.8538817,23.4017486,9.3807504
2071,0.0,25.051867500000004,5.2676434,2.9870175
2072,0.0,43.9269286,21.3644695,5.771135
2073,0.0,40.7475319,6.9601818,5.1629361
2074,0.0,34.621373500000004,6.6530729,11.4764862
2075,0.0,50.229755399999995,19.9016504,3.8678196
2076,30.0,35.6655863,7.165150100000001,2.9971296
2077,30.0,39.4167639,9.5926309,2.6826393
2078,30.0,67.4395653,23.2912712,4.2993708
2079,30.0,22.1208616,3.6105814,1.2488356
2080,30.0,46.5059654,14.2961778,6.8581278999999995
2081,30.0,48.8538817,23.4017486,9.3807504
2082,20.0,25.051867500000004,5.2676434,2.9870175
2083,20.0,43.9269286,21.3644695,5.771135
2084,20.0,40.7475319,6.9601818,5.1629361
2085,20.0,34.621373500000004,6.6530729,11.4764862
2086,20.0,50.229755399999995,19.9016504,3.8678196
2087,20.0,35.6655863,7.165150100000001,2.9971296
2088,40.0,39.4167639,9.5926309,2.6826393
2089,40.0,67.4395653,23.2912712,4.2993708
2090,40.0,22.1208616,3.6105814,1.2488356
2091,40.0,46.5059654,14.2961778,6.8581278999999995
2092,40.0,48.8538817,23.4017486,9.3807504
2093,40.0,25.051867500000004,5.2676434,2.9870175
2094,50.0,43.9269286,21.3644695,5.771135
2095,50.0,40.7475319,6.9601818,5.1629361
2096,50.0,34.621373500000004,6.6530729,11.4764862
2097,50.0,50.229755399999995,19.9016504,3.8678196
2098,50.0,35.6655863,7.165150100000001,2.9971296
2099,50.0,39.4167639,9.5926309,2.6826393
2100,10.0,67.4395653,23.2912712,4.2993708
2101,10.0,22.1208616,3.6105814,1.2488356
2102,10.0,46.5059654,14.2961778,6.8581278999999995
2103,10.0,48.8538817,23.4017486,9.3807504
2104,10.0,25.051867500000004,5.2676434,2.9870175
2105,10.0,43.9269286,21.3644695,5.771135
2106,0.0,40.7475319,6.9601818,5.1629361
2107,0.0,34.621373500000004,6.6530729,11.4764862
2108,0.0,50.229755399999995,19.9016504,3.8678196
2109,0.0,35.6655863,7.165150100000001,2.9971296
2110,0.0,39.4167639,9.5926309,2.6826393
2111,0.0,67.4395653,23.2912712,4.2993708
2112,30.0,22.1208616,3.6105814,1.2488356
2113,30.0,46.5059654,14.2961778,6.8581278999999995
2114,30.0,48.8538817,23.4017486,9.3807504
2115,30.0,25.051867500000004,5.2676434,2.9870175
2116,30.0,43.9269286,21.3644695,5.771135
2117,30.0,40.7475319,6.9601818,5.1629361
2118,20.0,34.621373500000004,6.6530729,11.4764862
2119,20.0,50.229755399999995,19.9016504,3.8678196
2120,20.0,35.6655863,7.165150100000001,2.9971296
2121,20.0,39.4167639,9.5926309,2.6826393
2122,20.0,67.4395653,23.2912712,4.2993708
2123,20.0,22.1208616,3.6105814,1.2488356
2124,40.0,46.5059654,14.2961778,6.8581278999999995
2125,40.0,48.8538817,23.4017486,9.3807504
2126,40.0,25.051867500000004,5.2676434,2.9870175
2127,40.0,43.9269286,21.3644695,5.771135
2128,40.0,40.7475319,6.9601818,5.1629361
2129,40.0,34.621373500000004,6.6530729,11.4764862
2130,50.0,50.229755399999995,19.9016504,3.8678196
2131,50.0,35.6655863,7.165150100000001,2.9971296
2132,50.0,39.4167639,9.5926309,2.6826393
2133,50.0,67.4395653,23.2912712,4.2993708
2134,50.0,22.1208616,3.6105814,1.2488356
2135,50.0,46.5059654,14.2961778,6.8581278999999995
2136,10.0,48.8538817,23.4017486,9.3807504
2137,10.0,25.051867500000004,5.2676434,2.9870175
2138,10.0,43.9269286,21.3644695,5.771135
2139,10.0,40.7475319,6.9601818,5.1629361
2140,10.0,34.621373500000004,6.6530729,11.4764862
2141,10.0,50.229755399999995,19.9016504,3.8678196
2142,0.0,35.6655863,7.165150100000001,2.9971296
2143,0.0,39.4167639,9.5926309,2.6826393
2144,0.0,67.4395653,23.2912712,4.2993708
2145,0.0,22.1208616,3.6105814,1.2488356
2146,0.0,46.5059654,14.2961778,6.8581278999999995
2147,0.0,48.8538817,23.4017486,9.3807504
2148,30.0,25.051867500000004,5.2676434,2.9870175
2149,30.0,43.9269286,21.3644695,5.771135
2150,30.0,40.7475319,6.9601818,5.1629361
2151,30.0,34.621373500000004,6.6530729,11.4764862
2152,30.0,50.229755399999995,19.9016504,3.8678196
2153,30.0,35.6655863,7.165150100000001,2.9971296
2154,20.0,39.4167639,9.5926309,2.6826393
2155,20.0,67.4395653,23.2912712,4.2993708
2156,20.0,22.1208616,3.6105814,1.2488356
2157,20.0,46.5059654,14.2961778,6.8581278999999995
2158,20.0,48.8538817,23.4017486,9.3807504
2159,20.0,25.051867500000004,5.2676434,2.9870175
2160,40.0,45.831505299999996,12.2486325,13.5780808
2161,40.0,36.9716648,8.1303225,8.4902902
2162,40.0,55.015562100000004,23.8068518,20.4548876
2163,40.0,31.3348113,10.1779523,13.700189700000001
2164,40.0,74.5477188,35.8155208,33.747956
2165,40.0,42.0396605,7.7915588,8.325433799999999
2166,50.0,42.9507181,16.3383489,16.3884908
2167,50.0,54.9392663,36.852416,14.848938
2168,50.0,55.8262096,27.305633899999997,18.673401300000002
2169,50.0,24.8908562,6.5623805,9.1231946
2170,50.0,64.0014989,36.0785826,20.25268
2171,50.0,34.5422868,8.9850596,14.0336579
2172,10.0,45.9552019,25.072207400000003,19.1243372
2173,10.0,27.7122327,5.9541407,4.342285700000001
2174,10.0,25.6531305,4.8338579,10.6033848
2175,10.0,36.5936663,7.3822266999999995,4.89276
2176,10.0,31.158405300000002,27.9642923,24.5960727
2177,10.0,34.744079500000005,35.4965931,25.3874526
2178,0.0,37.7782271,9.3100977,10.6207952
2179,0.0,45.831505299999996,12.2486325,13.5780808
2180,0.0,36.9716648,8.1303225,8.4902902
2181,0.0,55.015562100000004,23.8068518,20.4548876
2182,0.0,31.3348113,10.1779523,13.700189700000001
2183,0.0,74.5477188,35.8155208,33.747956
2184,30.0,42.0396605,7.7915588,8.325433799999999
2185,30.0,42.9507181,16.3383489,16.3884908
2186,30.0,54.9392663,36.852416,14.848938
2187,30.0,55.8262096,27.305633899999997,18.673401300000002
2188,30.0,24.8908562,6.5623805,9.1231946
2189,30.0,64.0014989,36.0785826,20.25268
2190,20.0,34.5422868,8.9850596,14.0336579
2191,20.0,45.9552019,25.072207400000003,19.1243372
2192,20.0,27.7122327,5.9541407,4.342285700000001
2193,20.0,25.6531305,4.8338579,10.6033848
2194,20.0,36.5936663,7.3822266999999995,4.89276
2195,20.0,31.158405300000002,27.9642923,24.5960727
2196,40.0,34.744079500000005,35.4965931,25.3874526
2197,40.0,37.7782271,9.3100977,10.6207952
2198,40.0,45.831505299999996,12.2486325,13.5780808
2199,40.0,36.9716648,8.1303225,8.4902902
2200,40.0,55.015562100000004,23.8068518,20.4548876
2201,40.0,31.3348113,10.1779523,13.700189700000001
2202,50.0,74.5477188,35.8155208,33.747956
2203,50.0,42.0396605,7.7915588,8.325433799999999
2204,50.0,42.9507181,16.3383489,16.3884908
2205,50.0,54.9392663,36.852416,14.848938
2206,50.0,55.8262096,27.305633899999997,18.673401300000002
2207,50.0,24.8908562,6.5623805,9.1231946
2208,10.0,64.0014989,36.0785826,20.25268
2209,10.0,34.5422868,8.9850596,14.0336579
2210,10.0,45.9552019,25.072207400000003,19.1243372
2211,10.0,27.7122327,5.9541407,4.342285700000001
2212,10.0,25.6531305,4.8338579,10.6033848
2213,10.0,36.5936663,7.3822266999999995,4.89276
2214,0.0,31.158405300000002,27.9642923,24.5960727
2215,0.0,34.744079500000005,35.4965931,25.3874526
2216,0.0,37.7782271,9.3100977,10.6207952
2217,0.0,45.831505299999996,12.2486325,13.5780808
2218,0.0,36.9716648,8.1303225,8.4902902
2219,0.0,55.015562100000004,23.8068518,20.4548876
2220,30.0,31.3348113,10.1779523,13.700189700000001
2221,30.0,74.5477188,35.8155208,33.747956
2222,30.0,42.0396605,7.7915588,8.325433799999999
2223,30.0,42.9507181,16.3383489,16.3884908
2224,30.0,54.9392663,36.852416,14.848938
2225,30.0,55.8262096,27.305633899999997,18.673401300000002
2226,20.0,24.8908562,6.5623805,9.1231946
2227,20.0,64.0014989,36.0785826,20.25268
2228,20.0,34.5422868,8.9850596,14.0336579
2229,20.0,45.9552019,25.072207400000003,19.1243372
2230,20.0,27.7122327,5.9541407,4.342285700000001
2231,20.0,25.6531305,4.8338579,10.6033848
2232,40.0,36.5936663,7.3822266999999995,4.89276
2233,40.0,31.158405300000002,27.9642923,24.5960727
2234,40.0,34.744079500000005,35.4965931,25.3874526
2235,40.0,37.7782271,9.3100977,10.6207952
2236,40.0,45.831505299999996,12.2486325,13.5780808
2237,40.0,36.9716648,8.1303225,8.4902902
2238,50.0,55.015562100000004,23.8068518,20.4548876
2239,50.0,31.3348113,10.1779523,13.700189700000001
2240,50.0,74.5477188,35.8155208,33.747956
2241,50.0,42.0396605,7.7915588,8.325433799999999
2242,50.0,42.9507181,16.3383489,16.3884908
2243,50.0,54.9392663,36.852416,14.848938
2244,10.0,55.8262096,27.305633899999997,18.673401300000002
2245,10.0,24.8908562,6.5623805,9.1231946
2246,10.0,64.0014989,36.0785826,20.25268
2247,10.0,34.5422868,8.9850596,14.0336579
2248,10.0,45.9552019,25.072207400000003,19.1243372
2249,10.0,27.7122327,5.9541407,4.342285700000001
2250,0.0,25.6531305,4.8338579,10.6033848
2251,0.0,36.5936663,7.3822266999999995,4.89276
2252,0.0,31.158405300000002,27.9642923,24.5960727
2253,0.0,34.744079500000005,35.4965931,25.3874526
2254,0.0,37.7782271,9.3100977,10.6207952
2255,0.0,45.831505299999996,12.2486325,13.5780808
2256,30.0,36.9716648,8.1303225,8.4902902
2257,30.0,55.015562100000004,23.8068518,20.4548876
2258,30.0,31.3348113,10.1779523,13.700189700000001
2259,30.0,74.5477188,35.8155208,33.747956
2260,30.0,42.0396605,7.7915588,8.325433799999999
2261,30.0,42.9507181,16.3383489,16.3884908
2262,20.0,54.9392663,36.852416,14.848938
2263,20.0,55.8262096,27.305633899999997,18.673401300000002
2264,20.0,24.8908562,6.5623805,9.1231946
2265,20.0,64.0014989,36.0785826,20.25268
2266,20.0,34.5422868,8.9850596,14.0336579
2267,20.0,45.9552019,25.072207400000003,19.1243372
2268,40.0,27.7122327,5.9541407,4.342285700000001
2269,40.0,25.6531305,4.8338579,10.6033848
2270,40.0,36.5936663,7.3822266999999995,4.89276
2271,40.0,31.158405300000002,27.9642923,24.5960727
2272,40.0,34.744079500000005,35.4965931,25.3874526
2273,40.0,37.7782271,9.3100977,10.6207952
2274,50.0,45.831505299999996,12.2486325,13.5780808
2275,50.0,36.9716648,8.1303225,8.4902902
2276,50.0,55.015562100000004,23.8068518,20.4548876
2277,50.0,31.3348113,10.1779523,13.700189700000001
2278,50.0,74.5477188,35.8155208,33.747956
2279,50.0,42.0396605,7.7915588,8.325433799999999
2280,10.0,42.9507181,16.3383489,16.3884908
2281,10.0,54.9392663,36.852416,14.848938
2282,10.0,55.8262096,27.305633899999997,18.673401300000002
2283,10.0,24.8908562,6.5623805,9.1231946
2284,10.0,64.0014989,36.0785826,20.25268
2285,10.0,34.5422868,8.9850596,14.0336579
2286,0.0,45.9552019,25.072207400000003,19.1243372
2287,0.0,27.7122327,5.9541407,4.342285700000001
2288,0.0,25.6531305,4.8338579,10.6033848
2289,0.0,36.5936663,7.3822266999999995,4.89276
2290,0.0,31.158405300000002,27.9642923,24.5960727
2291,0.0,34.744079500000005,35.4965931,25.3874526
2292,30.0,37.7782271,9.3100977,10.6207952
2293,30.0,45.831505299999996,12.2486325,13.5780808
2294,30.0,36.9716648,8.1303225,8.4902902
2295,30.0,55.015562100000004,23.8068518,20.4548876
2296,30.0,31.3348113,10.1779523,13.700189700000001
2297,30.0,74.5477188,35.8155208,33.747956
2298,20.0,42.0396605,7.7915588,8.325433799999999
2299,20.0,42.9507181,16.3383489,16.3884908
2300,20.0,54.9392663,36.852416,14.848938
2301,20.0,55.8262096,27.305633899999997,18.673401300000002
2302,20.0,24.8908562,6.5623805,9.1231946
2303,20.0,64.0014989,36.0785826,20.25268
2304,40.0,34.5422868,8.9850596,14.0336579
2305,40.0,45.9552019,25.072207400000003,19.1243372
2306,40.0,27.7122327,5.9541407,4.342285700000001
2307,40.0,25.6531305,4.8338579,10.6033848
2308,40.0,36.5936663,7.3822266999999995,4.89276
2309,40.0,31.158405300000002,27.9642923,24.5960727
2310,50.0,34.744079500000005,35.4965931,25.3874526
2311,50.0,37.7782271,9.3100977,10.6207952
2312,50.0,45.831505299999996,12.2486325,13.5780808
2313,50.0,36.9716648,8.1303225,8.4902902
2314,50.0,55.015562100000004,23.8068518,20.4548876
2315,50.0,31.3348113,10.1779523,13.700189700000001
2316,10.0,74.5477188,35.8155208,33.747956
2317,10.0,42.0396605,7.7915588,8.325433799999999
2318,10.0,42.9507181,16.3383489,16.3884908
2319,10.0,54.9392663,36.852416,14.848938
2320,10.0,55.8262096,27.305633899999997,18.673401300000002
2321,10.0,24.8908562,6.5623805,9.1231946
2322,0.0,64.0014989,36.0785826,20.25268
2323,0.0,34.5422868,8.9850596,14.0336579
2324,0.0,45.9552019,25.072207400000003,19.1243372
2325,0.0,27.7122327,5.9541407,4.342285700000001
2326,0.0,25.6531305,4.8338579,10.6033848
2327,0.0,36.5936663,7.3822266999999995,4.89276
2328,30.0,31.158405300000002,27.9642923,24.5960727
2329,30.0,34.744079500000005,35.4965931,25.3874526
2330,30.0,37.7782271,9.3100977,10.6207952
2331,30.0,45.831505299999996,12.2486325,13.5780808
2332,30.0,36.9716648,8.1303225,8.4902902
2333,30.0,55.015562100000004,23.8068518,20.4548876
2334,20.0,31.3348113,10.1779523,13.700189700000001
2335,20.0,74.5477188,35.8155208,33.747956
2336,20.0,42.0396605,7.7915588,8.325433799999999
2337,20.0,42.9507181,16.3383489,16.3884908
2338,20.0,54.9392663,36.852416,14.848938
2339,20.0,55.8262096,27.305633899999997,18.673401300000002
2340,40.0,24.8908562,6.5623805,9.1231946
2341,40.0,64.0014989,36.0785826,20.25268
2342,40.0,34.5422868,8.9850596,14.0336579
2343,40.0,45.9552019,25.072207400000003,19.1243372
2344,40.0,27.7122327,5.9541407,4.342285700000001
2345,40.0,25.6531305,4.8338579,10.6033848
2346,50.0,36.5936663,7.3822266999999995,4.89276
2347,50.0,31.158405300000002,27.9642923,24.5960727
2348,50.0,34.744079500000005,35.4965931,25.3874526
2349,50.0,37.7782271,9.3100977,10.6207952
2350,50.0,45.831505299999996,12.2486325,13.5780808
2351,50.0,36.9716648,8.1303225,8.4902902
2352,10.0,55.015562100000004,23.8068518,20.4548876
2353,10.0,31.3348113,10.1779523,13.700189700000001
2354,10.0,74.5477188,35.8155208,33.747956
2355,10.0,42.0396605,7.7915588,8.325433799999999
2356,10.0,42.9507181,16.3383489,16.3884908
2357,10.0,54.9392663,36.852416,14.848938
2358,0.0,55.8262096,27.305633899999997,18.673401300000002
2359,0.0,24.8908562,6.5623805,9.1231946
2360,0.0,64.0014989,36.0785826,20.25268
2361,0.0,34.5422868,8.9850596,14.0336579
2362,0.0,45.9552019,25.072207400000003,19.1243372
2363,0.0,27.7122327,5.9541407,4.342285700000001
2364,30.0,25.6531305,4.8338579,10.6033848
2365,30.0,36.5936663,7.3822266999999995,4.89276
2366,30.0,31.158405300000002,27.9642923,24.5960727
2367,30.0,34.744079500000005,35.4965931,25.3874526
2368,30.0,37.7782271,9.3100977,10.6207952
2369,30.0,45.831505299999996,12.2486325,13.5780808
2370,20.0,36.9716648,8.1303225,8.4902902
2371,20.0,55.015562100000004,23.8068518,20.4548876
2372,20.0,31.3348113,10.1779523,13.700189700000001
2373,20.0,74.5477188,35.8155208,33.747956
2374,20.0,42.0396605,7.7915588,8.325433799999999
2375,20.0,42.9507181,16.3383489,16.3884908
2376,40.0,54.9392663,36.852416,14.848938
2377,40.0,55.8262096,27.305633899999997,18.673401300000002
2378,40.0,24.8908562,6.5623805,9.1231946
2379,40.0,64.0014989,36.0785826,20.25268
2380,40.0,34.5422868,8.9850596,14.0336579
2381,40.0,45.9552019,25.072207400000003,19.1243372
2382,50.0,27.7122327,5.9541407,4.342285700000001
2383,50.0,25.6531305,4.8338579,10.6033848
2384,50.0,36.5936663,7.3822266999999995,4.89276
2385,50.0,31.158405300000002,27.9642923,24.5960727
2386,50.0,34.744079500000005,35.4965931,25.3874526
2387,50.0,37.7782271,9.3100977,10.6207952
2388,10.0,45.831505299999996,12.2486325,13.5780808
2389,10.0,36.9716648,8.1303225,8.4902902
2390,10.0,55.015562100000004,23.8068518,20.4548876
2391,10.0,31.3348113,10.1779523,13.700189700000001
2392,10.0,74.5477188,35.8155208,33.747956
2393,10.0,42.0396605,7.7915588,8.325433799999999
2394,0.0,42.9507181,16.3383489,16.3884908
2395,0.0,54.9392663,36.852416,14.848938
2396,0.0,55.8262096,27.305633899999997,18.673401300000002
2397,0.0,24.8908562,6.5623805,9.1231946
2398,0.0,64.0014989,36.0785826,20.25268
2399,0.0,34.5422868,8.9850596,14.0336579
2400,30.0,45.9552019,25.072207400000003,19.1243372
2401,30.0,27.7122327,5.9541407,4.342285700000001
2402,30.0,25.6531305,4.8338579,10.6033848
2403,30.0,36.5936663,7.3822266999999995,4.89276
2404,30.0,31.158405300000002,27.9642923,24.5960727
2405,30.0,34.744079500000005,35.4965931,25.3874526
2406,20.0,37.7782271,9.3100977,10.6207952
2407,20.0,45.831505299999996,12.2486325,13.5780808
2408,20.0,36.9716648,8.1303225,8.4902902
2409,20.0,55.015562100000004,23.8068518,20.4548876
2410,20.0,31.3348113,10.1779523,13.700189700000001
2411,20.0,74.5477188,35.8155208,33.747956
2412,40.0,42.0396605,7.7915588,8.325433799999999
2413,40.0,42.9507181,16.3383489,16.3884908
2414,40.0,54.9392663,36.852416,14.848938
2415,40.0,55.8262096,27.305633899999997,18.673401300000002
2416,40.0,24.8908562,6.5623805,9.1231946
2417,40.0,64.0014989,36.0785826,20.25268
2418,50.0,34.5422868,8.9850596,14.0336579
2419,50.0,45.9552019,25.072207400000003,19.1243372
2420,50.0,27.7122327,5.9541407,4.342285700000001
2421,50.0,25.6531305,4.8338579,10.6033848
2422,50.0,36.5936663,7.3822266999999995,4.89276
2423,50.0,31.158405300000002,27.9642923,24.5960727
2424,10.0,34.744079500000005,35.4965931,25.3874526
2425,10.0,37.7782271,9.3100977,10.6207952
2426,10.0,45.831505299999996,12.2486325,13.5780808
2427,10.0,36.9716648,8.1303225,8.4902902
2428,10.0,55.015562100000004,23.8068518,20.4548876
2429,10.0,31.3348113,10.1779523,13.700189700000001
2430,0.0,74.5477188,35.8155208,33.747956
2431,0.0,42.0396605,7.7915588,8.325433799999999
2432,0.0,42.9507181,16.3383489,16.3884908
2433,0.0,54.9392663,36.852416,14.848938
2434,0.0,55.8262096,27.305633899999997,18.673401300000002
2435,0.0,24.8908562,6.5623805,9.1231946
2436,30.0,64.0014989,36.0785826,20.25268
2437,30.0,34.5422868,8.9850596,14.0336579
2438,30.0,45.9552019,25.072207400000003,19.1243372
2439,30.0,27.7122327,5.9541407,4.342285700000001
2440,30.0,25.6531305,4.8338579,10.6033848
2441,30.0,36.5936663,7.3822266999999995,4.89276
2442,20.0,31.158405300000002,27.9642923,24.5960727
2443,20.0,34.744079500000005,35.4965931,25.3874526
2444,20.0,37.7782271,9.3100977,10.6207952
2445,20.0,45.831505299999996,12.2486325,13.5780808
2446,20.0,36.9716648,8.1303225,8.4902902
2447,20.0,55.015562100000004,23.8068518,20.4548876
2448,40.0,31.3348113,10.1779523,13.700189700000001
2449,50.0,74.5477188,35.8155208,33.747956
2450,10.0,42.0396605,7.7915588,8.325433799999999
2451,0.0,42.9507181,16.3383489,16.3884908
2452,30.0,54.9392663,36.852416,14.848938
2453,20.0,55.8262096,27.305633899999997,18.673401300000002
2454,40.0,24.8908562,6.5623805,9.1231946
2455,50.0,64.0014989,36.0785826,20.25268
2456,10.0,34.5422868,8.9850596,14.0336579
2457,0.0,45.9552019,25.072207400000003,19.1243372
2458,30.0,27.7122327,5.9541407,4.342285700000001
2459,20.0,25.6531305,4.8338579,10.6033848
2460,40.0,36.5936663,7.3822266999999995,4.89276
2461,50.0,31.158405300000002,27.9642923,24.5960727
2462,10.0,34.744079500000005,35.4965931,25.3874526
2463,0.0,37.7782271,9.3100977,10.6207952
2464,30.0,45.831505299999996,12.2486325,13.5780808
2465,20.0,36.9716648,8.1303225,8.4902902
2466,40.0,55.015562100000004,23.8068518,20.4548876
2467,50.0,31.3348113,10.1779523,13.700189700000001
2468,10.0,74.5477188,35.8155208,33.747956
2469,0.0,42.0396605,7.7915588,8.325433799999999
2470,30.0,42.9507181,16.3383489,16.3884908
2471,20.0,54.9392663,36.852416,14.848938
2472,40.0,55.8262096,27.305633899999997,18.673401300000002
2473,50.0,24.8908562,6.5623805,9.1231946
2474,10.0,64.0014989,36.0785826,20.25268
2475,0.0,34.5422868,8.9850596,14.0336579
2476,30.0,45.9552019,25.072207400000003,19.1243372
2477,20.0,27.7122327,5.9541407,4.342285700000001
2478,40.0,25.6531305,4.8338579,10.6033848
2479,50.0,36.5936663,7.3822266999999995,4.89276
2480,10.0,31.158405300000002,27.9642923,24.5960727
2481,0.0,34.744079500000005,35.4965931,25.3874526
2482,30.0,37.7782271,9.3100977,10.6207952
2483,20.0,45.831505299999996,12.2486325,13.5780808
2484,40.0,36.9716648,8.1303225,8.4902902
2485,40.0,55.015562100000004,23.8068518,20.4548876
2486,40.0,31.3348113,10.1779523,13.700189700000001
2487,40.0,74.5477188,35.8155208,33.747956
2488,40.0,42.0396605,7.7915588,8.325433799999999
2489,40.0,42.9507181,16.3383489,16.3884908
2490,50.0,54.9392663,36.852416,14.848938
2491,50.0,55.8262096,27.305633899999997,18.673401300000002
2492,50.0,24.8908562,6.5623805,9.1231946
2493,50.0,64.0014989,36.0785826,20.25268
2494,50.0,34.5422868,8.9850596,14.0336579
2495,50.0,45.9552019,25.072207400000003,19.1243372
2496,10.0,27.7122327,5.9541407,4.342285700000001
2497,10.0,25.6531305,4.8338579,10.6033848
2498,10.0,36.5936663,7.3822266999999995,4.89276
2499,10.0,31.158405300000002,27.9642923,24.5960727
2500,10.0,34.744079500000005,35.4965931,25.3874526
2501,10.0,37.7782271,9.3100977,10.6207952
2502,0.0,45.831505299999996,12.2486325,13.5780808
2503,0.0,36.9716648,8.1303225,8.4902902
2504,0.0,55.015562100000004,23.8068518,20.4548876
2505,0.0,31.3348113,10.1779523,13.700189700000001
2506,0.0,74.5477188,35.8155208,33.747956
2507,0.0,42.0396605,7.7915588,8.325433799999999
2508,30.0,42.9507181,16.3383489,16.3884908
2509,30.0,54.9392663,36.852416,14.848938
2510,30.0,55.8262096,27.305633899999997,18.673401300000002
2511,30.0,24.8908562,6.5623805,9.1231946
2512,30.0,64.0014989,36.0785826,20.25268
2513,30.0,34.5422868,8.9850596,14.0336579
2514,20.0,45.9552019,25.072207400000003,19.1243372
2515,20.0,27.7122327,5.9541407,4.342285700000001
2516,20.0,25.6531305,4.8338579,10.6033848
2517,20.0,36.5936663,7.3822266999999995,4.89276
2518,20.0,31.158405300000002,27.9642923,24.5960727
2519,20.0,34.744079500000005,35.4965931,25.3874526
2520,40.0,37.7782271,9.3100977,10.6207952
2521,40.0,45.831505299999996,12.2486325,13.5780808
2522,40.0,36.9716648,8.1303225,8.4902902
2523,40.0,55.015562100000004,23.8068518,20.4548876
2524,40.0,31.3348113,10.1779523,13.700189700000001
2525,40.0,74.5477188,35.8155208,33.747956
2526,50.0,42.0396605,7.7915588,8.325433799999999
2527,50.0,42.9507181,16.3383489,16.3884908
2528,50.0,54.9392663,36.852416,14.848938
2529,50.0,55.8262096,27.305633899999997,18.673401300000002
2530,50.0,24.8908562,6.5623805,9.1231946
2531,50.0,64.0014989,36.0785826,20.25268
2532,10.0,34.5422868,8.9850596,14.0336579
2533,10.0,45.9552019,25.072207400000003,19.1243372
2534,10.0,27.7122327,5.9541407,4.342285700000001
2535,10.0,25.6531305,4.8338579,10.6033848
2536,10.0,36.5936663,7.3822266999999995,4.89276
2537,10.0,31.158405300000002,27.9642923,24.5960727
2538,0.0,34.744079500000005,35.4965931,25.3874526
2539,0.0,37.7782271,9.3100977,10.6207952
2540,0.0,45.831505299999996,12.2486325,13.5780808
2541,0.0,36.9716648,8.1303225,8.4902902
2542,0.0,55.015562100000004,23.8068518,20.4548876
2543,0.0,31.3348113,10.1779523,13.700189700000001
2544,30.0,74.5477188,35.8155208,33.747956
2545,30.0,42.0396605,7.7915588,8.325433799999999
2546,30.0,42.9507181,16.3383489,16.3884908
2547,30.0,54.9392663,36.852416,14.848938
2548,30.0,55.8262096,27.305633899999997,18.673401300000002
2549,30.0,24.8908562,6.5623805,9.1231946
2550,20.0,64.0014989,36.0785826,20.25268
2551,20.0,34.5422868,8.9850596,14.0336579
2552,20.0,45.9552019,25.072207400000003,19.1243372
2553,20.0,27.7122327,5.9541407,4.342285700000001
2554,20.0,25.6531305,4.8338579,10.6033848
2555,20.0,36.5936663,7.3822266999999995,4.89276
2556,40.0,31.158405300000002,27.9642923,24.5960727
2557,40.0,34.744079500000005,35.4965931,25.3874526
2558,40.0,37.7782271,9.3100977,10.6207952
2559,40.0,45.831505299999996,12.2486325,13.5780808
2560,40.0,36.9716648,8.1303225,8.4902902
2561,40.0,55.015562100000004,23.8068518,20.4548876
2562,50.0,31.3348113,10.1779523,13.700189700000001
2563,50.0,74.5477188,35.8155208,33.747956
2564,50.0,42.0396605,7.7915588,8.325433799999999
2565,50.0,42.9507181,16.3383489,16.3884908
2566,50.0,54.9392663,36.852416,14.848938
2567,50.0,55.8262096,27.305633899999997,18.673401300000002
2568,10.0,24.8908562,6.5623805,9.1231946
2569,10.0,64.0014989,36.0785826,20.25268
2570,10.0,34.5422868,8.9850596,14.0336579
2571,10.0,45.9552019,25.072207400000003,19.1243372
2572,10.0,27.7122327,5.9541407,4.342285700000001
2573,10.0,25.6531305,4.8338579,10.6033848
2574,0.0,36.5936663,7.3822266999999995,4.89276
2575,0.0,31.158405300000002,27.9642923,24.5960727
2576,0.0,34.744079500000005,35.4965931,25.3874526
2577,0.0,37.7782271,9.3100977,10.6207952
2578,0.0,45.831505299999996,12.2486325,13.5780808
2579,0.0,36.9716648,8.1303225,8.4902902
2580,30.0,55.015562100000004,23.8068518,20.4548876
2581,30.0,31.3348113,10.1779523,13.700189700000001
2582,30.0,74.5477188,35.8155208,33.747956
2583,30.0,42.0396605,7.7915588,8.325433799999999
2584,30.0,42.9507181,16.3383489,16.3884908
2585,30.0,54.9392663,36.852416,14.848938
2586,20.0,55.8262096,27.305633899999997,18.673401300000002
2587,20.0,24.8908562,6.5623805,9.1231946
2588,20.0,64.0014989,36.0785826,20.25268
2589,20.0,34.5422868,8.9850596,14.0336579
2590,20.0,45.9552019,25.072207400000003,19.1243372
2591,20.0,27.7122327,5.9541407,4.342285700000001
2592,40.0,25.6531305,4.8338579,10.6033848
2593,40.0,36.5936663,7.3822266999999995,4.89276
2594,40.0,31.158405300000002,27.9642923,24.5960727
2595,40.0,34.744079500000005,35.4965931,25.3874526
2596,40.0,37.7782271,9.3100977,10.6207952
2597,40.0,45.831505299999996,12.2486325,13.5780808
2598,50.0,36.9716648,8.1303225,8.4902902
2599,50.0,55.015562100000004,23.8068518,20.4548876
2600,50.0,31.3348113,10.1779523,13.700189700000001
2601,50.0,74.5477188,35.8155208,33.747956
2602,50.0,42.0396605,7.7915588,8.325433799999999
2603,50.0,42.9507181,16.3383489,16.3884908
2604,10.0,54.9392663,36.852416,14.848938
2605,10.0,55.8262096,27.305633899999997,18.673401300000002
2606,10.0,24.8908562,6.5623805,9.1231946
2607,10.0,64.0014989,36.0785826,20.25268
2608,10.0,34.5422868,8.9850596,14.0336579
2609,10.0,45.9552019,25.072207400000003,19.1243372
2610,0.0,27.7122327,5.9541407,4.342285700000001
2611,0.0,25.6531305,4.8338579,10.6033848
2612,0.0,36.5936663,7.3822266999999995,4.89276
2613,0.0,31.158405300000002,27.9642923,24.5960727
2614,0.0,34.744079500000005,35.4965931,25.3874526
2615,0.0,37.7782271,9.3100977,10.6207952
2616,30.0,45.831505299999996,12.2486325,13.5780808
2617,30.0,36.9716648,8.1303225,8.4902902
2618,30.0,55.015562100000004,23.8068518,20.4548876
2619,30.0,31.3348113,10.1779523,13.700189700000001
2620,30.0,74.5477188,35.8155208,33.747956
2621,30.0,42.0396605,7.7915588,8.325433799999999
2622,20.0,42.9507181,16.3383489,16.3884908
2623,20.0,54.9392663,36.852416,14.848938
2624,20.0,55.8262096,27.305633899999997,18.673401300000002
2625,20.0,24.8908562,6.5623805,9.1231946
2626,20.0,64.0014989,36.0785826,20.25268
2627,20.0,34.5422868,8.9850596,14.0336579
2628,40.0,45.9552019,25.072207400000003,19.1243372
2629,40.0,27.7122327,5.9541407,4.342285700000001
2630,40.0,25.6531305,4.8338579,10.6033848
2631,40.0,36.5936663,7.3822266999999995,4.89276
2632,40.0,31.158405300000002,27.9642923,24.5960727
2633,40.0,34.744079500000005,35.4965931,25.3874526
2634,50.0,37.7782271,9.3100977,10.6207952
2635,50.0,45.831505299999996,12.2486325,13.5780808
2636,50.0,36.9716648,8.1303225,8.4902902
2637,50.0,55.015562100000004,23.8068518,20.4548876
2638,50.0,31.3348113,10.1779523,13.700189700000001
2639,50.0,74.5477188,35.8155208,33.747956
2640,10.0,42.0396605,7.7915588,8.325433799999999
2641,10.0,42.9507181,16.3383489,16.3884908
2642,10.0,54.9392663,36.852416,14.848938
2643,10.0,55.8262096,27.305633899999997,18.673401300000002
2644,10.0,24.8908562,6.5623805,9.1231946
2645,10.0,64.0014989,36.0785826,20.25268
2646,0.0,34.5422868,8.9850596,14.0336579
2647,0.0,45.9552019,25.072207400000003,19.1243372
2648,0.0,27.7122327,5.9541407,4.342285700000001
2649,0.0,25.6531305,4.8338579,10.6033848
2650,0.0,36.5936663,7.3822266999999995,4.89276
2651,0.0,31.158405300000002,27.9642923,24.5960727
2652,30.0,34.744079500000005,35.4965931,25.3874526
2653,30.0,37.7782271,9.3100977,10.6207952
2654,30.0,45.831505299999996,12.2486325,13.5780808
2655,30.0,36.9716648,8.1303225,8.4902902
2656,30.0,55.015562100000004,23.8068518,20.4548876
2657,30.0,31.3348113,10.1779523,13.700189700000001
2658,20.0,74.5477188,35.8155208,33.747956
2659,20.0,42.0396605,7.7915588,8.325433799999999
2660,20.0,42.9507181,16.3383489,16.3884908
2661,20.0,54.9392663,36.852416,14.848938
2662,20.0,55.8262096,27.305633899999997,18.673401300000002
2663,20.0,24.8908562,6.5623805,9.1231946
2664,40.0,64.0014989,36.0785826,20.25268
2665,40.0,34.5422868,8.9850596,14.0336579
2666,40.0,45.9552019,25.072207400000003,19.1243372
2667,40.0,27.7122327,5.9541407,4.342285700000001
2668,40.0,25.6531305,4.8338579,10.6033848
2669,40.0,36.5936663,7.3822266999999995,4.89276
2670,50.0,31.158405300000002,27.9642923,24.5960727
2671,50.0,34.744079500000005,35.4965931,25.3874526
2672,50.0,37.7782271,9.3100977,10.6207952
2673,50.0,45.831505299999996,12.2486325,13.5780808
2674,50.0,36.9716648,8.1303225,8.4902902
2675,50.0,55.015562100000004,23.8068518,20.4548876
2676,10.0,31.3348113,10.1779523,13.700189700000001
2677,10.0,74.5477188,35.8155208,33.747956
2678,10.0,42.0396605,7.7915588,8.325433799999999
2679,10.0,42.9507181,16.3383489,16.3884908
2680,10.0,54.9392663,36.852416,14.848938
2681,10.0,55.8262096,27.305633899999997,18.673401300000002
2682,0.0,24.8908562,6.5623805,9.1231946
2683,0.0,64.0014989,36.0785826,20.25268
2684,0.0,34.5422868,8.9850596,14.0336579
2685,0.0,45.9552019,25.072207400000003,19.1243372
2686,0.0,27.7122327,5.9541407,4.342285700000001
2687,0.0,25.6531305,4.8338579,10.6033848
2688,30.0,36.5936663,7.3822266999999995,4.89276
2689,30.0,31.158405300000002,27.9642923,24.5960727
2690,30.0,34.744079500000005,35.4965931,25.3874526
2691,30.0,37.7782271,9.3100977,10.6207952
2692,30.0,45.831505299999996,12.2486325,13.5780808
2693,30.0,36.9716648,8.1303225,8.4902902
2694,20.0,55.015562100000004,23.8068518,20.4548876
2695,20.0,31.3348113,10.1779523,13.700189700000001
2696,20.0,74.5477188,35.8155208,33.747956
2697,20.0,42.0396605,7.7915588,8.325433799999999
2698,20.0,42.9507181,16.3383489,16.3884908
2699,20.0,54.9392663,36.852416,14.848938
2700,40.0,16.3002159,1.7733368,4.1652401999999995
2701,40.0,12.4041723,3.9166584999999996,5.1833874
2702,40.0,19.369115700000002,6.0353999,8.3598307
2703,40.0,22.9267626,4.2219012,6.2179837000000004
2704,40.0,14.049127799999999,2.9666322,7.9563690000000005
2705,40.0,26.119517300000002,9.2309655,10.4857114
2706,50.0,22.9828261,10.9945365,10.2865854
2707,50.0,35.962541599999994,3.6841417,5.258673099999999
2708,50.0,24.3265634,7.021216600000001,3.6535354
2709,50.0,22.0490568,6.8176160999999995,4.6709387
2710,50.0,23.2932177,5.212409500000001,5.7475346
2711,50.0,21.7183664,5.2690266,5.0800556
2712,10.0,37.261685,12.697180099999999,7.8569202
2713,10.0,40.046062500000005,14.1703893,11.2528445
2714,10.0,10.2254008,5.0827795,4.55285
2715,10.0,17.531371500000002,3.403386,4.4924785
2716,10.0,10.876825199999999,3.7749498,4.4215257
2717,10.0,37.0705171,13.542463599999998,11.6005941
2718,0.0,12.5470355,3.808135,3.5280191000000003
2719,0.0,22.843768100000002,6.0973788,11.9100793
2720,0.0,14.2729671,8.2175014,11.0802742
2721,0.0,22.4784848,5.0520941,4.722358900000001
2722,0.0,21.8675643,4.5559848,6.400138900000001
2723,0.0,17.5386777,6.4985204,6.0258988
2724,30.0,26.804151700000002,7.953632900000001,8.8605875
2725,30.0,22.3642221,5.7886263,2.6860513999999998
2726,30.0,46.442504899999996,16.5100027,5.1897038
2727,30.0,31.023839399999996,12.302005000000001,10.9042152
2728,30.0,26.157691500000002,6.1796885,4.4233802
2729,30.0,25.535372000000002,5.0139906,6.4987433
2730,20.0,26.927772700000002,4.7126039,3.368208
2731,20.0,28.888088099999997,7.455421299999999,2.5988822000000003
2732,20.0,31.664295999999997,9.5182053,3.7042406999999997
2733,20.0,23.5680262,8.0664286,2.5094875
2734,20.0,26.9640078,8.3806454,7.421715399999999
2735,20.0,29.8435801,5.0869508,3.9644011999999997
2736,40.0,21.378830200000003,8.8939597,7.192968700000001
2737,40.0,27.1723205,5.1690511,5.124884300000001
2738,40.0,25.889289700000003,3.9424636,2.9732747
2739,40.0,36.8028042,14.425067499999999,8.2276984
2740,40.0,23.0039414,8.294728899999999,5.0975516
2741,40.0,11.8978947,6.0122802,19.6322911
2742,50.0,20.5733816,9.5683526,14.604275
2743,50.0,13.482618299999999,6.3866993999999995,8.5112301
2744,50.0,23.4128633,9.381908,10.8200244
2745,50.0,24.381560099999998,10.0026772,6.1044023
2746,50.0,31.841674800000003,5.4323220999999995,2.8594765
2747,50.0,30.6870362,9.8383162,3.9474112999999997
2748,10.0,29.1155788,7.2619321,2.4350937
2749,10.0,29.2332097,10.5496424,11.7973527
2750,10.0,21.5737177,9.3127952,9.8794228
2751,10.0,25.529679700000003,5.646364,5.2299959
2752,10.0,50.5945958,17.1496652,12.114388700000001
2753,10.0,56.409298799999995,29.4615142,15.4216933
2754,0.0,15.0355968,5.3698648,11.5838478
2755,0.0,16.3002159,1.7733368,4.1652401999999995
2756,0.0,12.4041723,3.9166584999999996,5.1833874
2757,0.0,19.369115700000002,6.0353999,8.3598307
2758,0.0,22.9267626,4.2219012,6.2179837000000004
2759,0.0,14.049127799999999,2.9666322,7.9563690000000005
2760,30.0,26.119517300000002,9.2309655,10.4857114
2761,30.0,22.9828261,10.9945365,10.2865854
2762,30.0,35.962541599999994,3.6841417,5.258673099999999
2763,30.0,24.3265634,7.021216600000001,3.6535354
2764,30.0,22.0490568,6.8176160999999995,4.6709387
2765,30.0,23.2932177,5.212409500000001,5.7475346
2766,20.0,21.7183664,5.2690266,5.0800556
2767,20.0,37.261685,12.697180099999999,7.8569202
2768,20.0,40.046062500000005,14.1703893,11.2528445
2769,20.0,10.2254008,5.0827795,4.55285
2770,20.0,17.531371500000002,3.403386,4.4924785
2771,20.0,10.876825199999999,3.7749498,4.4215257
2772,40.0,37.0705171,13.542463599999998,11.6005941
2773,40.0,12.5470355,3.808135,3.5280191000000003
2774,40.0,22.843768100000002,6.0973788,11.9100793
2775,40.0,14.2729671,8.2175014,11.0802742
2776,40.0,22.4784848,5.0520941,4.722358900000001
2777,40.0,21.8675643,4.5559848,6.400138900000001
2778,50.0,17.5386777,6.4985204,6.0258988
2779,50.0,26.804151700000002,7.953632900000001,8.8605875
2780,50.0,22.3642221,5.7886263,2.6860513999999998
2781,50.0,46.442504899999996,16.5100027,5.1897038
2782,50.0,31.023839399999996,12.302005000000001,10.9042152
2783,50.0,26.157691500000002,6.1796885,4.4233802
2784,10.0,25.535372000000002,5.0139906,6.4987433
2785,10.0,26.927772700000002,4.7126039,3.368208
2786,10.0,28.888088099999997,7.455421299999999,2.5988822000000003
2787,10.0,31.664295999999997,9.5182053,3.7042406999999997
2788,10.0,23.5680262,8.0664286,2.5094875
2789,10.0,26.9640078,8.3806454,7.421715399999999
2790,0.0,29.8435801,5.0869508,3.9644011999999997
2791,0.0,21.378830200000003,8.8939597,7.192968700000001
2792,0.0,27.1723205,5.1690511,5.124884300000001
2793,0.0,25.889289700000003,3.9424636,2.9732747
2794,0.0,36.8028042,14.425067499999999,8.2276984
2795,0.0,23.0039414,8.294728899999999,5.0975516
2796,30.0,11.8978947,6.0122802,19.6322911
2797,30.0,20.5733816,9.5683526,14.604275
2798,30.0,13.482618299999999,6.3866993999999995,8.5112301
2799,30.0,23.4128633,9.381908,10.8200244
2800,30.0,24.381560099999998,10.0026772,6.1044023
2801,30.0,31.841674800000003,5.4323220999999995,2.8594765
2802,20.0,30.6870362,9.8383162,3.9474112999999997
2803,20.0,29.1155788,7.2619321,2.4350937
2804,20.0,29.2332097,10.5496424,11.7973527
2805,20.0,21.5737177,9.3127952,9.8794228
2806,20.0,25.529679700000003,5.646364,5.2299959
2807,20.0,50.5945958,17.1496652,12.114388700000001
2808,40.0,56.409298799999995,29.4615142,15.4216933
2809,40.0,15.0355968,5.3698648,11.5838478
2810,40.0,16.3002159,1.7733368,4.1652401999999995
2811,40.0,12.4041723,3.9166584999999996,5.1833874
2812,40.0,19.369115700000002,6.0353999,8.3598307
2813,40.0,22.9267626,4.2219012,6.2179837000000004
2814,50.0,14.049127799999999,2.9666322,7.9563690000000005
2815,50.0,26.119517300000002,9.2309655,10.4857114
2816,50.0,22.9828261,10.9945365,10.2865854
2817,50.0,35.962541599999994,3.6841417,5.258673099999999
2818,50.0,24.3265634,7.021216600000001,3.6535354
2819,50.0,22.0490568,6.8176160999999995,4.6709387
2820,10.0,23.2932177,5.212409500000001,5.7475346
2821,10.0,21.7183664,5.2690266,5.0800556
2822,10.0,37.261685,12.697180099999999,7.8569202
2823,10.0,40.046062500000005,14.1703893,11.2528445
2824,10.0,10.2254008,5.0827795,4.55285
2825,10.0,17.531371500000002,3.403386,4.4924785
2826,0.0,10.876825199999999,3.7749498,4.4215257
2827,0.0,37.0705171,13.542463599999998,11.6005941
2828,0.0,12.5470355,3.808135,3.5280191000000003
2829,0.0,22.843768100000002,6.0973788,11.9100793
2830,0.0,14.2729671,8.2175014,11.0802742
2831,0.0,22.4784848,5.0520941,4.722358900000001
2832,30.0,21.8675643,4.5559848,6.400138900000001
2833,30.0,17.5386777,6.4985204,6.0258988
2834,30.0,26.804151700000002,7.953632900000001,8.8605875
2835,30.0,22.3642221,5.7886263,2.6860513999999998
2836,30.0,46.442504899999996,16.5100027,5.1897038
2837,30.0,31.023839399999996,12.302005000000001,10.9042152
2838,20.0,26.157691500000002,6.1796885,4.4233802
2839,20.0,25.535372000000002,5.0139906,6.4987433
2840,20.0,26.927772700000002,4.7126039,3.368208
2841,20.0,28.888088099999997,7.455421299999999,2.5988822000000003
2842,20.0,31.664295999999997,9.5182053,3.7042406999999997
2843,20.0,23.5680262,8.0664286,2.5094875
2844,40.0,26.9640078,8.3806454,7.421715399999999
2845,40.0,29.8435801,5.0869508,3.9644011999999997
2846,40.0,21.378830200000003,8.8939597,7.192968700000001
2847,40.0,27.1723205,5.1690511,5.124884300000001
2848,40.0,25.889289700000003,3.9424636,2.9732747
2849,40.0,36.8028042,14.425067499999999,8.2276984
2850,50.0,23.0039414,8.294728899999999,5.0975516
2851,50.0,11.8978947,6.0122802,19.6322911
2852,50.0,20.5733816,9.5683526,14.604275
2853,50.0,13.482618299999999,6.3866993999999995,8.5112301
2854,50.0,23.4128633,9.381908,10.8200244
2855,50.0,24.381560099999998,10.0026772,6.1044023
2856,10.0,31.841674800000003,5.4323220999999995,2.8594765
2857,10.0,30.6870362,9.8383162,3.9474112999999997
2858,10.0,29.1155788,7.2619321,2.4350937
2859,10.0,29.2332097,10.5496424,11.7973527
2860,10.0,21.5737177,9.3127952,9.8794228
2861,10.0,25.529679700000003,5.646364,5.2299959
2862,0.0,50.5945958,17.1496652,12.114388700000001
2863,0.0,56.409298799999995,29.4615142,15.4216933
2864,0.0,15.0355968,5.3698648,11.5838478
2865,0.0,16.3002159,1.7733368,4.1652401999999995
2866,0.0,12.4041723,3.9166584999999996,5.1833874
2867,0.0,19.369115700000002,6.0353999,8.3598307
2868,30.0,22.9267626,4.2219012,6.2179837000000004
2869,30.0,14.049127799999999,2.9666322,7.9563690000000005
2870,30.0,26.119517300000002,9.2309655,10.4857114
2871,30.0,22.9828261,10.9945365,10.2865854
2872,30.0,35.962541599999994,3.6841417,5.258673099999999
2873,30.0,24.3265634,7.021216600000001,3.6535354
2874,20.0,22.0490568,6.8176160999999995,4.6709387
2875,20.0,23.2932177,5.212409500000001,5.7475346
2876,20.0,21.7183664,5.2690266,5.0800556
2877,20.0,37.261685,12.697180099999999,7.8569202
2878,20.0,40.046062500000005,14.1703893,11.2528445
2879,20.0,10.2254008,5.0827795,4.55285
2880,40.0,17.531371500000002,3.403386,4.4924785
2881,40.0,10.876825199999999,3.7749498,4.4215257
2882,40.0,37.0705171,13.542463599999998,11.6005941
2883,40.0,12.5470355,3.808135,3.5280191000000003
2884,40.0,22.843768100000002,6.0973788,11.9100793
2885,40.0,14.2729671,8.2175014,11.0802742
2886,50.0,22.4784848,5.0520941,4.722358900000001
2887,50.0,21.8675643,4.5559848,6.400138900000001
2888,50.0,17.5386777,6.4985204,6.0258988
2889,50.0,26.804151700000002,7.953632900000001,8.8605875
2890,50.0,22.3642221,5.7886263,2.6860513999999998
2891,50.0,46.442504899999996,16.5100027,5.1897038
2892,10.0,31.023839399999996,12.302005000000001,10.9042152
2893,10.0,26.157691500000002,6.1796885,4.4233802
2894,10.0,25.535372000000002,5.0139906,6.4987433
2895,10.0,26.927772700000002,4.7126039,3.368208
2896,10.0,28.888088099999997,7.455421299999999,2.5988822000000003
2897,10.0,31.664295999999997,9.5182053,3.7042406999999997
2898,0.0,23.5680262,8.0664286,2.5094875
2899,0.0,26.9640078,8.3806454,7.421715399999999
2900,0.0,29.8435801,5.0869508,3.9644011999999997
2901,0.0,21.378830200000003,8.8939597,7.192968700000001
2902,0.0,27.1723205,5.1690511,5.124884300000001
2903,0.0,25.889289700000003,3.9424636,2.9732747
2904,30.0,36.8028042,14.425067499999999,8.2276984
2905,30.0,23.0039414,8.294728899999999,5.0975516
2906,30.0,11.8978947,6.0122802,19.6322911
2907,30.0,20.5733816,9.5683526,14.604275
2908,30.0,13.482618299999999,6.3866993999999995,8.5112301
2909,30.0,23.4128633,9.381908,10.8200244
2910,20.0,24.381560099999998,10.0026772,6.1044023
2911,20.0,31.841674800000003,5.4323220999999995,2.8594765
2912,20.0,30.6870362,9.8383162,3.9474112999999997
2913,20.0,29.1155788,7.2619321,2.4350937
2914,20.0,29.2332097,10.5496424,11.7973527
2915,20.0,21.5737177,9.3127952,9.8794228
2916,40.0,25.529679700000003,5.646364,5.2299959
2917,40.0,50.5945958,17.1496652,12.114388700000001
2918,40.0,56.409298799999995,29.4615142,15.4216933
2919,40.0,15.0355968,5.3698648,11.5838478
2920,40.0,16.3002159,1.7733368,4.1652401999999995
2921,40.0,12.4041723,3.9166584999999996,5.1833874
2922,50.0,19.369115700000002,6.0353999,8.3598307
2923,50.0,22.9267626,4.2219012,6.2179837000000004
2924,50.0,14.049127799999999,2.9666322,7.9563690000000005
2925,50.0,26.119517300000002,9.2309655,10.4857114
2926,50.0,22.9828261,10.9945365,10.2865854
2927,50.0,35.962541599999994,3.6841417,5.258673099999999
2928,10.0,24.3265634,7.021216600000001,3.6535354
2929,10.0,22.0490568,6.8176160999999995,4.6709387
2930,10.0,23.2932177,5.212409500000001,5.7475346
2931,10.0,21.7183664,5.2690266,5.0800556
2932,10.0,37.261685,12.697180099999999,7.8569202
2933,10.0,40.046062500000005,14.1703893,11.2528445
2934,0.0,10.2254008,5.0827795,4.55285
2935,0.0,17.531371500000002,3.403386,4.4924785
2936,0.0,10.876825199999999,3.7749498,4.4215257
2937,0.0,37.0705171,13.542463599999998,11.6005941
2938,0.0,12.5470355,3.808135,3.5280191000000003
2939,0.0,22.843768100000002,6.0973788,11.9100793
2940,30.0,14.2729671,8.2175014,11.0802742
2941,30.0,22.4784848,5.0520941,4.722358900000001
2942,30.0,21.8675643,4.5559848,6.400138900000001
2943,30.0,17.5386777,6.4985204,6.0258988
2944,30.0,26.804151700000002,7.953632900000001,8.8605875
2945,30.0,22.3642221,5.7886263,2.6860513999999998
2946,20.0,46.442504899999996,16.5100027,5.1897038
2947,20.0,31.023839399999996,12.302005000000001,10.9042152
2948,20.0,26.157691500000002,6.1796885,4.4233802
2949,20.0,25.535372000000002,5.0139906,6.4987433
2950,20.0,26.927772700000002,4.7126039,3.368208
2951,20.0,28.888088099999997,7.455421299999999,2.5988822000000003
2952,40.0,31.664295999999997,9.5182053,3.7042406999999997
2953,50.0,23.5680262,8.0664286,2.5094875
2954,10.0,26.9640078,8.3806454,7.421715399999999
2955,0.0,29.8435801,5.0869508,3.9644011999999997
2956,30.0,21.378830200000003,8.8939597,7.192968700000001
2957,20.0,27.1723205,5.1690511,5.124884300000001
2958,40.0,25.889289700000003,3.9424636,2.9732747
2959,50.0,36.8028042,14.425067499999999,8.2276984
2960,10.0,23.0039414,8.294728899999999,5.0975516
2961,0.0,11.8978947,6.0122802,19.6322911
2962,30.0,20.5733816,9.5683526,14.604275
2963,20.0,13.482618299999999,6.3866993999999995,8.5112301
2964,40.0,23.4128633,9.381908,10.8200244
2965,50.0,24.381560099999998,10.0026772,6.1044023
2966,10.0,31.841674800000003,5.4323220999999995,2.8594765
2967,0.0,30.6870362,9.8383162,3.9474112999999997
2968,30.0,29.1155788,7.2619321,2.4350937
2969,20.0,29.2332097,10.5496424,11.7973527
2970,40.0,21.5737177,9.3127952,9.8794228
2971,50.0,25.529679700000003,5.646364,5.2299959
2972,10.0,50.5945958,17.1496652,12.114388700000001
2973,0.0,56.409298799999995,29.4615142,15.4216933
2974,30.0,15.0355968,5.3698648,11.5838478
2975,20.0,16.3002159,1.7733368,4.1652401999999995
2976,40.0,12.4041723,3.9166584999999996,5.1833874
2977,50.0,19.369115700000002,6.0353999,8.3598307
2978,10.0,22.9267626,4.2219012,6.2179837000000004
2979,0.0,14.049127799999999,2.9666322,7.9563690000000005
2980,30.0,26.119517300000002,9.2309655,10.4857114
2981,20.0,22.9828261,10.9945365,10.2865854
2982,40.0,35.962541599999994,3.6841417,5.258673099999999
2983,50.0,24.3265634,7.021216600000001,3.6535354
2984,10.0,22.0490568,6.8176160999999995,4.6709387
2985,0.0,23.2932177,5.212409500000001,5.7475346
2986,30.0,21.7183664,5.2690266,5.0800556
2987,20.0,37.261685,12.697180099999999,7.8569202
2988,40.0,40.046062500000005,14.1703893,11.2528445
2989,40.0,10.2254008,5.0827795,4.55285
2990,40.0,17.531371500000002,3.403386,4.4924785
2991,40.0,10.876825199999999,3.7749498,4.4215257
2992,40.0,37.0705171,13.542463599999998,11.6005941
2993,40.0,12.5470355,3.808135,3.5280191000000003
2994,50.0,22.843768100000002,6.0973788,11.9100793
2995,50.0,14.2729671,8.2175014,11.0802742
2996,50.0,22.4784848,5.0520941,4.722358900000001
2997,50.0,21.8675643,4.5559848,6.400138900000001
2998,50.0,17.5386777,6.4985204,6.0258988
2999,50.0,26.804151700000002,7.953632900000001,8.8605875
3000,10.0,22.3642221,5.7886263,2.6860513999999998
3001,10.0,46.442504899999996,16.5100027,5.1897038
3002,10.0,31.023839399999996,12.302005000000001,10.9042152
3003,10.0,26.157691500000002,6.1796885,4.4233802
3004,10.0,25.535372000000002,5.0139906,6.4987433
3005,10.0,26.927772700000002,4.7126039,3.368208
3006,0.0,28.888088099999997,7.455421299999999,2.5988822000000003
3007,0.0,31.664295999999997,9.5182053,3.7042406999999997
3008,0.0,23.5680262,8.0664286,2.5094875
3009,0.0,26.9640078,8.3806454,7.421715399999999
3010,0.0,29.8435801,5.0869508,3.9644011999999997
3011,0.0,21.378830200000003,8.8939597,7.192968700000001
3012,30.0,27.1723205,5.1690511,5.124884300000001
3013,30.0,25.889289700000003,3.9424636,2.9732747
3014,30.0,36.8028042,14.425067499999999,8.2276984
3015,30.0,23.0039414,8.294728899999999,5.0975516
3016,30.0,11.8978947,6.0122802,19.6322911
3017,30.0,20.5733816,9.5683526,14.604275
3018,20.0,13.482618299999999,6.3866993999999995,8.5112301
3019,20.0,23.4128633,9.381908,10.8200244
3020,20.0,24.381560099999998,10.0026772,6.1044023
3021,20.0,31.841674800000003,5.4323220999999995,2.8594765
3022,20.0,30.6870362,9.8383162,3.9474112999999997
3023,20.0,29.1155788,7.2619321,2.4350937
3024,40.0,29.2332097,10.5496424,11.7973527
3025,40.0,21.5737177,9.3127952,9.8794228
3026,40.0,25.529679700000003,5.646364,5.2299959
3027,40.0,50.5945958,17.1496652,12.114388700000001
3028,40.0,56.409298799999995,29.4615142,15.4216933
3029,40.0,15.0355968,5.3698648,11.5838478
3030,50.0,16.3002159,1.7733368,4.1652401999999995
3031,50.0,12.4041723,3.9166584999999996,5.1833874
3032,50.0,19.369115700000002,6.0353999,8.3598307
3033,50.0,22.9267626,4.2219012,6.2179837000000004
3034,50.0,14.049127799999999,2.9666322,7.9563690000000005
3035,50.0,26.119517300000002,9.2309655,10.4857114
3036,10.0,22.9828261,10.9945365,10.2865854
3037,10.0,35.962541599999994,3.6841417,5.258673099999999
3038,10.0,24.3265634,7.021216600000001,3.6535354
3039,10.0,22.0490568,6.8176160999999995,4.6709387
3040,10.0,23.2932177,5.212409500000001,5.7475346
3041,10.0,21.7183664,5.2690266,5.0800556
3042,0.0,37.261685,12.697180099999999,7.8569202
3043,0.0,40.046062500000005,14.1703893,11.2528445
3044,0.0,10.2254008,5.0827795,4.55285
3045,0.0,17.531371500000002,3.403386,4.4924785
3046,0.0,10.876825199999999,3.7749498,4.4215257
3047,0.0,37.0705171,13.542463599999998,11.6005941
3048,30.0,12.5470355,3.808135,3.5280191000000003
3049,30.0,22.843768100000002,6.0973788,11.9100793
3050,30.0,14.2729671,8.2175014,11.0802742
3051,30.0,22.4784848,5.0520941,4.722358900000001
3052,30.0,21.8675643,4.5559848,6.400138900000001
3053,30.0,17.5386777,6.4985204,6.0258988
3054,20.0,26.804151700000002,7.953632900000001,8.8605875
3055,20.0,22.3642221,5.7886263,2.6860513999999998
3056,20.0,46.442504899999996,16.5100027,5.1897038
3057,20.0,31.023839399999996,12.302005000000001,10.9042152
3058,20.0,26.157691500000002,6.1796885,4.4233802
3059,20.0,25.535372000000002,5.0139906,6.4987433
3060,40.0,26.927772700000002,4.7126039,3.368208
3061,40.0,28.888088099999997,7.455421299999999,2.5988822000000003
3062,40.0,31.664295999999997,9.5182053,3.7042406999999997
3063,40.0,23.5680262,8.0664286,2.5094875
3064,40.0,26.9640078,8.3806454,7.421715399999999
3065,40.0,29.8435801,5.0869508,3.9644011999999997
3066,50.0,21.378830200000003,8.8939597,7.192968700000001
3067,50.0,27.1723205,5.1690511,5.124884300000001
3068,50.0,25.889289700000003,3.9424636,2.9732747
3069,50.0,36.8028042,14.425067499999999,8.2276984
3070,50.0,23.0039414,8.294728899999999,5.0975516
3071,50.0,11.8978947,6.0122802,19.6322911
3072,10.0,20.5733816,9.5683526,14.604275
3073,10.0,13.482618299999999,6.3866993999999995,8.5112301
3074,10.0,23.4128633,9.381908,10.8200244
3075,10.0,24.381560099999998,10.0026772,6.1044023
3076,10.0,31.841674800000003,5.4323220999999995,2.8594765
3077,10.0,30.6870362,9.8383162,3.9474112999999997
3078,0.0,29.1155788,7.2619321,2.4350937
3079,0.0,29.2332097,10.5496424,11.7973527
3080,0.0,21.5737177,9.3127952,9.8794228
3081,0.0,25.529679700000003,5.646364,5.2299959
3082,0.0,50.5945958,17.1496652,12.114388700000001
3083,0.0,56.409298799999995,29.4615142,15.4216933
3084,30.0,15.0355968,5.3698648,11.5838478
3085,30.0,16.3002159,1.7733368,4.1652401999999995
3086,30.0,12.4041723,3.9166584999999996,5.1833874
3087,30.0,19.369115700000002,6.0353999,8.3598307
3088,30.0,22.9267626,4.2219012,6.2179837000000004
3089,30.0,14.049127799999999,2.9666322,7.9563690000000005
3090,20.0,26.119517300000002,9.2309655,10.4857114
3091,20.0,22.9828261,10.9945365,10.2865854
3092,20.0,35.962541599999994,3.6841417,5.258673099999999
3093,20.0,24.3265634,7.021216600000001,3.6535354
3094,20.0,22.0490568,6.8176160999999995,4.6709387
3095,20.0,23.2932177,5.212409500000001,5.7475346
3096,40.0,21.7183664,5.2690266,5.0800556
3097,40.0,37.261685,12.697180099999999,7.8569202
3098,40.0,40.046062500000005,14.1703893,11.2528445
3099,40.0,10.2254008,5.0827795,4.55285
3100,40.0,17.531371500000002,3.403386,4.4924785
3101,40.0,10.876825199999999,3.7749498,4.4215257
3102,50.0,37.0705171,13.542463599999998,11.6005941
3103,50.0,12.5470355,3.808135,3.5280191000000003
3104,50.0,22.843768100000002,6.0973788,11.9100793
3105,50.0,14.2729671,8.2175014,11.0802742
3106,50.0,22.4784848,5.0520941,4.722358900000001
3107,50.0,21.8675643,4.5559848,6.400138900000001
3108,10.0,17.5386777,6.4985204,6.0258988
3109,10.0,26.804151700000002,7.953632900000001,8.8605875
3110,10.0,22.3642221,5.7886263,2.6860513999999998
3111,10.0,46.442504899999996,16.5100027,5.1897038
3112,10.0,31.023839399999996,12.302005000000001,10.9042152
3113,10.0,26.157691500000002,6.1796885,4.4233802
3114,0.0,25.535372000000002,5.0139906,6.4987433
3115,0.0,26.927772700000002,4.7126039,3.368208
3116,0.0,28.888088099999997,7.455421299999999,2.5988822000000003
3117,0.0,31.664295999999997,9.5182053,3.7042406999999997
3118,0.0,23.5680262,8.0664286,2.5094875
3119,0.0,26.9640078,8.3806454,7.421715399999999
3120,30.0,29.8435801,5.0869508,3.9644011999999997
3121,30.0,21.378830200000003,8.8939597,7.192968700000001
3122,30.0,27.1723205,5.1690511,5.124884300000001
3123,30.0,25.889289700000003,3.9424636,2.9732747
3124,30.0,36.8028042,14.425067499999999,8.2276984
3125,30.0,23.0039414,8.294728899999999,5.0975516
3126,20.0,11.8978947,6.0122802,19.6322911
3127,20.0,20.5733816,9.5683526,14.604275
3128,20.0,13.482618299999999,6.3866993999999995,8.5112301
3129,20.0,23.4128633,9.381908,10.8200244
3130,20.0,24.381560099999998,10.0026772,6.1044023
3131,20.0,31.841674800000003,5.4323220999999995,2.8594765
3132,40.0,30.6870362,9.8383162,3.9474112999999997
3133,40.0,29.1155788,7.2619321,2.4350937
3134,40.0,29.2332097,10.5496424,11.7973527
3135,40.0,21.5737177,9.3127952,9.8794228
3136,40.0,25.529679700000003,5.646364,5.2299959
3137,40.0,50.5945958,17.1496652,12.114388700000001
3138,50.0,56.409298799999995,29.4615142,15.4216933
3139,50.0,15.0355968,5.3698648,11.5838478
3140,50.0,16.3002159,1.7733368,4.1652401999999995
3141,50.0,12.4041723,3.9166584999999996,5.1833874
3142,50.0,19.369115700000002,6.0353999,8.3598307
3143,50.0,22.9267626,4.2219012,6.2179837000000004
3144,10.0,14.049127799999999,2.9666322,7.9563690000000005
3145,10.0,26.119517300000002,9.2309655,10.4857114
3146,10.0,22.9828261,10.9945365,10.2865854
3147,10.0,35.962541599999994,3.6841417,5.258673099999999
3148,10.0,24.3265634,7.021216600000001,3.6535354
3149,10.0,22.0490568,6.8176160999999995,4.6709387
3150,0.0,23.2932177,5.212409500000001,5.7475346
3151,0.0,21.7183664,5.2690266,5.0800556
3152,0.0,37.261685,12.697180099999999,7.8569202
3153,0.0,40.046062500000005,14.1703893,11.2528445
3154,0.0,10.2254008,5.0827795,4.55285
3155,0.0,17.531371500000002,3.403386,4.4924785
3156,30.0,10.876825199999999,3.7749498,4.4215257
3157,30.0,37.0705171,13.542463599999998,11.6005941
3158,30.0,12.5470355,3.808135,3.5280191000000003
3159,30.0,22.843768100000002,6.0973788,11.9100793
3160,30.0,14.2729671,8.2175014,11.0802742
3161,30.0,22.4784848,5.0520941,4.722358900000001
3162,20.0,21.8675643,4.5559848,6.400138900000001
3163,20.0,17.5386777,6.4985204,6.0258988
3164,20.0,26.804151700000002,7.953632900000001,8.8605875
3165,20.0,22.3642221,5.7886263,2.6860513999999998
3166,20.0,46.442504899999996,16.5100027,5.1897038
3167,20.0,31.023839399999996,12.302005000000001,10.9042152
3168,40.0,26.157691500000002,6.1796885,4.4233802
3169,40.0,25.535372000000002,5.0139906,6.4987433
3170,40.0,26.927772700000002,4.7126039,3.368208
3171,40.0,28.888088099999997,7.455421299999999,2.5988822000000003
3172,40.0,31.664295999999997,9.5182053,3.7042406999999997
3173,40.0,23.5680262,8.0664286,2.5094875
3174,50.0,26.9640078,8.3806454,7.421715399999999
3175,50.0,29.8435801,5.0869508,3.9644011999999997
3176,50.0,21.378830200000003,8.8939597,7.192968700000001
3177,50.0,27.1723205,5.1690511,5.124884300000001
3178,50.0,25.889289700000003,3.9424636,2.9732747
3179,50.0,36.8028042,14.425067499999999,8.2276984
3180,10.0,23.0039414,8.294728899999999,5.0975516
3181,10.0,11.8978947,6.0122802,19.6322911
3182,10.0,20.5733816,9.5683526,14.604275
3183,10.0,13.482618299999999,6.3866993999999995,8.5112301
3184,10.0,23.4128633,9.381908,10.8200244
3185,10.0,24.381560099999998,10.0026772,6.1044023
3186,0.0,31.841674800000003,5.4323220999999995,2.8594765
3187,0.0,30.6870362,9.8383162,3.9474112999999997
3188,0.0,29.1155788,7.2619321,2.4350937
3189,0.0,29.2332097,10.5496424,11.7973527
3190,0.0,21.5737177,9.3127952,9.8794228
3191,0.0,25.529679700000003,5.646364,5.2299959
3192,30.0,50.5945958,17.1496652,12.114388700000001
3193,30.0,56.409298799999995,29.4615142,15.4216933
3194,30.0,15.0355968,5.3698648,11.5838478
3195,30.0,16.3002159,1.7733368,4.1652401999999995
3196,30.0,12.4041723,3.9166584999999996,5.1833874
3197,30.0,19.369115700000002,6.0353999,8.3598307
3198,20.0,22.9267626,4.2219012,6.2179837000000004
3199,20.0,14.049127799999999,2.9666322,7.9563690000000005
3200,20.0,26.119517300000002,9.2309655,10.4857114
3201,20.0,22.9828261,10.9945365,10.2865854
3202,20.0,35.962541599999994,3.6841417,5.258673099999999
3203,20.0,24.3265634,7.021216600000001,3.6535354
3204,40.0,22.0490568,6.8176160999999995,4.6709387
3205,40.0,23.2932177,5.212409500000001,5.7475346
3206,40.0,21.7183664,5.2690266,5.0800556
3207,40.0,37.261685,12.697180099999999,7.8569202
3208,40.0,40.046062500000005,14.1703893,11.2528445
3209,40.0,10.2254008,5.0827795,4.55285
3210,50.0,17.531371500000002,3.403386,4.4924785
3211,50.0,10.876825199999999,3.7749498,4.4215257
3212,50.0,37.0705171,13.542463599999998,11.6005941
3213,50.0,12.5470355,3.808135,3.5280191000000003
3214,50.0,22.843768100000002,6.0973788,11.9100793
3215,50.0,14.2729671,8.2175014,11.0802742
3216,10.0,22.4784848,5.0520941,4.722358900000001
3217,10.0,21.8675643,4.5559848,6.400138900000001
3218,10.0,17.5386777,6.4985204,6.0258988
3219,10.0,26.804151700000002,7.953632900000001,8.8605875
3220,10.0,22.3642221,5.7886263,2.6860513999999998
3221,10.0,46.442504899999996,16.5100027,5.1897038
3222,0.0,31.023839399999996,12.302005000000001,10.9042152
3223,0.0,26.157691500000002,6.1796885,4.4233802
3224,0.0,25.535372000000002,5.0139906,6.4987433
3225,0.0,26.927772700000002,4.7126039,3.368208
3226,0.0,28.888088099999997,7.455421299999999,2.5988822000000003
3227,0.0,31.664295999999997,9.5182053,3.7042406999999997
3228,30.0,23.5680262,8.0664286,2.5094875
3229,30.0,26.9640078,8.3806454,7.421715399999999
3230,30.0,29.8435801,5.0869508,3.9644011999999997
3231,30.0,21.378830200000003,8.8939597,7.192968700000001
3232,30.0,27.1723205,5.1690511,5.124884300000001
3233,30.0,25.889289700000003,3.9424636,2.9732747
3234,20.0,36.8028042,14.425067499999999,8.2276984
3235,20.0,23.0039414,8.294728899999999,5.0975516
3236,20.0,11.8978947,6.0122802,19.6322911
3237,20.0,20.5733816,9.5683526,14.604275
3238,20.0,13.482618299999999,6.3866993999999995,8.5112301
3239,20.0,23.4128633,9.381908,10.8200244
3240,40.0,33.7033723,20.707171,10.345744799999999
3241,40.0,23.1142405,6.5888475,4.9704078
3242,40.0,33.7033723,20.707171,10.345744799999999
3243,40.0,23.1142405,6.5888475,4.9704078
3244,40.0,33.7033723,20.707171,10.345744799999999
3245,40.0,23.1142405,6.5888475,4.9704078
3246,50.0,33.7033723,20.707171,10.345744799999999
3247,50.0,23.1142405,6.5888475,4.9704078
3248,50.0,33.7033723,20.707171,10.345744799999999
3249,50.0,23.1142405,6.5888475,4.9704078
3250,50.0,33.7033723,20.707171,10.345744799999999
3251,50.0,23.1142405,6.5888475,4.9704078
3252,10.0,33.7033723,20.707171,10.345744799999999
3253,10.0,23.1142405,6.5888475,4.9704078
3254,10.0,33.7033723,20.707171,10.345744799999999
3255,10.0,23.1142405,6.5888475,4.9704078
3256,10.0,33.7033723,20.707171,10.345744799999999
3257,10.0,23.1142405,6.5888475,4.9704078
3258,0.0,33.7033723,20.707171,10.345744799999999
3259,0.0,23.1142405,6.5888475,4.9704078
3260,0.0,33.7033723,20.707171,10.345744799999999
3261,0.0,23.1142405,6.5888475,4.9704078
3262,0.0,33.7033723,20.707171,10.345744799999999
3263,0.0,23.1142405,6.5888475,4.9704078
3264,30.0,33.7033723,20.707171,10.345744799999999
3265,30.0,23.1142405,6.5888475,4.9704078
3266,30.0,33.7033723,20.707171,10.345744799999999
3267,30.0,23.1142405,6.5888475,4.9704078
3268,30.0,33.7033723,20.707171,10.345744799999999
3269,30.0,23.1142405,6.5888475,4.9704078
3270,20.0,33.7033723,20.707171,10.345744799999999
3271,20.0,23.1142405,6.5888475,4.9704078
3272,20.0,33.7033723,20.707171,10.345744799999999
3273,20.0,23.1142405,6.5888475,4.9704078
3274,20.0,33.7033723,20.707171,10.345744799999999
3275,20.0,23.1142405,6.5888475,4.9704078
3276,40.0,33.7033723,20.707171,10.345744799999999
3277,40.0,23.1142405,6.5888475,4.9704078
3278,40.0,33.7033723,20.707171,10.345744799999999
3279,40.0,23.1142405,6.5888475,4.9704078
3280,40.0,33.7033723,20.707171,10.345744799999999
3281,40.0,23.1142405,6.5888475,4.9704078
3282,50.0,33.7033723,20.707171,10.345744799999999
3283,50.0,23.1142405,6.5888475,4.9704078
3284,50.0,33.7033723,20.707171,10.345744799999999
3285,50.0,23.1142405,6.5888475,4.9704078
3286,50.0,33.7033723,20.707171,10.345744799999999
3287,50.0,23.1142405,6.5888475,4.9704078
3288,10.0,33.7033723,20.707171,10.345744799999999
3289,10.0,23.1142405,6.5888475,4.9704078
3290,10.0,33.7033723,20.707171,10.345744799999999
3291,10.0,23.1142405,6.5888475,4.9704078
3292,10.0,33.7033723,20.707171,10.345744799999999
3293,10.0,23.1142405,6.5888475,4.9704078
3294,0.0,33.7033723,20.707171,10.345744799999999
3295,0.0,23.1142405,6.5888475,4.9704078
3296,0.0,33.7033723,20.707171,10.345744799999999
3297,0.0,23.1142405,6.5888475,4.9704078
3298,0.0,33.7033723,20.707171,10.345744799999999
3299,0.0,23.1142405,6.5888475,4.9704078
3300,30.0,33.7033723,20.707171,10.345744799999999
3301,30.0,23.1142405,6.5888475,4.9704078
3302,30.0,33.7033723,20.707171,10.345744799999999
3303,30.0,23.1142405,6.5888475,4.9704078
3304,30.0,33.7033723,20.707171,10.345744799999999
3305,30.0,23.1142405,6.5888475,4.9704078
3306,20.0,33.7033723,20.707171,10.345744799999999
3307,20.0,23.1142405,6.5888475,4.9704078
3308,20.0,33.7033723,20.707171,10.345744799999999
3309,20.0,23.1142405,6.5888475,4.9704078
3310,20.0,33.7033723,20.707171,10.345744799999999
3311,20.0,23.1142405,6.5888475,4.9704078
3312,40.0,33.7033723,20.707171,10.345744799999999
3313,40.0,23.1142405,6.5888475,4.9704078
3314,40.0,33.7033723,20.707171,10.345744799999999
3315,40.0,23.1142405,6.5888475,4.9704078
3316,40.0,33.7033723,20.707171,10.345744799999999
3317,40.0,23.1142405,6.5888475,4.9704078
3318,50.0,33.7033723,20.707171,10.345744799999999
3319,50.0,23.1142405,6.5888475,4.9704078
3320,50.0,33.7033723,20.707171,10.345744799999999
3321,50.0,23.1142405,6.5888475,4.9704078
3322,50.0,33.7033723,20.707171,10.345744799999999
3323,50.0,23.1142405,6.5888475,4.9704078
3324,10.0,33.7033723,20.707171,10.345744799999999
3325,10.0,23.1142405,6.5888475,4.9704078
3326,10.0,33.7033723,20.707171,10.345744799999999
3327,10.0,23.1142405,6.5888475,4.9704078
3328,10.0,33.7033723,20.707171,10.345744799999999
3329,10.0,23.1142405,6.5888475,4.9704078
3330,0.0,33.7033723,20.707171,10.345744799999999
3331,0.0,23.1142405,6.5888475,4.9704078
3332,0.0,33.7033723,20.707171,10.345744799999999
3333,0.0,23.1142405,6.5888475,4.9704078
3334,0.0,33.7033723,20.707171,10.345744799999999
3335,0.0,23.1142405,6.5888475,4.9704078
3336,30.0,33.7033723,20.707171,10.345744799999999
3337,30.0,23.1142405,6.5888475,4.9704078
3338,30.0,33.7033723,20.707171,10.345744799999999
3339,30.0,23.1142405,6.5888475,4.9704078
3340,30.0,33.7033723,20.707171,10.345744799999999
3341,30.0,23.1142405,6.5888475,4.9704078
3342,20.0,33.7033723,20.707171,10.345744799999999
3343,20.0,23.1142405,6.5888475,4.9704078
3344,20.0,33.7033723,20.707171,10.345744799999999
3345,20.0,23.1142405,6.5888475,4.9704078
3346,20.0,33.7033723,20.707171,10.345744799999999
3347,20.0,23.1142405,6.5888475,4.9704078
3348,40.0,33.7033723,20.707171,10.345744799999999
3349,40.0,23.1142405,6.5888475,4.9704078
3350,40.0,33.7033723,20.707171,10.345744799999999
3351,40.0,23.1142405,6.5888475,4.9704078
3352,40.0,33.7033723,20.707171,10.345744799999999
3353,40.0,23.1142405,6.5888475,4.9704078
3354,50.0,33.7033723,20.707171,10.345744799999999
3355,50.0,23.1142405,6.5888475,4.9704078
3356,50.0,33.7033723,20.707171,10.345744799999999
3357,50.0,23.1142405,6.5888475,4.9704078
3358,50.0,33.7033723,20.707171,10.345744799999999
3359,50.0,23.1142405,6.5888475,4.9704078
3360,10.0,33.7033723,20.707171,10.345744799999999
3361,10.0,23.1142405,6.5888475,4.9704078
3362,10.0,33.7033723,20.707171,10.345744799999999
3363,10.0,23.1142405,6.5888475,4.9704078
3364,10.0,33.7033723,20.707171,10.345744799999999
3365,10.0,23.1142405,6.5888475,4.9704078
3366,0.0,33.7033723,20.707171,10.345744799999999
3367,0.0,23.1142405,6.5888475,4.9704078
3368,0.0,33.7033723,20.707171,10.345744799999999
3369,0.0,23.1142405,6.5888475,4.9704078
3370,0.0,33.7033723,20.707171,10.345744799999999
3371,0.0,23.1142405,6.5888475,4.9704078
3372,30.0,33.7033723,20.707171,10.345744799999999
3373,30.0,23.1142405,6.5888475,4.9704078
3374,30.0,33.7033723,20.707171,10.345744799999999
3375,30.0,23.1142405,6.5888475,4.9704078
3376,30.0,33.7033723,20.707171,10.345744799999999
3377,30.0,23.1142405,6.5888475,4.9704078
3378,20.0,33.7033723,20.707171,10.345744799999999
3379,20.0,23.1142405,6.5888475,4.9704078
3380,20.0,33.7033723,20.707171,10.345744799999999
3381,20.0,23.1142405,6.5888475,4.9704078
3382,20.0,33.7033723,20.707171,10.345744799999999
3383,20.0,23.1142405,6.5888475,4.9704078
3384,40.0,33.7033723,20.707171,10.345744799999999
3385,40.0,23.1142405,6.5888475,4.9704078
3386,40.0,33.7033723,20.707171,10.345744799999999
3387,40.0,23.1142405,6.5888475,4.9704078
3388,40.0,33.7033723,20.707171,10.345744799999999
3389,40.0,23.1142405,6.5888475,4.9704078
3390,50.0,33.7033723,20.707171,10.345744799999999
3391,50.0,23.1142405,6.5888475,4.9704078
3392,50.0,33.7033723,20.707171,10.345744799999999
3393,50.0,23.1142405,6.5888475,4.9704078
3394,50.0,33.7033723,20.707171,10.345744799999999
3395,50.0,23.1142405,6.5888475,4.9704078
3396,10.0,33.7033723,20.707171,10.345744799999999
3397,10.0,23.1142405,6.5888475,4.9704078
3398,10.0,33.7033723,20.707171,10.345744799999999
3399,10.0,23.1142405,6.5888475,4.9704078
3400,10.0,33.7033723,20.707171,10.345744799999999
3401,10.0,23.1142405,6.5888475,4.9704078
3402,0.0,33.7033723,20.707171,10.345744799999999
3403,0.0,23.1142405,6.5888475,4.9704078
3404,0.0,33.7033723,20.707171,10.345744799999999
3405,0.0,23.1142405,6.5888475,4.9704078
3406,0.0,33.7033723,20.707171,10.345744799999999
3407,0.0,23.1142405,6.5888475,4.9704078
3408,30.0,33.7033723,20.707171,10.345744799999999
3409,30.0,23.1142405,6.5888475,4.9704078
3410,30.0,33.7033723,20.707171,10.345744799999999
3411,30.0,23.1142405,6.5888475,4.9704078
3412,30.0,33.7033723,20.707171,10.345744799999999
3413,30.0,23.1142405,6.5888475,4.9704078
3414,20.0,33.7033723,20.707171,10.345744799999999
3415,20.0,23.1142405,6.5888475,4.9704078
3416,20.0,33.7033723,20.707171,10.345744799999999
3417,20.0,23.1142405,6.5888475,4.9704078
3418,20.0,33.7033723,20.707171,10.345744799999999
3419,20.0,23.1142405,6.5888475,4.9704078
3420,40.0,33.7033723,20.707171,10.345744799999999
3421,40.0,23.1142405,6.5888475,4.9704078
3422,40.0,33.7033723,20.707171,10.345744799999999
3423,40.0,23.1142405,6.5888475,4.9704078
3424,40.0,33.7033723,20.707171,10.345744799999999
3425,40.0,23.1142405,6.5888475,4.9704078
3426,50.0,33.7033723,20.707171,10.345744799999999
3427,50.0,23.1142405,6.5888475,4.9704078
3428,50.0,33.7033723,20.707171,10.345744799999999
3429,50.0,23.1142405,6.5888475,4.9704078
3430,50.0,33.7033723,20.707171,10.345744799999999
3431,50.0,23.1142405,6.5888475,4.9704078
3432,10.0,33.7033723,20.707171,10.345744799999999
3433,10.0,23.1142405,6.5888475,4.9704078
3434,10.0,33.7033723,20.707171,10.345744799999999
3435,10.0,23.1142405,6.5888475,4.9704078
3436,10.0,33.7033723,20.707171,10.345744799999999
3437,10.0,23.1142405,6.5888475,4.9704078
3438,0.0,33.7033723,20.707171,10.345744799999999
3439,0.0,23.1142405,6.5888475,4.9704078
3440,0.0,33.7033723,20.707171,10.345744799999999
3441,0.0,23.1142405,6.5888475,4.9704078
3442,0.0,33.7033723,20.707171,10.345744799999999
3443,0.0,23.1142405,6.5888475,4.9704078
3444,30.0,33.7033723,20.707171,10.345744799999999
3445,30.0,23.1142405,6.5888475,4.9704078
3446,30.0,33.7033723,20.707171,10.345744799999999
3447,30.0,23.1142405,6.5888475,4.9704078
3448,30.0,33.7033723,20.707171,10.345744799999999
3449,30.0,23.1142405,6.5888475,4.9704078
3450,20.0,33.7033723,20.707171,10.345744799999999
3451,20.0,23.1142405,6.5888475,4.9704078
3452,20.0,33.7033723,20.707171,10.345744799999999
3453,20.0,23.1142405,6.5888475,4.9704078
3454,20.0,33.7033723,20.707171,10.345744799999999
3455,20.0,23.1142405,6.5888475,4.9704078
3456,40.0,33.7033723,20.707171,10.345744799999999
3457,50.0,23.1142405,6.5888475,4.9704078
3458,10.0,33.7033723,20.707171,10.345744799999999
3459,0.0,23.1142405,6.5888475,4.9704078
3460,30.0,33.7033723,20.707171,10.345744799999999
3461,20.0,23.1142405,6.5888475,4.9704078
3462,40.0,33.7033723,20.707171,10.345744799999999
3463,50.0,23.1142405,6.5888475,4.9704078
3464,10.0,33.7033723,20.707171,10.345744799999999
3465,0.0,23.1142405,6.5888475,4.9704078
3466,30.0,33.7033723,20.707171,10.345744799999999
3467,20.0,23.1142405,6.5888475,4.9704078
3468,40.0,33.7033723,20.707171,10.345744799999999
3469,50.0,23.1142405,6.5888475,4.9704078
3470,10.0,33.7033723,20.707171,10.345744799999999
3471,0.0,23.1142405,6.5888475,4.9704078
3472,30.0,33.7033723,20.707171,10.345744799999999
3473,20.0,23.1142405,6.5888475,4.9704078
3474,40.0,33.7033723,20.707171,10.345744799999999
3475,50.0,23.1142405,6.5888475,4.9704078
3476,10.0,33.7033723,20.707171,10.345744799999999
3477,0.0,23.1142405,6.5888475,4.9704078
3478,30.0,33.7033723,20.707171,10.345744799999999
3479,20.0,23.1142405,6.5888475,4.9704078
3480,40.0,33.7033723,20.707171,10.345744799999999
3481,50.0,23.1142405,6.5888475,4.9704078
3482,10.0,33.7033723,20.707171,10.345744799999999
3483,0.0,23.1142405,6.5888475,4.9704078
3484,30.0,33.7033723,20.707171,10.345744799999999
3485,20.0,23.1142405,6.5888475,4.9704078
3486,40.0,33.7033723,20.707171,10.345744799999999
3487,50.0,23.1142405,6.5888475,4.9704078
3488,10.0,33.7033723,20.707171,10.345744799999999
3489,0.0,23.1142405,6.5888475,4.9704078
3490,30.0,33.7033723,20.707171,10.345744799999999
3491,20.0,23.1142405,6.5888475,4.9704078
3492,40.0,33.7033723,20.707171,10.345744799999999
3493,40.0,23.1142405,6.5888475,4.9704078
3494,40.0,33.7033723,20.707171,10.345744799999999
3495,40.0,23.1142405,6.5888475,4.9704078
3496,40.0,33.7033723,20.707171,10.345744799999999
3497,40.0,23.1142405,6.5888475,4.9704078
3498,50.0,33.7033723,20.707171,10.345744799999999
3499,50.0,23.1142405,6.5888475,4.9704078
3500,50.0,33.7033723,20.707171,10.345744799999999
3501,50.0,23.1142405,6.5888475,4.9704078
3502,50.0,33.7033723,20.707171,10.345744799999999
3503,50.0,23.1142405,6.5888475,4.9704078
3504,10.0,33.7033723,20.707171,10.345744799999999
3505,10.0,23.1142405,6.5888475,4.9704078
3506,10.0,33.7033723,20.707171,10.345744799999999
3507,10.0,23.1142405,6.5888475,4.9704078
3508,10.0,33.7033723,20.707171,10.345744799999999
3509,10.0,23.1142405,6.5888475,4.9704078
3510,0.0,33.7033723,20.707171,10.345744799999999
3511,0.0,23.1142405,6.5888475,4.9704078
3512,0.0,33.7033723,20.707171,10.345744799999999
3513,0.0,23.1142405,6.5888475,4.9704078
3514,0.0,33.7033723,20.707171,10.345744799999999
3515,0.0,23.1142405,6.5888475,4.9704078
3516,30.0,33.7033723,20.707171,10.345744799999999
3517,30.0,23.1142405,6.5888475,4.9704078
3518,30.0,33.7033723,20.707171,10.345744799999999
3519,30.0,23.1142405,6.5888475,4.9704078
3520,30.0,33.7033723,20.707171,10.345744799999999
3521,30.0,23.1142405,6.5888475,4.9704078
3522,20.0,33.7033723,20.707171,10.345744799999999
3523,20.0,23.1142405,6.5888475,4.9704078
3524,20.0,33.7033723,20.707171,10.345744799999999
3525,20.0,23.1142405,6.5888475,4.9704078
3526,20.0,33.7033723,20.707171,10.345744799999999
3527,20.0,23.1142405,6.5888475,4.9704078
3528,40.0,33.7033723,20.707171,10.345744799999999
3529,40.0,23.1142405,6.5888475,4.9704078
3530,40.0,33.7033723,20.707171,10.345744799999999
3531,40.0,23.1142405,6.5888475,4.9704078
3532,40.0,33.7033723,20.707171,10.345744799999999
3533,40.0,23.1142405,6.5888475,4.9704078
3534,50.0,33.7033723,20.707171,10.345744799999999
3535,50.0,23.1142405,6.5888475,4.9704078
3536,50.0,33.7033723,20.707171,10.345744799999999
3537,50.0,23.1142405,6.5888475,4.9704078
3538,50.0,33.7033723,20.707171,10.345744799999999
3539,50.0,23.1142405,6.5888475,4.9704078
3540,10.0,33.7033723,20.707171,10.345744799999999
3541,10.0,23.1142405,6.5888475,4.9704078
3542,10.0,33.7033723,20.707171,10.345744799999999
3543,10.0,23.1142405,6.5888475,4.9704078
3544,10.0,33.7033723,20.707171,10.345744799999999
3545,10.0,23.1142405,6.5888475,4.9704078
3546,0.0,33.7033723,20.707171,10.345744799999999
3547,0.0,23.1142405,6.5888475,4.9704078
3548,0.0,33.7033723,20.707171,10.345744799999999
3549,0.0,23.1142405,6.5888475,4.9704078
3550,0.0,33.7033723,20.707171,10.345744799999999
3551,0.0,23.1142405,6.5888475,4.9704078
3552,30.0,33.7033723,20.707171,10.345744799999999
3553,30.0,23.1142405,6.5888475,4.9704078
3554,30.0,33.7033723,20.707171,10.345744799999999
3555,30.0,23.1142405,6.5888475,4.9704078
3556,30.0,33.7033723,20.707171,10.345744799999999
3557,30.0,23.1142405,6.5888475,4.9704078
3558,20.0,33.7033723,20.707171,10.345744799999999
3559,20.0,23.1142405,6.5888475,4.9704078
3560,20.0,33.7033723,20.707171,10.345744799999999
3561,20.0,23.1142405,6.5888475,4.9704078
3562,20.0,33.7033723,20.707171,10.345744799999999
3563,20.0,23.1142405,6.5888475,4.9704078
3564,40.0,33.7033723,20.707171,10.345744799999999
3565,40.0,23.1142405,6.5888475,4.9704078
3566,40.0,33.7033723,20.707171,10.345744799999999
3567,40.0,23.1142405,6.5888475,4.9704078
3568,40.0,33.7033723,20.707171,10.345744799999999
3569,40.0,23.1142405,6.5888475,4.9704078
3570,50.0,33.7033723,20.707171,10.345744799999999
3571,50.0,23.1142405,6.5888475,4.9704078
3572,50.0,33.7033723,20.707171,10.345744799999999
3573,50.0,23.1142405,6.5888475,4.9704078
3574,50.0,33.7033723,20.707171,10.345744799999999
3575,50.0,23.1142405,6.5888475,4.9704078
3576,10.0,33.7033723,20.707171,10.345744799999999
3577,10.0,23.1142405,6.5888475,4.9704078
3578,10.0,33.7033723,20.707171,10.345744799999999
3579,10.0,23.1142405,6.5888475,4.9704078
3580,10.0,33.7033723,20.707171,10.345744799999999
3581,10.0,23.1142405,6.5888475,4.9704078
3582,0.0,33.7033723,20.707171,10.345744799999999
3583,0.0,23.1142405,6.5888475,4.9704078
3584,0.0,33.7033723,20.707171,10.345744799999999
3585,0.0,23.1142405,6.5888475,4.9704078
3586,0.0,33.7033723,20.707171,10.345744799999999
3587,0.0,23.1142405,6.5888475,4.9704078
3588,30.0,33.7033723,20.707171,10.345744799999999
3589,30.0,23.1142405,6.5888475,4.9704078
3590,30.0,33.7033723,20.707171,10.345744799999999
3591,30.0,23.1142405,6.5888475,4.9704078
3592,30.0,33.7033723,20.707171,10.345744799999999
3593,30.0,23.1142405,6.5888475,4.9704078
3594,20.0,33.7033723,20.707171,10.345744799999999
3595,20.0,23.1142405,6.5888475,4.9704078
3596,20.0,33.7033723,20.707171,10.345744799999999
3597,20.0,23.1142405,6.5888475,4.9704078
3598,20.0,33.7033723,20.707171,10.345744799999999
3599,20.0,23.1142405,6.5888475,4.9704078
3600,40.0,33.7033723,20.707171,10.345744799999999
3601,40.0,23.1142405,6.5888475,4.9704078
3602,40.0,33.7033723,20.707171,10.345744799999999
3603,40.0,23.1142405,6.5888475,4.9704078
3604,40.0,33.7033723,20.707171,10.345744799999999
3605,40.0,23.1142405,6.5888475,4.9704078
3606,50.0,33.7033723,20.707171,10.345744799999999
3607,50.0,23.1142405,6.5888475,4.9704078
3608,50.0,33.7033723,20.707171,10.345744799999999
3609,50.0,23.1142405,6.5888475,4.9704078
3610,50.0,33.7033723,20.707171,10.345744799999999
3611,50.0,23.1142405,6.5888475,4.9704078
3612,10.0,33.7033723,20.707171,10.345744799999999
3613,10.0,23.1142405,6.5888475,4.9704078
3614,10.0,33.7033723,20.707171,10.345744799999999
3615,10.0,23.1142405,6.5888475,4.9704078
3616,10.0,33.7033723,20.707171,10.345744799999999
3617,10.0,23.1142405,6.5888475,4.9704078
3618,0.0,33.7033723,20.707171,10.345744799999999
3619,0.0,23.1142405,6.5888475,4.9704078
3620,0.0,33.7033723,20.707171,10.345744799999999
3621,0.0,23.1142405,6.5888475,4.9704078
3622,0.0,33.7033723,20.707171,10.345744799999999
3623,0.0,23.1142405,6.5888475,4.9704078
3624,30.0,33.7033723,20.707171,10.345744799999999
3625,30.0,23.1142405,6.5888475,4.9704078
3626,30.0,33.7033723,20.707171,10.345744799999999
3627,30.0,23.1142405,6.5888475,4.9704078
3628,30.0,33.7033723,20.707171,10.345744799999999
3629,30.0,23.1142405,6.5888475,4.9704078
3630,20.0,33.7033723,20.707171,10.345744799999999
3631,20.0,23.1142405,6.5888475,4.9704078
3632,20.0,33.7033723,20.707171,10.345744799999999
3633,20.0,23.1142405,6.5888475,4.9704078
3634,20.0,33.7033723,20.707171,10.345744799999999
3635,20.0,23.1142405,6.5888475,4.9704078
3636,40.0,33.7033723,20.707171,10.345744799999999
3637,40.0,23.1142405,6.5888475,4.9704078
3638,40.0,33.7033723,20.707171,10.345744799999999
3639,40.0,23.1142405,6.5888475,4.9704078
3640,40.0,33.7033723,20.707171,10.345744799999999
3641,40.0,23.1142405,6.5888475,4.9704078
3642,50.0,33.7033723,20.707171,10.345744799999999
3643,50.0,23.1142405,6.5888475,4.9704078
3644,50.0,33.7033723,20.707171,10.345744799999999
3645,50.0,23.1142405,6.5888475,4.9704078
3646,50.0,33.7033723,20.707171,10.345744799999999
3647,50.0,23.1142405,6.5888475,4.9704078
3648,10.0,33.7033723,20.707171,10.345744799999999
3649,10.0,23.1142405,6.5888475,4.9704078
3650,10.0,33.7033723,20.707171,10.345744799999999
3651,10.0,23.1142405,6.5888475,4.9704078
3652,10.0,33.7033723,20.707171,10.345744799999999
3653,10.0,23.1142405,6.5888475,4.9704078
3654,0.0,33.7033723,20.707171,10.345744799999999
3655,0.0,23.1142405,6.5888475,4.9704078
3656,0.0,33.7033723,20.707171,10.345744799999999
3657,0.0,23.1142405,6.5888475,4.9704078
3658,0.0,33.7033723,20.707171,10.345744799999999
3659,0.0,23.1142405,6.5888475,4.9704078
3660,30.0,33.7033723,20.707171,10.345744799999999
3661,30.0,23.1142405,6.5888475,4.9704078
3662,30.0,33.7033723,20.707171,10.345744799999999
3663,30.0,23.1142405,6.5888475,4.9704078
3664,30.0,33.7033723,20.707171,10.345744799999999
3665,30.0,23.1142405,6.5888475,4.9704078
3666,20.0,33.7033723,20.707171,10.345744799999999
3667,20.0,23.1142405,6.5888475,4.9704078
3668,20.0,33.7033723,20.707171,10.345744799999999
3669,20.0,23.1142405,6.5888475,4.9704078
3670,20.0,33.7033723,20.707171,10.345744799999999
3671,20.0,23.1142405,6.5888475,4.9704078
3672,40.0,33.7033723,20.707171,10.345744799999999
3673,40.0,23.1142405,6.5888475,4.9704078
3674,40.0,33.7033723,20.707171,10.345744799999999
3675,40.0,23.1142405,6.5888475,4.9704078
3676,40.0,33.7033723,20.707171,10.345744799999999
3677,40.0,23.1142405,6.5888475,4.9704078
3678,50.0,33.7033723,20.707171,10.345744799999999
3679,50.0,23.1142405,6.5888475,4.9704078
3680,50.0,33.7033723,20.707171,10.345744799999999
3681,50.0,23.1142405,6.5888475,4.9704078
3682,50.0,33.7033723,20.707171,10.345744799999999
3683,50.0,23.1142405,6.5888475,4.9704078
3684,10.0,33.7033723,20.707171,10.345744799999999
3685,10.0,23.1142405,6.5888475,4.9704078
3686,10.0,33.7033723,20.707171,10.345744799999999
3687,10.0,23.1142405,6.5888475,4.9704078
3688,10.0,33.7033723,20.707171,10.345744799999999
3689,10.0,23.1142405,6.5888475,4.9704078
3690,0.0,33.7033723,20.707171,10.345744799999999
3691,0.0,23.1142405,6.5888475,4.9704078
3692,0.0,33.7033723,20.707171,10.345744799999999
3693,0.0,23.1142405,6.5888475,4.9704078
3694,0.0,33.7033723,20.707171,10.345744799999999
3695,0.0,23.1142405,6.5888475,4.9704078
3696,30.0,33.7033723,20.707171,10.345744799999999
3697,30.0,23.1142405,6.5888475,4.9704078
3698,30.0,33.7033723,20.707171,10.345744799999999
3699,30.0,23.1142405,6.5888475,4.9704078
3700,30.0,33.7033723,20.707171,10.345744799999999
3701,30.0,23.1142405,6.5888475,4.9704078
3702,20.0,33.7033723,20.707171,10.345744799999999
3703,20.0,23.1142405,6.5888475,4.9704078
3704,20.0,33.7033723,20.707171,10.345744799999999
3705,20.0,23.1142405,6.5888475,4.9704078
3706,20.0,33.7033723,20.707171,10.345744799999999
3707,20.0,23.1142405,6.5888475,4.9704078
3708,40.0,33.7033723,20.707171,10.345744799999999
3709,40.0,23.1142405,6.5888475,4.9704078
3710,40.0,33.7033723,20.707171,10.345744799999999
3711,40.0,23.1142405,6.5888475,4.9704078
3712,40.0,33.7033723,20.707171,10.345744799999999
3713,40.0,23.1142405,6.5888475,4.9704078
3714,50.0,33.7033723,20.707171,10.345744799999999
3715,50.0,23.1142405,6.5888475,4.9704078
3716,50.0,33.7033723,20.707171,10.345744799999999
3717,50.0,23.1142405,6.5888475,4.9704078
3718,50.0,33.7033723,20.707171,10.345744799999999
3719,50.0,23.1142405,6.5888475,4.9704078
3720,10.0,33.7033723,20.707171,10.345744799999999
3721,10.0,23.1142405,6.5888475,4.9704078
3722,10.0,33.7033723,20.707171,10.345744799999999
3723,10.0,23.1142405,6.5888475,4.9704078
3724,10.0,33.7033723,20.707171,10.345744799999999
3725,10.0,23.1142405,6.5888475,4.9704078
3726,0.0,33.7033723,20.707171,10.345744799999999
3727,0.0,23.1142405,6.5888475,4.9704078
3728,0.0,33.7033723,20.707171,10.345744799999999
3729,0.0,23.1142405,6.5888475,4.9704078
3730,0.0,33.7033723,20.707171,10.345744799999999
3731,0.0,23.1142405,6.5888475,4.9704078
3732,30.0,33.7033723,20.707171,10.345744799999999
3733,30.0,23.1142405,6.5888475,4.9704078
3734,30.0,33.7033723,20.707171,10.345744799999999
3735,30.0,23.1142405,6.5888475,4.9704078
3736,30.0,33.7033723,20.707171,10.345744799999999
3737,30.0,23.1142405,6.5888475,4.9704078
3738,20.0,33.7033723,20.707171,10.345744799999999
3739,20.0,23.1142405,6.5888475,4.9704078
3740,20.0,33.7033723,20.707171,10.345744799999999
3741,20.0,23.1142405,6.5888475,4.9704078
3742,20.0,33.7033723,20.707171,10.345744799999999
3743,20.0,23.1142405,6.5888475,4.9704078
3744,40.0,33.7033723,20.707171,10.345744799999999
3745,40.0,23.1142405,6.5888475,4.9704078
3746,40.0,33.7033723,20.707171,10.345744799999999
3747,40.0,23.1142405,6.5888475,4.9704078
3748,40.0,33.7033723,20.707171,10.345744799999999
3749,40.0,23.1142405,6.5888475,4.9704078
3750,50.0,33.7033723,20.707171,10.345744799999999
3751,50.0,23.1142405,6.5888475,4.9704078
3752,50.0,33.7033723,20.707171,10.345744799999999
3753,50.0,23.1142405,6.5888475,4.9704078
3754,50.0,33.7033723,20.707171,10.345744799999999
3755,50.0,23.1142405,6.5888475,4.9704078
3756,10.0,33.7033723,20.707171,10.345744799999999
3757,10.0,23.1142405,6.5888475,4.9704078
3758,10.0,33.7033723,20.707171,10.345744799999999
3759,10.0,23.1142405,6.5888475,4.9704078
3760,10.0,33.7033723,20.707171,10.345744799999999
3761,10.0,23.1142405,6.5888475,4.9704078
3762,0.0,33.7033723,20.707171,10.345744799999999
3763,0.0,23.1142405,6.5888475,4.9704078
3764,0.0,33.7033723,20.707171,10.345744799999999
3765,0.0,23.1142405,6.5888475,4.9704078
3766,0.0,33.7033723,20.707171,10.345744799999999
3767,0.0,23.1142405,6.5888475,4.9704078
3768,30.0,33.7033723,20.707171,10.345744799999999
3769,30.0,23.1142405,6.5888475,4.9704078
3770,30.0,33.7033723,20.707171,10.345744799999999
3771,30.0,23.1142405,6.5888475,4.9704078
3772,30.0,33.7033723,20.707171,10.345744799999999
3773,30.0,23.1142405,6.5888475,4.9704078
3774,20.0,33.7033723,20.707171,10.345744799999999
3775,20.0,23.1142405,6.5888475,4.9704078
3776,20.0,33.7033723,20.707171,10.345744799999999
3777,20.0,23.1142405,6.5888475,4.9704078
3778,20.0,33.7033723,20.707171,10.345744799999999
3779,20.0,23.1142405,6.5888475,4.9704078
3780,40.0,59.5488907,24.1320984,29.859674899999998
3781,40.0,65.2749917,29.877587,21.58867
3782,40.0,26.0195234,3.6876812,4.504464100000001
3783,40.0,62.6824668,40.1577941,8.217398099999999
3784,40.0,52.045173199999994,22.0296256,16.2858701
3785,40.0,54.7386861,23.5978609,12.8667178
3786,50.0,43.4750412,29.2622948,18.483470399999998
3787,50.0,46.4033572,28.6021754,19.0898217
3788,50.0,42.2297528,32.520136,25.2356267
3789,50.0,63.5570834,38.972442,16.0989635
3790,50.0,66.844481,37.9799882,8.4172942
3791,50.0,42.1534705,12.9857925,12.736319600000002
3792,10.0,53.74266479999999,30.0924044,18.9592454
3793,10.0,57.1452513,37.1467341,20.061609699999998
3794,10.0,34.5055685,10.449824300000001,6.3987623
3795,10.0,28.425371,8.1445933,8.8240689
3796,10.0,49.9686052,11.1489189,9.9623343
3797,10.0,42.4261693,11.2602071,9.5506592
3798,0.0,51.4110587,16.4125262,15.0689922
3799,0.0,59.5488907,24.1320984,29.859674899999998
3800,0.0,65.2749917,29.877587,21.58867
3801,0.0,26.0195234,3.6876812,4.504464100000001
3802,0.0,62.6824668,40.1577941,8.217398099999999
3803,0.0,52.045173199999994,22.0296256,16.2858701
3804,30.0,54.7386861,23.5978609,12.8667178
3805,30.0,43.4750412,29.2622948,18.483470399999998
3806,30.0,46.4033572,28.6021754,19.0898217
3807,30.0,42.2297528,32.520136,25.2356267
3808,30.0,63.5570834,38.972442,16.0989635
3809,30.0,66.844481,37.9799882,8.4172942
3810,20.0,42.1534705,12.9857925,12.736319600000002
3811,20.0,53.74266479999999,30.0924044,18.9592454
3812,20.0,57.1452513,37.1467341,20.061609699999998
3813,20.0,34.5055685,10.449824300000001,6.3987623
3814,20.0,28.425371,8.1445933,8.8240689
3815,20.0,49.9686052,11.1489189,9.9623343
3816,40.0,42.4261693,11.2602071,9.5506592
3817,40.0,51.4110587,16.4125262,15.0689922
3818,40.0,59.5488907,24.1320984,29.859674899999998
3819,40.0,65.2749917,29.877587,21.58867
3820,40.0,26.0195234,3.6876812,4.504464100000001
3821,40.0,62.6824668,40.1577941,8.217398099999999
3822,50.0,52.045173199999994,22.0296256,16.2858701
3823,50.0,54.7386861,23.5978609,12.8667178
3824,50.0,43.4750412,29.2622948,18.483470399999998
3825,50.0,46.4033572,28.6021754,19.0898217
3826,50.0,42.2297528,32.520136,25.2356267
3827,50.0,63.5570834,38.972442,16.0989635
3828,10.0,66.844481,37.9799882,8.4172942
3829,10.0,42.1534705,12.9857925,12.736319600000002
3830,10.0,53.74266479999999,30.0924044,18.9592454
3831,10.0,57.1452513,37.1467341,20.061609699999998
3832,10.0,34.5055685,10.449824300000001,6.3987623
3833,10.0,28.425371,8.1445933,8.8240689
3834,0.0,49.9686052,11.1489189,9.9623343
3835,0.0,42.4261693,11.2602071,9.5506592
3836,0.0,51.4110587,16.4125262,15.0689922
3837,0.0,59.5488907,24.1320984,29.859674899999998
3838,0.0,65.2749917,29.877587,21.58867
3839,0.0,26.0195234,3.6876812,4.504464100000001
3840,30.0,62.6824668,40.1577941,8.217398099999999
3841,30.0,52.045173199999994,22.0296256,16.2858701
3842,30.0,54.7386861,23.5978609,12.8667178
3843,30.0,43.4750412,29.2622948,18.483470399999998
3844,30.0,46.4033572,28.6021754,19.0898217
3845,30.0,42.2297528,32.520136,25.2356267
3846,20.0,63.5570834,38.972442,16.0989635
3847,20.0,66.844481,37.9799882,8.4172942
3848,20.0,42.1534705,12.9857925,12.736319600000002
3849,20.0,53.74266479999999,30.0924044,18.9592454
3850,20.0,57.1452513,37.1467341,20.061609699999998
3851,20.0,34.5055685,10.449824300000001,6.3987623
3852,40.0,28.425371,8.1445933,8.8240689
3853,40.0,49.9686052,11.1489189,9.9623343
3854,40.0,42.4261693,11.2602071,9.5506592
3855,40.0,51.4110587,16.4125262,15.0689922
3856,40.0,59.5488907,24.1320984,29.859674899999998
3857,40.0,65.2749917,29.877587,21.58867
3858,50.0,26.0195234,3.6876812,4.504464100000001
3859,50.0,62.6824668,40.1577941,8.217398099999999
3860,50.0,52.045173199999994,22.0296256,16.2858701
3861,50.0,54.7386861,23.5978609,12.8667178
3862,50.0,43.4750412,29.2622948,18.483470399999998
3863,50.0,46.4033572,28.6021754,19.0898217
3864,10.0,42.2297528,32.520136,25.2356267
3865,10.0,63.5570834,38.972442,16.0989635
3866,10.0,66.844481,37.9799882,8.4172942
3867,10.0,42.1534705,12.9857925,12.736319600000002
3868,10.0,53.74266479999999,30.0924044,18.9592454
3869,10.0,57.1452513,37.1467341,20.061609699999998
3870,0.0,34.5055685,10.449824300000001,6.3987623
3871,0.0,28.425371,8.1445933,8.8240689
3872,0.0,49.9686052,11.1489189,9.9623343
3873,0.0,42.4261693,11.2602071,9.5506592
3874,0.0,51.4110587,16.4125262,15.0689922
3875,0.0,59.5488907,24.1320984,29.859674899999998
3876,30.0,65.2749917,29.877587,21.58867
3877,30.0,26.0195234,3.6876812,4.504464100000001
3878,30.0,62.6824668,40.1577941,8.217398099999999
3879,30.0,52.045173199999994,22.0296256,16.2858701
3880,30.0,54.7386861,23.5978609,12.8667178
3881,30.0,43.4750412,29.2622948,18.483470399999998
3882,20.0,46.4033572,28.6021754,19.0898217
3883,20.0,42.2297528,32.520136,25.2356267
3884,20.0,63.5570834,38.972442,16.0989635
3885,20.0,66.844481,37.9799882,8.4172942
3886,20.0,42.1534705,12.9857925,12.736319600000002
3887,20.0,53.74266479999999,30.0924044,18.9592454
3888,40.0,57.1452513,37.1467341,20.061609699999998
3889,40.0,34.5055685,10.449824300000001,6.3987623
3890,40.0,28.425371,8.1445933,8.8240689
3891,40.0,49.9686052,11.1489189,9.9623343
3892,40.0,42.4261693,11.2602071,9.5506592
3893,40.0,51.4110587,16.4125262,15.0689922
3894,50.0,59.5488907,24.1320984,29.859674899999998
3895,50.0,65.2749917,29.877587,21.58867
3896,50.0,26.0195234,3.6876812,4.504464100000001
3897,50.0,62.6824668,40.1577941,8.217398099999999
3898,50.0,52.045173199999994,22.0296256,16.2858701
3899,50.0,54.7386861,23.5978609,12.8667178
3900,10.0,43.4750412,29.2622948,18.483470399999998
3901,10.0,46.4033572,28.6021754,19.0898217
3902,10.0,42.2297528,32.520136,25.2356267
3903,10.0,63.5570834,38.972442,16.0989635
3904,10.0,66.844481,37.9799882,8.4172942
3905,10.0,42.1534705,12.9857925,12.736319600000002
3906,0.0,53.74266479999999,30.0924044,18.9592454
3907,0.0,57.1452513,37.1467341,20.061609699999998
3908,0.0,34.5055685,10.449824300000001,6.3987623
3909,0.0,28.425371,8.1445933,8.8240689
3910,0.0,49.9686052,11.1489189,9.9623343
3911,0.0,42.4261693,11.2602071,9.5506592
3912,30.0,51.4110587,16.4125262,15.0689922
3913,30.0,59.5488907,24.1320984,29.859674899999998
3914,30.0,65.2749917,29.877587,21.58867
3915,30.0,26.0195234,3.6876812,4.504464100000001
3916,30.0,62.6824668,40.1577941,8.217398099999999
3917,30.0,52.045173199999994,22.0296256,16.2858701
3918,20.0,54.7386861,23.5978609,12.8667178
3919,20.0,43.4750412,29.2622948,18.483470399999998
3920,20.0,46.4033572,28.6021754,19.0898217
3921,20.0,42.2297528,32.520136,25.2356267
3922,20.0,63.5570834,38.972442,16.0989635
3923,20.0,66.844481,37.9799882,8.4172942
3924,40.0,42.1534705,12.9857925,12.736319600000002
3925,40.0,53.74266479999999,30.0924044,18.9592454
3926,40.0,57.1452513,37.1467341,20.061609699999998
3927,40.0,34.5055685,10.449824300000001,6.3987623
3928,40.0,28.425371,8.1445933,8.8240689
3929,40.0,49.9686052,11.1489189,9.9623343
3930,50.0,42.4261693,11.2602071,9.5506592
3931,50.0,51.4110587,16.4125262,15.0689922
3932,50.0,59.5488907,24.1320984,29.859674899999998
3933,50.0,65.2749917,29.877587,21.58867
3934,50.0,26.0195234,3.6876812,4.504464100000001
3935,50.0,62.6824668,40.1577941,8.217398099999999
3936,10.0,52.045173199999994,22.0296256,16.2858701
3937,10.0,54.7386861,23.5978609,12.8667178
3938,10.0,43.4750412,29.2622948,18.483470399999998
3939,10.0,46.4033572,28.6021754,19.0898217
3940,10.0,42.2297528,32.520136,25.2356267
3941,10.0,63.5570834,38.972442,16.0989635
3942,0.0,66.844481,37.9799882,8.4172942
3943,0.0,42.1534705,12.9857925,12.736319600000002
3944,0.0,53.74266479999999,30.0924044,18.9592454
3945,0.0,57.1452513,37.1467341,20.061609699999998
3946,0.0,34.5055685,10.449824300000001,6.3987623
3947,0.0,28.425371,8.1445933,8.8240689
3948,30.0,49.9686052,11.1489189,9.9623343
3949,30.0,42.4261693,11.2602071,9.5506592
3950,30.0,51.4110587,16.4125262,15.0689922
3951,30.0,59.5488907,24.1320984,29.859674899999998
3952,30.0,65.2749917,29.877587,21.58867
3953,30.0,26.0195234,3.6876812,4.504464100000001
3954,20.0,62.6824668,40.1577941,8.217398099999999
3955,20.0,52.045173199999994,22.0296256,16.2858701
3956,20.0,54.7386861,23.5978609,12.8667178
3957,20.0,43.4750412,29.2622948,18.483470399999998
3958,20.0,46.4033572,28.6021754,19.0898217
3959,20.0,42.2297528,32.520136,25.2356267
3960,40.0,63.5570834,38.972442,16.0989635
3961,50.0,66.844481,37.9799882,8.4172942
3962,10.0,42.1534705,12.9857925,12.736319600000002
3963,0.0,53.74266479999999,30.0924044,18.9592454
3964,30.0,57.1452513,37.1467341,20.061609699999998
3965,20.0,34.5055685,10.449824300000001,6.3987623
3966,40.0,28.425371,8.1445933,8.8240689
3967,50.0,49.9686052,11.1489189,9.9623343
3968,10.0,42.4261693,11.2602071,9.5506592
3969,0.0,51.4110587,16.4125262,15.0689922
3970,30.0,59.5488907,24.1320984,29.859674899999998
3971,20.0,65.2749917,29.877587,21.58867
3972,40.0,26.0195234,3.6876812,4.504464100000001
3973,50.0,62.6824668,40.1577941,8.217398099999999
3974,10.0,52.045173199999994,22.0296256,16.2858701
3975,0.0,54.7386861,23.5978609,12.8667178
3976,30.0,43.4750412,29.2622948,18.483470399999998
3977,20.0,46.4033572,28.6021754,19.0898217
3978,40.0,42.2297528,32.520136,25.2356267
3979,50.0,63.5570834,38.972442,16.0989635
3980,10.0,66.844481,37.9799882,8.4172942
3981,0.0,42.1534705,12.9857925,12.736319600000002
3982,30.0,53.74266479999999,30.0924044,18.9592454
3983,20.0,57.1452513,37.1467341,20.061609699999998
3984,40.0,34.5055685,10.449824300000001,6.3987623
3985,50.0,28.425371,8.1445933,8.8240689
3986,10.0,49.9686052,11.1489189,9.9623343
3987,0.0,42.4261693,11.2602071,9.5506592
3988,30.0,51.4110587,16.4125262,15.0689922
3989,20.0,59.5488907,24.1320984,29.859674899999998
3990,40.0,65.2749917,29.877587,21.58867
3991,50.0,26.0195234,3.6876812,4.504464100000001
3992,10.0,62.6824668,40.1577941,8.217398099999999
3993,0.0,52.045173199999994,22.0296256,16.2858701
3994,30.0,54.7386861,23.5978609,12.8667178
3995,20.0,43.4750412,29.2622948,18.483470399999998
3996,40.0,46.4033572,28.6021754,19.0898217
3997,40.0,42.2297528,32.520136,25.2356267
3998,40.0,63.5570834,38.972442,16.0989635
3999,40.0,66.844481,37.9799882,8.4172942
4000,40.0,42.1534705,12.9857925,12.736319600000002
4001,40.0,53.74266479999999,30.0924044,18.9592454
4002,50.0,57.1452513,37.1467341,20.061609699999998
4003,50.0,34.5055685,10.449824300000001,6.3987623
4004,50.0,28.425371,8.1445933,8.8240689
4005,50.0,49.9686052,11.1489189,9.9623343
4006,50.0,42.4261693,11.2602071,9.5506592
4007,50.0,51.4110587,16.4125262,15.0689922
4008,10.0,59.5488907,24.1320984,29.859674899999998
4009,10.0,65.2749917,29.877587,21.58867
4010,10.0,26.0195234,3.6876812,4.504464100000001
4011,10.0,62.6824668,40.1577941,8.217398099999999
4012,10.0,52.045173199999994,22.0296256,16.2858701
4013,10.0,54.7386861,23.5978609,12.8667178
4014,0.0,43.4750412,29.2622948,18.483470399999998
4015,0.0,46.4033572,28.6021754,19.0898217
4016,0.0,42.2297528,32.520136,25.2356267
4017,0.0,63.5570834,38.972442,16.0989635
4018,0.0,66.844481,37.9799882,8.4172942
4019,0.0,42.1534705,12.9857925,12.736319600000002
4020,30.0,53.74266479999999,30.0924044,18.9592454
4021,30.0,57.1452513,37.1467341,20.061609699999998
4022,30.0,34.5055685,10.449824300000001,6.3987623
4023,30.0,28.425371,8.1445933,8.8240689
4024,30.0,49.9686052,11.1489189,9.9623343
4025,30.0,42.4261693,11.2602071,9.5506592
4026,20.0,51.4110587,16.4125262,15.0689922
4027,20.0,59.5488907,24.1320984,29.859674899999998
4028,20.0,65.2749917,29.877587,21.58867
4029,20.0,26.0195234,3.6876812,4.504464100000001
4030,20.0,62.6824668,40.1577941,8.217398099999999
4031,20.0,52.045173199999994,22.0296256,16.2858701
4032,40.0,54.7386861,23.5978609,12.8667178
4033,40.0,43.4750412,29.2622948,18.483470399999998
4034,40.0,46.4033572,28.6021754,19.0898217
4035,40.0,42.2297528,32.520136,25.2356267
4036,40.0,63.5570834,38.972442,16.0989635
4037,40.0,66.844481,37.9799882,8.4172942
4038,50.0,42.1534705,12.9857925,12.736319600000002
4039,50.0,53.74266479999999,30.0924044,18.9592454
4040,50.0,57.1452513,37.1467341,20.061609699999998
4041,50.0,34.5055685,10.449824300000001,6.3987623
4042,50.0,28.425371,8.1445933,8.8240689
4043,50.0,49.9686052,11.1489189,9.9623343
4044,10.0,42.4261693,11.2602071,9.5506592
4045,10.0,51.4110587,16.4125262,15.0689922
4046,10.0,59.5488907,24.1320984,29.859674899999998
4047,10.0,65.2749917,29.877587,21.58867
4048,10.0,26.0195234,3.6876812,4.504464100000001
4049,10.0,62.6824668,40.1577941,8.217398099999999
4050,0.0,52.045173199999994,22.0296256,16.2858701
4051,0.0,54.7386861,23.5978609,12.8667178
4052,0.0,43.4750412,29.2622948,18.483470399999998
4053,0.0,46.4033572,28.6021754,19.0898217
4054,0.0,42.2297528,32.520136,25.2356267
4055,0.0,63.5570834,38.972442,16.0989635
4056,30.0,66.844481,37.9799882,8.4172942
4057,30.0,42.1534705,12.9857925,12.736319600000002
4058,30.0,53.74266479999999,30.0924044,18.9592454
4059,30.0,57.1452513,37.1467341,20.061609699999998
4060,30.0,34.5055685,10.449824300000001,6.3987623
4061,30.0,28.425371,8.1445933,8.8240689
4062,20.0,49.9686052,11.1489189,9.9623343
4063,20.0,42.4261693,11.2602071,9.5506592
4064,20.0,51.4110587,16.4125262,15.0689922
4065,20.0,59.5488907,24.1320984,29.859674899999998
4066,20.0,65.2749917,29.877587,21.58867
4067,20.0,26.0195234,3.6876812,4.504464100000001
4068,40.0,62.6824668,40.1577941,8.217398099999999
4069,40.0,52.045173199999994,22.0296256,16.2858701
4070,40.0,54.7386861,23.5978609,12.8667178
4071,40.0,43.4750412,29.2622948,18.483470399999998
4072,40.0,46.4033572,28.6021754,19.0898217
4073,40.0,42.2297528,32.520136,25.2356267
4074,50.0,63.5570834,38.972442,16.0989635
4075,50.0,66.844481,37.9799882,8.4172942
4076,50.0,42.1534705,12.9857925,12.736319600000002
4077,50.0,53.74266479999999,30.0924044,18.9592454
4078,50.0,57.1452513,37.1467341,20.061609699999998
4079,50.0,34.5055685,10.449824300000001,6.3987623
4080,10.0,28.425371,8.1445933,8.8240689
4081,10.0,49.9686052,11.1489189,9.9623343
4082,10.0,42.4261693,11.2602071,9.5506592
4083,10.0,51.4110587,16.4125262,15.0689922
4084,10.0,59.5488907,24.1320984,29.859674899999998
4085,10.0,65.2749917,29.877587,21.58867
4086,0.0,26.0195234,3.6876812,4.504464100000001
4087,0.0,62.6824668,40.1577941,8.217398099999999
4088,0.0,52.045173199999994,22.0296256,16.2858701
4089,0.0,54.7386861,23.5978609,12.8667178
4090,0.0,43.4750412,29.2622948,18.483470399999998
4091,0.0,46.4033572,28.6021754,19.0898217
4092,30.0,42.2297528,32.520136,25.2356267
4093,30.0,63.5570834,38.972442,16.0989635
4094,30.0,66.844481,37.9799882,8.4172942
4095,30.0,42.1534705,12.9857925,12.736319600000002
4096,30.0,53.74266479999999,30.0924044,18.9592454
4097,30.0,57.1452513,37.1467341,20.061609699999998
4098,20.0,34.5055685,10.449824300000001,6.3987623
4099,20.0,28.425371,8.1445933,8.8240689
4100,20.0,49.9686052,11.1489189,9.9623343
4101,20.0,42.4261693,11.2602071,9.5506592
4102,20.0,51.4110587,16.4125262,15.0689922
4103,20.0,59.5488907,24.1320984,29.859674899999998
4104,40.0,65.2749917,29.877587,21.58867
4105,40.0,26.0195234,3.6876812,4.504464100000001
4106,40.0,62.6824668,40.1577941,8.217398099999999
4107,40.0,52.045173199999994,22.0296256,16.2858701
4108,40.0,54.7386861,23.5978609,12.8667178
4109,40.0,43.4750412,29.2622948,18.483470399999998
4110,50.0,46.4033572,28.6021754,19.0898217
4111,50.0,42.2297528,32.520136,25.2356267
4112,50.0,63.5570834,38.972442,16.0989635
4113,50.0,66.844481,37.9799882,8.4172942
4114,50.0,42.1534705,12.9857925,12.736319600000002
4115,50.0,53.74266479999999,30.0924044,18.9592454
4116,10.0,57.1452513,37.1467341,20.061609699999998
4117,10.0,34.5055685,10.449824300000001,6.3987623
4118,10.0,28.425371,8.1445933,8.8240689
4119,10.0,49.9686052,11.1489189,9.9623343
4120,10.0,42.4261693,11.2602071,9.5506592
4121,10.0,51.4110587,16.4125262,15.0689922
4122,0.0,59.5488907,24.1320984,29.859674899999998
4123,0.0,65.2749917,29.877587,21.58867
4124,0.0,26.0195234,3.6876812,4.504464100000001
4125,0.0,62.6824668,40.1577941,8.217398099999999
4126,0.0,52.045173199999994,22.0296256,16.2858701
4127,0.0,54.7386861,23.5978609,12.8667178
4128,30.0,43.4750412,29.2622948,18.483470399999998
4129,30.0,46.4033572,28.6021754,19.0898217
4130,30.0,42.2297528,32.520136,25.2356267
4131,30.0,63.5570834,38.972442,16.0989635
4132,30.0,66.844481,37.9799882,8.4172942
4133,30.0,42.1534705,12.9857925,12.736319600000002
4134,20.0,53.74266479999999,30.0924044,18.9592454
4135,20.0,57.1452513,37.1467341,20.061609699999998
4136,20.0,34.5055685,10.449824300000001,6.3987623
4137,20.0,28.425371,8.1445933,8.8240689
4138,20.0,49.9686052,11.1489189,9.9623343
4139,20.0,42.4261693,11.2602071,9.5506592
4140,40.0,51.4110587,16.4125262,15.0689922
4141,40.0,59.5488907,24.1320984,29.859674899999998
4142,40.0,65.2749917,29.877587,21.58867
4143,40.0,26.0195234,3.6876812,4.504464100000001
4144,40.0,62.6824668,40.1577941,8.217398099999999
4145,40.0,52.045173199999994,22.0296256,16.2858701
4146,50.0,54.7386861,23.5978609,12.8667178
4147,50.0,43.4750412,29.2622948,18.483470399999998
4148,50.0,46.4033572,28.6021754,19.0898217
4149,50.0,42.2297528,32.520136,25.2356267
4150,50.0,63.5570834,38.972442,16.0989635
4151,50.0,66.844481,37.9799882,8.4172942
4152,10.0,42.1534705,12.9857925,12.736319600000002
4153,10.0,53.74266479999999,30.0924044,18.9592454
4154,10.0,57.1452513,37.1467341,20.061609699999998
4155,10.0,34.5055685,10.449824300000001,6.3987623
4156,10.0,28.425371,8.1445933,8.8240689
4157,10.0,49.9686052,11.1489189,9.9623343
4158,0.0,42.4261693,11.2602071,9.5506592
4159,0.0,51.4110587,16.4125262,15.0689922
4160,0.0,59.5488907,24.1320984,29.859674899999998
4161,0.0,65.2749917,29.877587,21.58867
4162,0.0,26.0195234,3.6876812,4.504464100000001
4163,0.0,62.6824668,40.1577941,8.217398099999999
4164,30.0,52.045173199999994,22.0296256,16.2858701
4165,30.0,54.7386861,23.5978609,12.8667178
4166,30.0,43.4750412,29.2622948,18.483470399999998
4167,30.0,46.4033572,28.6021754,19.0898217
4168,30.0,42.2297528,32.520136,25.2356267
4169,30.0,63.5570834,38.972442,16.0989635
4170,20.0,66.844481,37.9799882,8.4172942
4171,20.0,42.1534705,12.9857925,12.736319600000002
4172,20.0,53.74266479999999,30.0924044,18.9592454
4173,20.0,57.1452513,37.1467341,20.061609699999998
4174,20.0,34.5055685,10.449824300000001,6.3987623
4175,20.0,28.425371,8.1445933,8.8240689
4176,40.0,49.9686052,11.1489189,9.9623343
4177,40.0,42.4261693,11.2602071,9.5506592
4178,40.0,51.4110587,16.4125262,15.0689922
4179,40.0,59.5488907,24.1320984,29.859674899999998
4180,40.0,65.2749917,29.877587,21.58867
4181,40.0,26.0195234,3.6876812,4.504464100000001
4182,50.0,62.6824668,40.1577941,8.217398099999999
4183,50.0,52.045173199999994,22.0296256,16.2858701
4184,50.0,54.7386861,23.5978609,12.8667178
4185,50.0,43.4750412,29.2622948,18.483470399999998
4186,50.0,46.4033572,28.6021754,19.0898217
4187,50.0,42.2297528,32.520136,25.2356267
4188,10.0,63.5570834,38.972442,16.0989635
4189,10.0,66.844481,37.9799882,8.4172942
4190,10.0,42.1534705,12.9857925,12.736319600000002
4191,10.0,53.74266479999999,30.0924044,18.9592454
4192,10.0,57.1452513,37.1467341,20.061609699999998
4193,10.0,34.5055685,10.449824300000001,6.3987623
4194,0.0,28.425371,8.1445933,8.8240689
4195,0.0,49.9686052,11.1489189,9.9623343
4196,0.0,42.4261693,11.2602071,9.5506592
4197,0.0,51.4110587,16.4125262,15.0689922
4198,0.0,59.5488907,24.1320984,29.859674899999998
4199,0.0,65.2749917,29.877587,21.58867
4200,30.0,26.0195234,3.6876812,4.504464100000001
4201,30.0,62.6824668,40.1577941,8.217398099999999
4202,30.0,52.045173199999994,22.0296256,16.2858701
4203,30.0,54.7386861,23.5978609,12.8667178
4204,30.0,43.4750412,29.2622948,18.483470399999998
4205,30.0,46.4033572,28.6021754,19.0898217
4206,20.0,42.2297528,32.520136,25.2356267
4207,20.0,63.5570834,38.972442,16.0989635
4208,20.0,66.844481,37.9799882,8.4172942
4209,20.0,42.1534705,12.9857925,12.736319600000002
4210,20.0,53.74266479999999,30.0924044,18.9592454
4211,20.0,57.1452513,37.1467341,20.061609699999998
4212,40.0,34.5055685,10.449824300000001,6.3987623
4213,40.0,28.425371,8.1445933,8.8240689
4214,40.0,49.9686052,11.1489189,9.9623343
4215,40.0,42.4261693,11.2602071,9.5506592
4216,40.0,51.4110587,16.4125262,15.0689922
4217,40.0,59.5488907,24.1320984,29.859674899999998
4218,50.0,65.2749917,29.877587,21.58867
4219,50.0,26.0195234,3.6876812,4.504464100000001
4220,50.0,62.6824668,40.1577941,8.217398099999999
4221,50.0,52.045173199999994,22.0296256,16.2858701
4222,50.0,54.7386861,23.5978609,12.8667178
4223,50.0,43.4750412,29.2622948,18.483470399999998
4224,10.0,46.4033572,28.6021754,19.0898217
4225,10.0,42.2297528,32.520136,25.2356267
4226,10.0,63.5570834,38.972442,16.0989635
4227,10.0,66.844481,37.9799882,8.4172942
4228,10.0,42.1534705,12.9857925,12.736319600000002
4229,10.0,53.74266479999999,30.0924044,18.9592454
4230,0.0,57.1452513,37.1467341,20.061609699999998
4231,0.0,34.5055685,10.449824300000001,6.3987623
4232,0.0,28.425371,8.1445933,8.8240689
4233,0.0,49.9686052,11.1489189,9.9623343
4234,0.0,42.4261693,11.2602071,9.5506592
4235,0.0,51.4110587,16.4125262,15.0689922
4236,30.0,59.5488907,24.1320984,29.859674899999998
4237,30.0,65.2749917,29.877587,21.58867
4238,30.0,26.0195234,3.6876812,4.504464100000001
4239,30.0,62.6824668,40.1577941,8.217398099999999
4240,30.0,52.045173199999994,22.0296256,16.2858701
4241,30.0,54.7386861,23.5978609,12.8667178
4242,20.0,43.4750412,29.2622948,18.483470399999998
4243,20.0,46.4033572,28.6021754,19.0898217
4244,20.0,42.2297528,32.520136,25.2356267
4245,20.0,63.5570834,38.972442,16.0989635
4246,20.0,66.844481,37.9799882,8.4172942
4247,20.0,42.1534705,12.9857925,12.736319600000002
4248,40.0,53.74266479999999,30.0924044,18.9592454
4249,40.0,57.1452513,37.1467341,20.061609699999998
4250,40.0,34.5055685,10.449824300000001,6.3987623
4251,40.0,28.425371,8.1445933,8.8240689
4252,40.0,49.9686052,11.1489189,9.9623343
4253,40.0,42.4261693,11.2602071,9.5506592
4254,50.0,51.4110587,16.4125262,15.0689922
4255,50.0,59.5488907,24.1320984,29.859674899999998
4256,50.0,65.2749917,29.877587,21.58867
4257,50.0,26.0195234,3.6876812,4.504464100000001
4258,50.0,62.6824668,40.1577941,8.217398099999999
4259,50.0,52.045173199999994,22.0296256,16.2858701
4260,10.0,54.7386861,23.5978609,12.8667178
4261,10.0,43.4750412,29.2622948,18.483470399999998
4262,10.0,46.4033572,28.6021754,19.0898217
4263,10.0,42.2297528,32.520136,25.2356267
4264,10.0,63.5570834,38.972442,16.0989635
4265,10.0,66.844481,37.9799882,8.4172942
4266,0.0,42.1534705,12.9857925,12.736319600000002
4267,0.0,53.74266479999999,30.0924044,18.9592454
4268,0.0,57.1452513,37.1467341,20.061609699999998
4269,0.0,34.5055685,10.449824300000001,6.3987623
4270,0.0,28.425371,8.1445933,8.8240689
4271,0.0,49.9686052,11.1489189,9.9623343
4272,30.0,42.4261693,11.2602071,9.5506592
4273,30.0,51.4110587,16.4125262,15.0689922
4274,30.0,59.5488907,24.1320984,29.859674899999998
4275,30.0,65.2749917,29.877587,21.58867
4276,30.0,26.0195234,3.6876812,4.504464100000001
4277,30.0,62.6824668,40.1577941,8.217398099999999
4278,20.0,52.045173199999994,22.0296256,16.2858701
4279,20.0,54.7386861,23.5978609,12.8667178
4280,20.0,43.4750412,29.2622948,18.483470399999998
4281,20.0,46.4033572,28.6021754,19.0898217
4282,20.0,42.2297528,32.520136,25.2356267
4283,20.0,63.5570834,38.972442,16.0989635
4284,40.0,66.844481,37.9799882,8.4172942
4285,40.0,42.1534705,12.9857925,12.736319600000002
4286,40.0,53.74266479999999,30.0924044,18.9592454
4287,40.0,57.1452513,37.1467341,20.061609699999998
4288,40.0,34.5055685,10.449824300000001,6.3987623
4289,40.0,28.425371,8.1445933,8.8240689
4290,50.0,49.9686052,11.1489189,9.9623343
4291,50.0,42.4261693,11.2602071,9.5506592
4292,50.0,51.4110587,16.4125262,15.0689922
4293,50.0,59.5488907,24.1320984,29.859674899999998
4294,50.0,65.2749917,29.877587,21.58867
4295,50.0,26.0195234,3.6876812,4.504464100000001
4296,10.0,62.6824668,40.1577941,8.217398099999999
4297,10.0,52.045173199999994,22.0296256,16.2858701
4298,10.0,54.7386861,23.5978609,12.8667178
4299,10.0,43.4750412,29.2622948,18.483470399999998
4300,10.0,46.4033572,28.6021754,19.0898217
4301,10.0,42.2297528,32.520136,25.2356267
4302,0.0,63.5570834,38.972442,16.0989635
4303,0.0,66.844481,37.9799882,8.4172942
4304,0.0,42.1534705,12.9857925,12.736319600000002
4305,0.0,53.74266479999999,30.0924044,18.9592454
4306,0.0,57.1452513,37.1467341,20.061609699999998
4307,0.0,34.5055685,10.449824300000001,6.3987623
4308,30.0,28.425371,8.1445933,8.8240689
4309,30.0,49.9686052,11.1489189,9.9623343
4310,30.0,42.4261693,11.2602071,9.5506592
4311,30.0,51.4110587,16.4125262,15.0689922
4312,30.0,59.5488907,24.1320984,29.859674899999998
4313,30.0,65.2749917,29.877587,21.58867
4314,20.0,26.0195234,3.6876812,4.504464100000001
4315,20.0,62.6824668,40.1577941,8.217398099999999
4316,20.0,52.045173199999994,22.0296256,16.2858701
4317,20.0,54.7386861,23.5978609,12.8667178
4318,20.0,43.4750412,29.2622948,18.483470399999998
4319,20.0,46.4033572,28.6021754,19.0898217
4320,40.0,49.919955,21.8754803,10.81793
4321,40.0,68.3116297,30.893458600000002,8.2862696
4322,40.0,61.680211799999995,35.9616849,12.6938624
4323,40.0,37.655763799999995,10.6241837,6.624245300000001
4324,40.0,24.2439947,7.5207467,9.279757700000001
4325,40.0,57.3168821,33.3671468,13.8792834
4326,50.0,49.919955,21.8754803,10.81793
4327,50.0,68.3116297,30.893458600000002,8.2862696
4328,50.0,61.680211799999995,35.9616849,12.6938624
4329,50.0,37.655763799999995,10.6241837,6.624245300000001
4330,50.0,24.2439947,7.5207467,9.279757700000001
4331,50.0,57.3168821,33.3671468,13.8792834
4332,10.0,49.919955,21.8754803,10.81793
4333,10.0,68.3116297,30.893458600000002,8.2862696
4334,10.0,61.680211799999995,35.9616849,12.6938624
4335,10.0,37.655763799999995,10.6241837,6.624245300000001
4336,10.0,24.2439947,7.5207467,9.279757700000001
4337,10.0,57.3168821,33.3671468,13.8792834
4338,0.0,49.919955,21.8754803,10.81793
4339,0.0,68.3116297,30.893458600000002,8.2862696
4340,0.0,61.680211799999995,35.9616849,12.6938624
4341,0.0,37.655763799999995,10.6241837,6.624245300000001
4342,0.0,24.2439947,7.5207467,9.279757700000001
4343,0.0,57.3168821,33.3671468,13.8792834
4344,30.0,49.919955,21.8754803,10.81793
4345,30.0,68.3116297,30.893458600000002,8.2862696
4346,30.0,61.680211799999995,35.9616849,12.6938624
4347,30.0,37.655763799999995,10.6241837,6.624245300000001
4348,30.0,24.2439947,7.5207467,9.279757700000001
4349,30.0,57.3168821,33.3671468,13.8792834
4350,20.0,49.919955,21.8754803,10.81793
4351,20.0,68.3116297,30.893458600000002,8.2862696
4352,20.0,61.680211799999995,35.9616849,12.6938624
4353,20.0,37.655763799999995,10.6241837,6.624245300000001
4354,20.0,24.2439947,7.5207467,9.279757700000001
4355,20.0,57.3168821,33.3671468,13.8792834
4356,40.0,49.919955,21.8754803,10.81793
4357,40.0,68.3116297,30.893458600000002,8.2862696
4358,40.0,61.680211799999995,35.9616849,12.6938624
4359,40.0,37.655763799999995,10.6241837,6.624245300000001
4360,40.0,24.2439947,7.5207467,9.279757700000001
4361,40.0,57.3168821,33.3671468,13.8792834
4362,50.0,49.919955,21.8754803,10.81793
4363,50.0,68.3116297,30.893458600000002,8.2862696
4364,50.0,61.680211799999995,35.9616849,12.6938624
4365,50.0,37.655763799999995,10.6241837,6.624245300000001
4366,50.0,24.2439947,7.5207467,9.279757700000001
4367,50.0,57.3168821,33.3671468,13.8792834
4368,10.0,49.919955,21.8754803,10.81793
4369,10.0,68.3116297,30.893458600000002,8.2862696
4370,10.0,61.680211799999995,35.9616849,12.6938624
4371,10.0,37.655763799999995,10.6241837,6.624245300000001
4372,10.0,24.2439947,7.5207467,9.279757700000001
4373,10.0,57.3168821,33.3671468,13.8792834
4374,0.0,49.919955,21.8754803,10.81793
4375,0.0,68.3116297,30.893458600000002,8.2862696
4376,0.0,61.680211799999995,35.9616849,12.6938624
4377,0.0,37.655763799999995,10.6241837,6.624245300000001
4378,0.0,24.2439947,7.5207467,9.279757700000001
4379,0.0,57.3168821,33.3671468,13.8792834
4380,30.0,49.919955,21.8754803,10.81793
4381,30.0,68.3116297,30.893458600000002,8.2862696
4382,30.0,61.680211799999995,35.9616849,12.6938624
4383,30.0,37.655763799999995,10.6241837,6.624245300000001
4384,30.0,24.2439947,7.5207467,9.279757700000001
4385,30.0,57.3168821,33.3671468,13.8792834
4386,20.0,49.919955,21.8754803,10.81793
4387,20.0,68.3116297,30.893458600000002,8.2862696
4388,20.0,61.680211799999995,35.9616849,12.6938624
4389,20.0,37.655763799999995,10.6241837,6.624245300000001
4390,20.0,24.2439947,7.5207467,9.279757700000001
4391,20.0,57.3168821,33.3671468,13.8792834
4392,40.0,49.919955,21.8754803,10.81793
4393,40.0,68.3116297,30.893458600000002,8.2862696
4394,40.0,61.680211799999995,35.9616849,12.6938624
4395,40.0,37.655763799999995,10.6241837,6.624245300000001
4396,40.0,24.2439947,7.5207467,9.279757700000001
4397,40.0,57.3168821,33.3671468,13.8792834
4398,50.0,49.919955,21.8754803,10.81793
4399,50.0,68.3116297,30.893458600000002,8.2862696
4400,50.0,61.680211799999995,35.9616849,12.6938624
4401,50.0,37.655763799999995,10.6241837,6.624245300000001
4402,50.0,24.2439947,7.5207467,9.279757700000001
4403,50.0,57.3168821,33.3671468,13.8792834
4404,10.0,49.919955,21.8754803,10.81793
4405,10.0,68.3116297,30.893458600000002,8.2862696
4406,10.0,61.680211799999995,35.9616849,12.6938624
4407,10.0,37.655763799999995,10.6241837,6.624245300000001
4408,10.0,24.2439947,7.5207467,9.279757700000001
4409,10.0,57.3168821,33.3671468,13.8792834
4410,0.0,49.919955,21.8754803,10.81793
4411,0.0,68.3116297,30.893458600000002,8.2862696
4412,0.0,61.680211799999995,35.9616849,12.6938624
4413,0.0,37.655763799999995,10.6241837,6.624245300000001
4414,0.0,24.2439947,7.5207467,9.279757700000001
4415,0.0,57.3168821,33.3671468,13.8792834
4416,30.0,49.919955,21.8754803,10.81793
4417,30.0,68.3116297,30.893458600000002,8.2862696
4418,30.0,61.680211799999995,35.9616849,12.6938624
4419,30.0,37.655763799999995,10.6241837,6.624245300000001
4420,30.0,24.2439947,7.5207467,9.279757700000001
4421,30.0,57.3168821,33.3671468,13.8792834
4422,20.0,49.919955,21.8754803,10.81793
4423,20.0,68.3116297,30.893458600000002,8.2862696
4424,20.0,61.680211799999995,35.9616849,12.6938624
4425,20.0,37.655763799999995,10.6241837,6.624245300000001
4426,20.0,24.2439947,7.5207467,9.279757700000001
4427,20.0,57.3168821,33.3671468,13.8792834
4428,40.0,49.919955,21.8754803,10.81793
4429,40.0,68.3116297,30.893458600000002,8.2862696
4430,40.0,61.680211799999995,35.9616849,12.6938624
4431,40.0,37.655763799999995,10.6241837,6.624245300000001
4432,40.0,24.2439947,7.5207467,9.279757700000001
4433,40.0,57.3168821,33.3671468,13.8792834
4434,50.0,49.919955,21.8754803,10.81793
4435,50.0,68.3116297,30.893458600000002,8.2862696
4436,50.0,61.680211799999995,35.9616849,12.6938624
4437,50.0,37.655763799999995,10.6241837,6.624245300000001
4438,50.0,24.2439947,7.5207467,9.279757700000001
4439,50.0,57.3168821,33.3671468,13.8792834
4440,10.0,49.919955,21.8754803,10.81793
4441,10.0,68.3116297,30.893458600000002,8.2862696
4442,10.0,61.680211799999995,35.9616849,12.6938624
4443,10.0,37.655763799999995,10.6241837,6.624245300000001
4444,10.0,24.2439947,7.5207467,9.279757700000001
4445,10.0,57.3168821,33.3671468,13.8792834
4446,0.0,49.919955,21.8754803,10.81793
4447,0.0,68.3116297,30.893458600000002,8.2862696
4448,0.0,61.680211799999995,35.9616849,12.6938624
4449,0.0,37.655763799999995,10.6241837,6.624245300000001
4450,0.0,24.2439947,7.5207467,9.279757700000001
4451,0.0,57.3168821,33.3671468,13.8792834
4452,30.0,49.919955,21.8754803,10.81793
4453,30.0,68.3116297,30.893458600000002,8.2862696
4454,30.0,61.680211799999995,35.9616849,12.6938624
4455,30.0,37.655763799999995,10.6241837,6.624245300000001
4456,30.0,24.2439947,7.5207467,9.279757700000001
4457,30.0,57.3168821,33.3671468,13.8792834
4458,20.0,49.919955,21.8754803,10.81793
4459,20.0,68.3116297,30.893458600000002,8.2862696
4460,20.0,61.680211799999995,35.9616849,12.6938624
4461,20.0,37.655763799999995,10.6241837,6.624245300000001
4462,20.0,24.2439947,7.5207467,9.279757700000001
4463,20.0,57.3168821,33.3671468,13.8792834
4464,40.0,49.919955,21.8754803,10.81793
4465,50.0,68.3116297,30.893458600000002,8.2862696
4466,10.0,61.680211799999995,35.9616849,12.6938624
4467,0.0,37.655763799999995,10.6241837,6.624245300000001
4468,30.0,24.2439947,7.5207467,9.279757700000001
4469,20.0,57.3168821,33.3671468,13.8792834
4470,40.0,49.919955,21.8754803,10.81793
4471,50.0,68.3116297,30.893458600000002,8.2862696
4472,10.0,61.680211799999995,35.9616849,12.6938624
4473,0.0,37.655763799999995,10.6241837,6.624245300000001
4474,30.0,24.2439947,7.5207467,9.279757700000001
4475,20.0,57.3168821,33.3671468,13.8792834
4476,40.0,49.919955,21.8754803,10.81793
4477,50.0,68.3116297,30.893458600000002,8.2862696
4478,10.0,61.680211799999995,35.9616849,12.6938624
4479,0.0,37.655763799999995,10.6241837,6.624245300000001
4480,30.0,24.2439947,7.5207467,9.279757700000001
4481,20.0,57.3168821,33.3671468,13.8792834
4482,40.0,49.919955,21.8754803,10.81793
4483,50.0,68.3116297,30.893458600000002,8.2862696
4484,10.0,61.680211799999995,35.9616849,12.6938624
4485,0.0,37.655763799999995,10.6241837,6.624245300000001
4486,30.0,24.2439947,7.5207467,9.279757700000001
4487,20.0,57.3168821,33.3671468,13.8792834
4488,40.0,49.919955,21.8754803,10.81793
4489,50.0,68.3116297,30.893458600000002,8.2862696
4490,10.0,61.680211799999995,35.9616849,12.6938624
4491,0.0,37.655763799999995,10.6241837,6.624245300000001
4492,30.0,24.2439947,7.5207467,9.279757700000001
4493,20.0,57.3168821,33.3671468,13.8792834
4494,40.0,49.919955,21.8754803,10.81793
4495,50.0,68.3116297,30.893458600000002,8.2862696
4496,10.0,61.680211799999995,35.9616849,12.6938624
4497,0.0,37.655763799999995,10.6241837,6.624245300000001
4498,30.0,24.2439947,7.5207467,9.279757700000001
4499,20.0,57.3168821,33.3671468,13.8792834
4500,40.0,49.919955,21.8754803,10.81793
4501,40.0,68.3116297,30.893458600000002,8.2862696
4502,40.0,61.680211799999995,35.9616849,12.6938624
4503,40.0,37.655763799999995,10.6241837,6.624245300000001
4504,40.0,24.2439947,7.5207467,9.279757700000001
4505,40.0,57.3168821,33.3671468,13.8792834
4506,50.0,49.919955,21.8754803,10.81793
4507,50.0,68.3116297,30.893458600000002,8.2862696
4508,50.0,61.680211799999995,35.9616849,12.6938624
4509,50.0,37.655763799999995,10.6241837,6.624245300000001
4510,50.0,24.2439947,7.5207467,9.279757700000001
4511,50.0,57.3168821,33.3671468,13.8792834
4512,10.0,49.919955,21.8754803,10.81793
4513,10.0,68.3116297,30.893458600000002,8.2862696
4514,10.0,61.680211799999995,35.9616849,12.6938624
4515,10.0,37.655763799999995,10.6241837,6.624245300000001
4516,10.0,24.2439947,7.5207467,9.279757700000001
4517,10.0,57.3168821,33.3671468,13.8792834
4518,0.0,49.919955,21.8754803,10.81793
4519,0.0,68.3116297,30.893458600000002,8.2862696
4520,0.0,61.680211799999995,35.9616849,12.6938624
4521,0.0,37.655763799999995,10.6241837,6.624245300000001
4522,0.0,24.2439947,7.5207467,9.279757700000001
4523,0.0,57.3168821,33.3671468,13.8792834
4524,30.0,49.919955,21.8754803,10.81793
4525,30.0,68.3116297,30.893458600000002,8.2862696
4526,30.0,61.680211799999995,35.9616849,12.6938624
4527,30.0,37.655763799999995,10.6241837,6.624245300000001
4528,30.0,24.2439947,7.5207467,9.279757700000001
4529,30.0,57.3168821,33.3671468,13.8792834
4530,20.0,49.919955,21.8754803,10.81793
4531,20.0,68.3116297,30.893458600000002,8.2862696
4532,20.0,61.680211799999995,35.9616849,12.6938624
4533,20.0,37.655763799999995,10.6241837,6.624245300000001
4534,20.0,24.2439947,7.5207467,9.279757700000001
4535,20.0,57.3168821,33.3671468,13.8792834
4536,40.0,49.919955,21.8754803,10.81793
4537,40.0,68.3116297,30.893458600000002,8.2862696
4538,40.0,61.680211799999995,35.9616849,12.6938624
4539,40.0,37.655763799999995,10.6241837,6.624245300000001
4540,40.0,24.2439947,7.5207467,9.279757700000001
4541,40.0,57.3168821,33.3671468,13.8792834
4542,50.0,49.919955,21.8754803,10.81793
4543,50.0,68.3116297,30.893458600000002,8.2862696
4544,50.0,61.680211799999995,35.9616849,12.6938624
4545,50.0,37.655763799999995,10.6241837,6.624245300000001
4546,50.0,24.2439947,7.5207467,9.279757700000001
4547,50.0,57.3168821,33.3671468,13.8792834
4548,10.0,49.919955,21.8754803,10.81793
4549,10.0,68.3116297,30.893458600000002,8.2862696
4550,10.0,61.680211799999995,35.9616849,12.6938624
4551,10.0,37.655763799999995,10.6241837,6.624245300000001
4552,10.0,24.2439947,7.5207467,9.279757700000001
4553,10.0,57.3168821,33.3671468,13.8792834
4554,0.0,49.919955,21.8754803,10.81793
4555,0.0,68.3116297,30.893458600000002,8.2862696
4556,0.0,61.680211799999995,35.9616849,12.6938624
4557,0.0,37.655763799999995,10.6241837,6.624245300000001
4558,0.0,24.2439947,7.5207467,9.279757700000001
4559,0.0,57.3168821,33.3671468,13.8792834
4560,30.0,49.919955,21.8754803,10.81793
4561,30.0,68.3116297,30.893458600000002,8.2862696
4562,30.0,61.680211799999995,35.9616849,12.6938624
4563,30.0,37.655763799999995,10.6241837,6.624245300000001
4564,30.0,24.2439947,7.5207467,9.279757700000001
4565,30.0,57.3168821,33.3671468,13.8792834
4566,20.0,49.919955,21.8754803,10.81793
4567,20.0,68.3116297,30.893458600000002,8.2862696
4568,20.0,61.680211799999995,35.9616849,12.6938624
4569,20.0,37.655763799999995,10.6241837,6.624245300000001
4570,20.0,24.2439947,7.5207467,9.279757700000001
4571,20.0,57.3168821,33.3671468,13.8792834
4572,40.0,49.919955,21.8754803,10.81793
4573,40.0,68.3116297,30.893458600000002,8.2862696
4574,40.0,61.680211799999995,35.9616849,12.6938624
4575,40.0,37.655763799999995,10.6241837,6.624245300000001
4576,40.0,24.2439947,7.5207467,9.279757700000001
4577,40.0,57.3168821,33.3671468,13.8792834
4578,50.0,49.919955,21.8754803,10.81793
4579,50.0,68.3116297,30.893458600000002,8.2862696
4580,50.0,61.680211799999995,35.9616849,12.6938624
4581,50.0,37.655763799999995,10.6241837,6.624245300000001
4582,50.0,24.2439947,7.5207467,9.279757700000001
4583,50.0,57.3168821,33.3671468,13.8792834
4584,10.0,49.919955,21.8754803,10.81793
4585,10.0,68.3116297,30.893458600000002,8.2862696
4586,10.0,61.680211799999995,35.9616849,12.6938624
4587,10.0,37.655763799999995,10.6241837,6.624245300000001
4588,10.0,24.2439947,7.5207467,9.279757700000001
4589,10.0,57.3168821,33.3671468,13.8792834
4590,0.0,49.919955,21.8754803,10.81793
4591,0.0,68.3116297,30.893458600000002,8.2862696
4592,0.0,61.680211799999995,35.9616849,12.6938624
4593,0.0,37.655763799999995,10.6241837,6.624245300000001
4594,0.0,24.2439947,7.5207467,9.279757700000001
4595,0.0,57.3168821,33.3671468,13.8792834
4596,30.0,49.919955,21.8754803,10.81793
4597,30.0,68.3116297,30.893458600000002,8.2862696
4598,30.0,61.680211799999995,35.9616849,12.6938624
4599,30.0,37.655763799999995,10.6241837,6.624245300000001
4600,30.0,24.2439947,7.5207467,9.279757700000001
4601,30.0,57.3168821,33.3671468,13.8792834
4602,20.0,49.919955,21.8754803,10.81793
4603,20.0,68.3116297,30.893458600000002,8.2862696
4604,20.0,61.680211799999995,35.9616849,12.6938624
4605,20.0,37.655763799999995,10.6241837,6.624245300000001
4606,20.0,24.2439947,7.5207467,9.279757700000001
4607,20.0,57.3168821,33.3671468,13.8792834
4608,40.0,49.919955,21.8754803,10.81793
4609,40.0,68.3116297,30.893458600000002,8.2862696
4610,40.0,61.680211799999995,35.9616849,12.6938624
4611,40.0,37.655763799999995,10.6241837,6.624245300000001
4612,40.0,24.2439947,7.5207467,9.279757700000001
4613,40.0,57.3168821,33.3671468,13.8792834
4614,50.0,49.919955,21.8754803,10.81793
4615,50.0,68.3116297,30.893458600000002,8.2862696
4616,50.0,61.680211799999995,35.9616849,12.6938624
4617,50.0,37.655763799999995,10.6241837,6.624245300000001
4618,50.0,24.2439947,7.5207467,9.279757700000001
4619,50.0,57.3168821,33.3671468,13.8792834
4620,10.0,49.919955,21.8754803,10.81793
4621,10.0,68.3116297,30.893458600000002,8.2862696
4622,10.0,61.680211799999995,35.9616849,12.6938624
4623,10.0,37.655763799999995,10.6241837,6.624245300000001
4624,10.0,24.2439947,7.5207467,9.279757700000001
4625,10.0,57.3168821,33.3671468,13.8792834
4626,0.0,49.919955,21.8754803,10.81793
4627,0.0,68.3116297,30.893458600000002,8.2862696
4628,0.0,61.680211799999995,35.9616849,12.6938624
4629,0.0,37.655763799999995,10.6241837,6.624245300000001
4630,0.0,24.2439947,7.5207467,9.279757700000001
4631,0.0,57.3168821,33.3671468,13.8792834
4632,30.0,49.919955,21.8754803,10.81793
4633,30.0,68.3116297,30.893458600000002,8.2862696
4634,30.0,61.680211799999995,35.9616849,12.6938624
4635,30.0,37.655763799999995,10.6241837,6.624245300000001
4636,30.0,24.2439947,7.5207467,9.279757700000001
4637,30.0,57.3168821,33.3671468,13.8792834
4638,20.0,49.919955,21.8754803,10.81793
4639,20.0,68.3116297,30.893458600000002,8.2862696
4640,20.0,61.680211799999995,35.9616849,12.6938624
4641,20.0,37.655763799999995,10.6241837,6.624245300000001
4642,20.0,24.2439947,7.5207467,9.279757700000001
4643,20.0,57.3168821,33.3671468,13.8792834
4644,40.0,49.919955,21.8754803,10.81793
4645,40.0,68.3116297,30.893458600000002,8.2862696
4646,40.0,61.680211799999995,35.9616849,12.6938624
4647,40.0,37.655763799999995,10.6241837,6.624245300000001
4648,40.0,24.2439947,7.5207467,9.279757700000001
4649,40.0,57.3168821,33.3671468,13.8792834
4650,50.0,49.919955,21.8754803,10.81793
4651,50.0,68.3116297,30.893458600000002,8.2862696
4652,50.0,61.680211799999995,35.9616849,12.6938624
4653,50.0,37.655763799999995,10.6241837,6.624245300000001
4654,50.0,24.2439947,7.5207467,9.279757700000001
4655,50.0,57.3168821,33.3671468,13.8792834
4656,10.0,49.919955,21.8754803,10.81793
4657,10.0,68.3116297,30.893458600000002,8.2862696
4658,10.0,61.680211799999995,35.9616849,12.6938624
4659,10.0,37.655763799999995,10.6241837,6.624245300000001
4660,10.0,24.2439947,7.5207467,9.279757700000001
4661,10.0,57.3168821,33.3671468,13.8792834
4662,0.0,49.919955,21.8754803,10.81793
4663,0.0,68.3116297,30.893458600000002,8.2862696
4664,0.0,61.680211799999995,35.9616849,12.6938624
4665,0.0,37.655763799999995,10.6241837,6.624245300000001
4666,0.0,24.2439947,7.5207467,9.279757700000001
4667,0.0,57.3168821,33.3671468,13.8792834
4668,30.0,49.919955,21.8754803,10.81793
4669,30.0,68.3116297,30.893458600000002,8.2862696
4670,30.0,61.680211799999995,35.9616849,12.6938624
4671,30.0,37.655763799999995,10.6241837,6.624245300000001
4672,30.0,24.2439947,7.5207467,9.279757700000001
4673,30.0,57.3168821,33.3671468,13.8792834
4674,20.0,49.919955,21.8754803,10.81793
4675,20.0,68.3116297,30.893458600000002,8.2862696
4676,20.0,61.680211799999995,35.9616849,12.6938624
4677,20.0,37.655763799999995,10.6241837,6.624245300000001
4678,20.0,24.2439947,7.5207467,9.279757700000001
4679,20.0,57.3168821,33.3671468,13.8792834
4680,40.0,49.919955,21.8754803,10.81793
4681,40.0,68.3116297,30.893458600000002,8.2862696
4682,40.0,61.680211799999995,35.9616849,12.6938624
4683,40.0,37.655763799999995,10.6241837,6.624245300000001
4684,40.0,24.2439947,7.5207467,9.279757700000001
4685,40.0,57.3168821,33.3671468,13.8792834
4686,50.0,49.919955,21.8754803,10.81793
4687,50.0,68.3116297,30.893458600000002,8.2862696
4688,50.0,61.680211799999995,35.9616849,12.6938624
4689,50.0,37.655763799999995,10.6241837,6.624245300000001
4690,50.0,24.2439947,7.5207467,9.279757700000001
4691,50.0,57.3168821,33.3671468,13.8792834
4692,10.0,49.919955,21.8754803,10.81793
4693,10.0,68.3116297,30.893458600000002,8.2862696
4694,10.0,61.680211799999995,35.9616849,12.6938624
4695,10.0,37.655763799999995,10.6241837,6.624245300000001
4696,10.0,24.2439947,7.5207467,9.279757700000001
4697,10.0,57.3168821,33.3671468,13.8792834
4698,0.0,49.919955,21.8754803,10.81793
4699,0.0,68.3116297,30.893458600000002,8.2862696
4700,0.0,61.680211799999995,35.9616849,12.6938624
4701,0.0,37.655763799999995,10.6241837,6.624245300000001
4702,0.0,24.2439947,7.5207467,9.279757700000001
4703,0.0,57.3168821,33.3671468,13.8792834
4704,30.0,49.919955,21.8754803,10.81793
4705,30.0,68.3116297,30.893458600000002,8.2862696
4706,30.0,61.680211799999995,35.9616849,12.6938624
4707,30.0,37.655763799999995,10.6241837,6.624245300000001
4708,30.0,24.2439947,7.5207467,9.279757700000001
4709,30.0,57.3168821,33.3671468,13.8792834
4710,20.0,49.919955,21.8754803,10.81793
4711,20.0,68.3116297,30.893458600000002,8.2862696
4712,20.0,61.680211799999995,35.9616849,12.6938624
4713,20.0,37.655763799999995,10.6241837,6.624245300000001
4714,20.0,24.2439947,7.5207467,9.279757700000001
4715,20.0,57.3168821,33.3671468,13.8792834
4716,40.0,49.919955,21.8754803,10.81793
4717,40.0,68.3116297,30.893458600000002,8.2862696
4718,40.0,61.680211799999995,35.9616849,12.6938624
4719,40.0,37.655763799999995,10.6241837,6.624245300000001
4720,40.0,24.2439947,7.5207467,9.279757700000001
4721,40.0,57.3168821,33.3671468,13.8792834
4722,50.0,49.919955,21.8754803,10.81793
4723,50.0,68.3116297,30.893458600000002,8.2862696
4724,50.0,61.680211799999995,35.9616849,12.6938624
4725,50.0,37.655763799999995,10.6241837,6.624245300000001
4726,50.0,24.2439947,7.5207467,9.279757700000001
4727,50.0,57.3168821,33.3671468,13.8792834
4728,10.0,49.919955,21.8754803,10.81793
4729,10.0,68.3116297,30.893458600000002,8.2862696
4730,10.0,61.680211799999995,35.9616849,12.6938624
4731,10.0,37.655763799999995,10.6241837,6.624245300000001
4732,10.0,24.2439947,7.5207467,9.279757700000001
4733,10.0,57.3168821,33.3671468,13.8792834
4734,0.0,49.919955,21.8754803,10.81793
4735,0.0,68.3116297,30.893458600000002,8.2862696
4736,0.0,61.680211799999995,35.9616849,12.6938624
4737,0.0,37.655763799999995,10.6241837,6.624245300000001
4738,0.0,24.2439947,7.5207467,9.279757700000001
4739,0.0,57.3168821,33.3671468,13.8792834
4740,30.0,49.919955,21.8754803,10.81793
4741,30.0,68.3116297,30.893458600000002,8.2862696
4742,30.0,61.680211799999995,35.9616849,12.6938624
4743,30.0,37.655763799999995,10.6241837,6.624245300000001
4744,30.0,24.2439947,7.5207467,9.279757700000001
4745,30.0,57.3168821,33.3671468,13.8792834
4746,20.0,49.919955,21.8754803,10.81793
4747,20.0,68.3116297,30.893458600000002,8.2862696
4748,20.0,61.680211799999995,35.9616849,12.6938624
4749,20.0,37.655763799999995,10.6241837,6.624245300000001
4750,20.0,24.2439947,7.5207467,9.279757700000001
4751,20.0,57.3168821,33.3671468,13.8792834
4752,40.0,49.919955,21.8754803,10.81793
4753,40.0,68.3116297,30.893458600000002,8.2862696
4754,40.0,61.680211799999995,35.9616849,12.6938624
4755,40.0,37.655763799999995,10.6241837,6.624245300000001
4756,40.0,24.2439947,7.5207467,9.279757700000001
4757,40.0,57.3168821,33.3671468,13.8792834
4758,50.0,49.919955,21.8754803,10.81793
4759,50.0,68.3116297,30.893458600000002,8.2862696
4760,50.0,61.680211799999995,35.9616849,12.6938624
4761,50.0,37.655763799999995,10.6241837,6.624245300000001
4762,50.0,24.2439947,7.5207467,9.279757700000001
4763,50.0,57.3168821,33.3671468,13.8792834
4764,10.0,49.919955,21.8754803,10.81793
4765,10.0,68.3116297,30.893458600000002,8.2862696
4766,10.0,61.680211799999995,35.9616849,12.6938624
4767,10.0,37.655763799999995,10.6241837,6.624245300000001
4768,10.0,24.2439947,7.5207467,9.279757700000001
4769,10.0,57.3168821,33.3671468,13.8792834
4770,0.0,49.919955,21.8754803,10.81793
4771,0.0,68.3116297,30.893458600000002,8.2862696
4772,0.0,61.680211799999995,35.9616849,12.6938624
4773,0.0,37.655763799999995,10.6241837,6.624245300000001
4774,0.0,24.2439947,7.5207467,9.279757700000001
4775,0.0,57.3168821,33.3671468,13.8792834
4776,30.0,49.919955,21.8754803,10.81793
4777,30.0,68.3116297,30.893458600000002,8.2862696
4778,30.0,61.680211799999995,35.9616849,12.6938624
4779,30.0,37.655763799999995,10.6241837,6.624245300000001
4780,30.0,24.2439947,7.5207467,9.279757700000001
4781,30.0,57.3168821,33.3671468,13.8792834
4782,20.0,49.919955,21.8754803,10.81793
4783,20.0,68.3116297,30.893458600000002,8.2862696
4784,20.0,61.680211799999995,35.9616849,12.6938624
4785,20.0,37.655763799999995,10.6241837,6.624245300000001
4786,20.0,24.2439947,7.5207467,9.279757700000001
4787,20.0,57.3168821,33.3671468,13.8792834
4788,40.0,49.919955,21.8754803,10.81793
4789,40.0,68.3116297,30.893458600000002,8.2862696
4790,40.0,61.680211799999995,35.9616849,12.6938624
4791,40.0,37.655763799999995,10.6241837,6.624245300000001
4792,40.0,24.2439947,7.5207467,9.279757700000001
4793,40.0,57.3168821,33.3671468,13.8792834
4794,50.0,49.919955,21.8754803,10.81793
4795,50.0,68.3116297,30.893458600000002,8.2862696
4796,50.0,61.680211799999995,35.9616849,12.6938624
4797,50.0,37.655763799999995,10.6241837,6.624245300000001
4798,50.0,24.2439947,7.5207467,9.279757700000001
4799,50.0,57.3168821,33.3671468,13.8792834
4800,10.0,49.919955,21.8754803,10.81793
4801,10.0,68.3116297,30.893458600000002,8.2862696
4802,10.0,61.680211799999995,35.9616849,12.6938624
4803,10.0,37.655763799999995,10.6241837,6.624245300000001
4804,10.0,24.2439947,7.5207467,9.279757700000001
4805,10.0,57.3168821,33.3671468,13.8792834
4806,0.0,49.919955,21.8754803,10.81793
4807,0.0,68.3116297,30.893458600000002,8.2862696
4808,0.0,61.680211799999995,35.9616849,12.6938624
4809,0.0,37.655763799999995,10.6241837,6.624245300000001
4810,0.0,24.2439947,7.5207467,9.279757700000001
4811,0.0,57.3168821,33.3671468,13.8792834
4812,30.0,49.919955,21.8754803,10.81793
4813,30.0,68.3116297,30.893458600000002,8.2862696
4814,30.0,61.680211799999995,35.9616849,12.6938624
4815,30.0,37.655763799999995,10.6241837,6.624245300000001
4816,30.0,24.2439947,7.5207467,9.279757700000001
4817,30.0,57.3168821,33.3671468,13.8792834
4818,20.0,49.919955,21.8754803,10.81793
4819,20.0,68.3116297,30.893458600000002,8.2862696
4820,20.0,61.680211799999995,35.9616849,12.6938624
4821,20.0,37.655763799999995,10.6241837,6.624245300000001
4822,20.0,24.2439947,7.5207467,9.279757700000001
4823,20.0,57.3168821,33.3671468,13.8792834
4824,40.0,49.919955,21.8754803,10.81793
4825,40.0,68.3116297,30.893458600000002,8.2862696
4826,40.0,61.680211799999995,35.9616849,12.6938624
4827,40.0,37.655763799999995,10.6241837,6.624245300000001
4828,40.0,24.2439947,7.5207467,9.279757700000001
4829,40.0,57.3168821,33.3671468,13.8792834
4830,50.0,49.919955,21.8754803,10.81793
4831,50.0,68.3116297,30.893458600000002,8.2862696
4832,50.0,61.680211799999995,35.9616849,12.6938624
4833,50.0,37.655763799999995,10.6241837,6.624245300000001
4834,50.0,24.2439947,7.5207467,9.279757700000001
4835,50.0,57.3168821,33.3671468,13.8792834
4836,10.0,49.919955,21.8754803,10.81793
4837,10.0,68.3116297,30.893458600000002,8.2862696
4838,10.0,61.680211799999995,35.9616849,12.6938624
4839,10.0,37.655763799999995,10.6241837,6.624245300000001
4840,10.0,24.2439947,7.5207467,9.279757700000001
4841,10.0,57.3168821,33.3671468,13.8792834
4842,0.0,49.919955,21.8754803,10.81793
4843,0.0,68.3116297,30.893458600000002,8.2862696
4844,0.0,61.680211799999995,35.9616849,12.6938624
4845,0.0,37.655763799999995,10.6241837,6.624245300000001
4846,0.0,24.2439947,7.5207467,9.279757700000001
4847,0.0,57.3168821,33.3671468,13.8792834
4848,30.0,49.919955,21.8754803,10.81793
4849,30.0,68.3116297,30.893458600000002,8.2862696
4850,30.0,61.680211799999995,35.9616849,12.6938624
4851,30.0,37.655763799999995,10.6241837,6.624245300000001
4852,30.0,24.2439947,7.5207467,9.279757700000001
4853,30.0,57.3168821,33.3671468,13.8792834
4854,20.0,49.919955,21.8754803,10.81793
4855,20.0,68.3116297,30.893458600000002,8.2862696
4856,20.0,61.680211799999995,35.9616849,12.6938624
4857,20.0,37.655763799999995,10.6241837,6.624245300000001
4858,20.0,24.2439947,7.5207467,9.279757700000001
4859,20.0,57.3168821,33.3671468,13.8792834
4860,40.0,32.0097582,11.0880961,9.9970149
4861,40.0,23.3009053,5.9781913,3.6529242
4862,40.0,44.780782099999996,17.8701035,20.1626205
4863,40.0,63.6764161,35.1640766,15.8906331
4864,40.0,57.3834815,19.2301733,4.560333099999999
4865,40.0,32.0097582,11.0880961,9.9970149
4866,50.0,23.3009053,5.9781913,3.6529242
4867,50.0,44.780782099999996,17.8701035,20.1626205
4868,50.0,63.6764161,35.1640766,15.8906331
4869,50.0,57.3834815,19.2301733,4.560333099999999
4870,50.0,32.0097582,11.0880961,9.9970149
4871,50.0,23.3009053,5.9781913,3.6529242
4872,10.0,44.780782099999996,17.8701035,20.1626205
4873,10.0,63.6764161,35.1640766,15.8906331
4874,10.0,57.3834815,19.2301733,4.560333099999999
4875,10.0,32.0097582,11.0880961,9.9970149
4876,10.0,23.3009053,5.9781913,3.6529242
4877,10.0,44.780782099999996,17.8701035,20.1626205
4878,0.0,63.6764161,35.1640766,15.8906331
4879,0.0,57.3834815,19.2301733,4.560333099999999
4880,0.0,32.0097582,11.0880961,9.9970149
4881,0.0,23.3009053,5.9781913,3.6529242
4882,0.0,44.780782099999996,17.8701035,20.1626205
4883,0.0,63.6764161,35.1640766,15.8906331
4884,30.0,57.3834815,19.2301733,4.560333099999999
4885,30.0,32.0097582,11.0880961,9.9970149
4886,30.0,23.3009053,5.9781913,3.6529242
4887,30.0,44.780782099999996,17.8701035,20.1626205
4888,30.0,63.6764161,35.1640766,15.8906331
4889,30.0,57.3834815,19.2301733,4.560333099999999
4890,20.0,32.0097582,11.0880961,9.9970149
4891,20.0,23.3009053,5.9781913,3.6529242
4892,20.0,44.780782099999996,17.8701035,20.1626205
4893,20.0,63.6764161,35.1640766,15.8906331
4894,20.0,57.3834815,19.2301733,4.560333099999999
4895,20.0,32.0097582,11.0880961,9.9970149
4896,40.0,23.3009053,5.9781913,3.6529242
4897,40.0,44.780782099999996,17.8701035,20.1626205
4898,40.0,63.6764161,35.1640766,15.8906331
4899,40.0,57.3834815,19.2301733,4.560333099999999
4900,40.0,32.0097582,11.0880961,9.9970149
4901,40.0,23.3009053,5.9781913,3.6529242
4902,50.0,44.780782099999996,17.8701035,20.1626205
4903,50.0,63.6764161,35.1640766,15.8906331
4904,50.0,57.3834815,19.2301733,4.560333099999999
4905,50.0,32.0097582,11.0880961,9.9970149
4906,50.0,23.3009053,5.9781913,3.6529242
4907,50.0,44.780782099999996,17.8701035,20.1626205
4908,10.0,63.6764161,35.1640766,15.8906331
4909,10.0,57.3834815,19.2301733,4.560333099999999
4910,10.0,32.0097582,11.0880961,9.9970149
4911,10.0,23.3009053,5.9781913,3.6529242
4912,10.0,44.780782099999996,17.8701035,20.1626205
4913,10.0,63.6764161,35.1640766,15.8906331
4914,0.0,57.3834815,19.2301733,4.560333099999999
4915,0.0,32.0097582,11.0880961,9.9970149
4916,0.0,23.3009053,5.9781913,3.6529242
4917,0.0,44.780782099999996,17.8701035,20.1626205
4918,0.0,63.6764161,35.1640766,15.8906331
4919,0.0,57.3834815,19.2301733,4.560333099999999
4920,30.0,32.0097582,11.0880961,9.9970149
4921,30.0,23.3009053,5.9781913,3.6529242
4922,30.0,44.780782099999996,17.8701035,20.1626205
4923,30.0,63.6764161,35.1640766,15.8906331
4924,30.0,57.3834815,19.2301733,4.560333099999999
4925,30.0,32.0097582,11.0880961,9.9970149
4926,20.0,23.3009053,5.9781913,3.6529242
4927,20.0,44.780782099999996,17.8701035,20.1626205
4928,20.0,63.6764161,35.1640766,15.8906331
4929,20.0,57.3834815,19.2301733,4.560333099999999
4930,20.0,32.0097582,11.0880961,9.9970149
4931,20.0,23.3009053,5.9781913,3.6529242
4932,40.0,44.780782099999996,17.8701035,20.1626205
4933,40.0,63.6764161,35.1640766,15.8906331
4934,40.0,57.3834815,19.2301733,4.560333099999999
4935,40.0,32.0097582,11.0880961,9.9970149
4936,40.0,23.3009053,5.9781913,3.6529242
4937,40.0,44.780782099999996,17.8701035,20.1626205
4938,50.0,63.6764161,35.1640766,15.8906331
4939,50.0,57.3834815,19.2301733,4.560333099999999
4940,50.0,32.0097582,11.0880961,9.9970149
4941,50.0,23.3009053,5.9781913,3.6529242
4942,50.0,44.780782099999996,17.8701035,20.1626205
4943,50.0,63.6764161,35.1640766,15.8906331
4944,10.0,57.3834815,19.2301733,4.560333099999999
4945,10.0,32.0097582,11.0880961,9.9970149
4946,10.0,23.3009053,5.9781913,3.6529242
4947,10.0,44.780782099999996,17.8701035,20.1626205
4948,10.0,63.6764161,35.1640766,15.8906331
4949,10.0,57.3834815,19.2301733,4.560333099999999
4950,0.0,32.0097582,11.0880961,9.9970149
4951,0.0,23.3009053,5.9781913,3.6529242
4952,0.0,44.780782099999996,17.8701035,20.1626205
4953,0.0,63.6764161,35.1640766,15.8906331
4954,0.0,57.3834815,19.2301733,4.560333099999999
4955,0.0,32.0097582,11.0880961,9.9970149
4956,30.0,23.3009053,5.9781913,3.6529242
4957,30.0,44.780782099999996,17.8701035,20.1626205
4958,30.0,63.6764161,35.1640766,15.8906331
4959,30.0,57.3834815,19.2301733,4.560333099999999
4960,30.0,32.0097582,11.0880961,9.9970149
4961,30.0,23.3009053,5.9781913,3.6529242
4962,20.0,44.780782099999996,17.8701035,20.1626205
4963,20.0,63.6764161,35.1640766,15.8906331
4964,20.0,57.3834815,19.2301733,4.560333099999999
4965,20.0,32.0097582,11.0880961,9.9970149
4966,20.0,23.3009053,5.9781913,3.6529242
4967,20.0,44.780782099999996,17.8701035,20.1626205
4968,40.0,63.6764161,35.1640766,15.8906331
4969,50.0,57.3834815,19.2301733,4.560333099999999
4970,10.0,32.0097582,11.0880961,9.9970149
4971,0.0,23.3009053,5.9781913,3.6529242
4972,30.0,44.780782099999996,17.8701035,20.1626205
4973,20.0,63.6764161,35.1640766,15.8906331
4974,40.0,57.3834815,19.2301733,4.560333099999999
4975,50.0,32.0097582,11.0880961,9.9970149
4976,10.0,23.3009053,5.9781913,3.6529242
4977,0.0,44.780782099999996,17.8701035,20.1626205
4978,30.0,63.6764161,35.1640766,15.8906331
4979,20.0,57.3834815,19.2301733,4.560333099999999
4980,40.0,32.0097582,11.0880961,9.9970149
4981,50.0,23.3009053,5.9781913,3.6529242
4982,10.0,44.780782099999996,17.8701035,20.1626205
4983,0.0,63.6764161,35.1640766,15.8906331
4984,30.0,57.3834815,19.2301733,4.560333099999999
4985,20.0,32.0097582,11.0880961,9.9970149
4986,40.0,23.3009053,5.9781913,3.6529242
4987,50.0,44.780782099999996,17.8701035,20.1626205
4988,10.0,63.6764161,35.1640766,15.8906331
4989,0.0,57.3834815,19.2301733,4.560333099999999
4990,30.0,32.0097582,11.0880961,9.9970149
4991,20.0,23.3009053,5.9781913,3.6529242
4992,40.0,44.780782099999996,17.8701035,20.1626205
4993,50.0,63.6764161,35.1640766,15.8906331
4994,10.0,57.3834815,19.2301733,4.560333099999999
4995,0.0,32.0097582,11.0880961,9.9970149
4996,30.0,23.3009053,5.9781913,3.6529242
4997,20.0,44.780782099999996,17.8701035,20.1626205
4998,40.0,63.6764161,35.1640766,15.8906331
4999,50.0,57.3834815,19.2301733,4.560333099999999
5000,10.0,32.0097582,11.0880961,9.9970149
5001,0.0,23.3009053,5.9781913,3.6529242
5002,30.0,44.780782099999996,17.8701035,20.1626205
5003,20.0,63.6764161,35.1640766,15.8906331
5004,40.0,57.3834815,19.2301733,4.560333099999999
5005,40.0,32.0097582,11.0880961,9.9970149
5006,40.0,23.3009053,5.9781913,3.6529242
5007,40.0,44.780782099999996,17.8701035,20.1626205
5008,40.0,63.6764161,35.1640766,15.8906331
5009,40.0,57.3834815,19.2301733,4.560333099999999
5010,50.0,32.0097582,11.0880961,9.9970149
5011,50.0,23.3009053,5.9781913,3.6529242
5012,50.0,44.780782099999996,17.8701035,20.1626205
5013,50.0,63.6764161,35.1640766,15.8906331
5014,50.0,57.3834815,19.2301733,4.560333099999999
5015,50.0,32.0097582,11.0880961,9.9970149
5016,10.0,23.3009053,5.9781913,3.6529242
5017,10.0,44.780782099999996,17.8701035,20.1626205
5018,10.0,63.6764161,35.1640766,15.8906331
5019,10.0,57.3834815,19.2301733,4.560333099999999
5020,10.0,32.0097582,11.0880961,9.9970149
5021,10.0,23.3009053,5.9781913,3.6529242
5022,0.0,44.780782099999996,17.8701035,20.1626205
5023,0.0,63.6764161,35.1640766,15.8906331
5024,0.0,57.3834815,19.2301733,4.560333099999999
5025,0.0,32.0097582,11.0880961,9.9970149
5026,0.0,23.3009053,5.9781913,3.6529242
5027,0.0,44.780782099999996,17.8701035,20.1626205
5028,30.0,63.6764161,35.1640766,15.8906331
5029,30.0,57.3834815,19.2301733,4.560333099999999
5030,30.0,32.0097582,11.0880961,9.9970149
5031,30.0,23.3009053,5.9781913,3.6529242
5032,30.0,44.780782099999996,17.8701035,20.1626205
5033,30.0,63.6764161,35.1640766,15.8906331
5034,20.0,57.3834815,19.2301733,4.560333099999999
5035,20.0,32.0097582,11.0880961,9.9970149
5036,20.0,23.3009053,5.9781913,3.6529242
5037,20.0,44.780782099999996,17.8701035,20.1626205
5038,20.0,63.6764161,35.1640766,15.8906331
5039,20.0,57.3834815,19.2301733,4.560333099999999
5040,40.0,32.0097582,11.0880961,9.9970149
5041,40.0,23.3009053,5.9781913,3.6529242
5042,40.0,44.780782099999996,17.8701035,20.1626205
5043,40.0,63.6764161,35.1640766,15.8906331
5044,40.0,57.3834815,19.2301733,4.560333099999999
5045,40.0,32.0097582,11.0880961,9.9970149
5046,50.0,23.3009053,5.9781913,3.6529242
5047,50.0,44.780782099999996,17.8701035,20.1626205
5048,50.0,63.6764161,35.1640766,15.8906331
5049,50.0,57.3834815,19.2301733,4.560333099999999
5050,50.0,32.0097582,11.0880961,9.9970149
5051,50.0,23.3009053,5.9781913,3.6529242
5052,10.0,44.780782099999996,17.8701035,20.1626205
5053,10.0,63.6764161,35.1640766,15.8906331
5054,10.0,57.3834815,19.2301733,4.560333099999999
5055,10.0,32.0097582,11.0880961,9.9970149
5056,10.0,23.3009053,5.9781913,3.6529242
5057,10.0,44.780782099999996,17.8701035,20.1626205
5058,0.0,63.6764161,35.1640766,15.8906331
5059,0.0,57.3834815,19.2301733,4.560333099999999
5060,0.0,32.0097582,11.0880961,9.9970149
5061,0.0,23.3009053,5.9781913,3.6529242
5062,0.0,44.780782099999996,17.8701035,20.1626205
5063,0.0,63.6764161,35.1640766,15.8906331
5064,30.0,57.3834815,19.2301733,4.560333099999999
5065,30.0,32.0097582,11.0880961,9.9970149
5066,30.0,23.3009053,5.9781913,3.6529242
5067,30.0,44.780782099999996,17.8701035,20.1626205
5068,30.0,63.6764161,35.1640766,15.8906331
5069,30.0,57.3834815,19.2301733,4.560333099999999
5070,20.0,32.0097582,11.0880961,9.9970149
5071,20.0,23.3009053,5.9781913,3.6529242
5072,20.0,44.780782099999996,17.8701035,20.1626205
5073,20.0,63.6764161,35.1640766,15.8906331
5074,20.0,57.3834815,19.2301733,4.560333099999999
5075,20.0,32.0097582,11.0880961,9.9970149
5076,40.0,23.3009053,5.9781913,3.6529242
5077,40.0,44.780782099999996,17.8701035,20.1626205
5078,40.0,63.6764161,35.1640766,15.8906331
5079,40.0,57.3834815,19.2301733,4.560333099999999
5080,40.0,32.0097582,11.0880961,9.9970149
5081,40.0,23.3009053,5.9781913,3.6529242
5082,50.0,44.780782099999996,17.8701035,20.1626205
5083,50.0,63.6764161,35.1640766,15.8906331
5084,50.0,57.3834815,19.2301733,4.560333099999999
5085,50.0,32.0097582,11.0880961,9.9970149
5086,50.0,23.3009053,5.9781913,3.6529242
5087,50.0,44.780782099999996,17.8701035,20.1626205
5088,10.0,63.6764161,35.1640766,15.8906331
5089,10.0,57.3834815,19.2301733,4.560333099999999
5090,10.0,32.0097582,11.0880961,9.9970149
5091,10.0,23.3009053,5.9781913,3.6529242
5092,10.0,44.780782099999996,17.8701035,20.1626205
5093,10.0,63.6764161,35.1640766,15.8906331
5094,0.0,57.3834815,19.2301733,4.560333099999999
5095,0.0,32.0097582,11.0880961,9.9970149
5096,0.0,23.3009053,5.9781913,3.6529242
5097,0.0,44.780782099999996,17.8701035,20.1626205
5098,0.0,63.6764161,35.1640766,15.8906331
5099,0.0,57.3834815,19.2301733,4.560333099999999
5100,30.0,32.0097582,11.0880961,9.9970149
5101,30.0,23.3009053,5.9781913,3.6529242
5102,30.0,44.780782099999996,17.8701035,20.1626205
5103,30.0,63.6764161,35.1640766,15.8906331
5104,30.0,57.3834815,19.2301733,4.560333099999999
5105,30.0,32.0097582,11.0880961,9.9970149
5106,20.0,23.3009053,5.9781913,3.6529242
5107,20.0,44.780782099999996,17.8701035,20.1626205
5108,20.0,63.6764161,35.1640766,15.8906331
5109,20.0,57.3834815,19.2301733,4.560333099999999
5110,20.0,32.0097582,11.0880961,9.9970149
5111,20.0,23.3009053,5.9781913,3.6529242
5112,40.0,44.780782099999996,17.8701035,20.1626205
5113,40.0,63.6764161,35.1640766,15.8906331
5114,40.0,57.3834815,19.2301733,4.560333099999999
5115,40.0,32.0097582,11.0880961,9.9970149
5116,40.0,23.3009053,5.9781913,3.6529242
5117,40.0,44.780782099999996,17.8701035,20.1626205
5118,50.0,63.6764161,35.1640766,15.8906331
5119,50.0,57.3834815,19.2301733,4.560333099999999
5120,50.0,32.0097582,11.0880961,9.9970149
5121,50.0,23.3009053,5.9781913,3.6529242
5122,50.0,44.780782099999996,17.8701035,20.1626205
5123,50.0,63.6764161,35.1640766,15.8906331
5124,10.0,57.3834815,19.2301733,4.560333099999999
5125,10.0,32.0097582,11.0880961,9.9970149
5126,10.0,23.3009053,5.9781913,3.6529242
5127,10.0,44.780782099999996,17.8701035,20.1626205
5128,10.0,63.6764161,35.1640766,15.8906331
5129,10.0,57.3834815,19.2301733,4.560333099999999
5130,0.0,32.0097582,11.0880961,9.9970149
5131,0.0,23.3009053,5.9781913,3.6529242
5132,0.0,44.780782099999996,17.8701035,20.1626205
5133,0.0,63.6764161,35.1640766,15.8906331
5134,0.0,57.3834815,19.2301733,4.560333099999999
5135,0.0,32.0097582,11.0880961,9.9970149
5136,30.0,23.3009053,5.9781913,3.6529242
5137,30.0,44.780782099999996,17.8701035,20.1626205
5138,30.0,63.6764161,35.1640766,15.8906331
5139,30.0,57.3834815,19.2301733,4.560333099999999
5140,30.0,32.0097582,11.0880961,9.9970149
5141,30.0,23.3009053,5.9781913,3.6529242
5142,20.0,44.780782099999996,17.8701035,20.1626205
5143,20.0,63.6764161,35.1640766,15.8906331
5144,20.0,57.3834815,19.2301733,4.560333099999999
5145,20.0,32.0097582,11.0880961,9.9970149
5146,20.0,23.3009053,5.9781913,3.6529242
5147,20.0,44.780782099999996,17.8701035,20.1626205
5148,40.0,63.6764161,35.1640766,15.8906331
5149,40.0,57.3834815,19.2301733,4.560333099999999
5150,40.0,32.0097582,11.0880961,9.9970149
5151,40.0,23.3009053,5.9781913,3.6529242
5152,40.0,44.780782099999996,17.8701035,20.1626205
5153,40.0,63.6764161,35.1640766,15.8906331
5154,50.0,57.3834815,19.2301733,4.560333099999999
5155,50.0,32.0097582,11.0880961,9.9970149
5156,50.0,23.3009053,5.9781913,3.6529242
5157,50.0,44.780782099999996,17.8701035,20.1626205
5158,50.0,63.6764161,35.1640766,15.8906331
5159,50.0,57.3834815,19.2301733,4.560333099999999
5160,10.0,32.0097582,11.0880961,9.9970149
5161,10.0,23.3009053,5.9781913,3.6529242
5162,10.0,44.780782099999996,17.8701035,20.1626205
5163,10.0,63.6764161,35.1640766,15.8906331
5164,10.0,57.3834815,19.2301733,4.560333099999999
5165,10.0,32.0097582,11.0880961,9.9970149
5166,0.0,23.3009053,5.9781913,3.6529242
5167,0.0,44.780782099999996,17.8701035,20.1626205
5168,0.0,63.6764161,35.1640766,15.8906331
5169,0.0,57.3834815,19.2301733,4.560333099999999
5170,0.0,32.0097582,11.0880961,9.9970149
5171,0.0,23.3009053,5.9781913,3.6529242
5172,30.0,44.780782099999996,17.8701035,20.1626205
5173,30.0,63.6764161,35.1640766,15.8906331
5174,30.0,57.3834815,19.2301733,4.560333099999999
5175,30.0,32.0097582,11.0880961,9.9970149
5176,30.0,23.3009053,5.9781913,3.6529242
5177,30.0,44.780782099999996,17.8701035,20.1626205
5178,20.0,63.6764161,35.1640766,15.8906331
5179,20.0,57.3834815,19.2301733,4.560333099999999
5180,20.0,32.0097582,11.0880961,9.9970149
5181,20.0,23.3009053,5.9781913,3.6529242
5182,20.0,44.780782099999996,17.8701035,20.1626205
5183,20.0,63.6764161,35.1640766,15.8906331
5184,40.0,57.3834815,19.2301733,4.560333099999999
5185,40.0,32.0097582,11.0880961,9.9970149
5186,40.0,23.3009053,5.9781913,3.6529242
5187,40.0,44.780782099999996,17.8701035,20.1626205
5188,40.0,63.6764161,35.1640766,15.8906331
5189,40.0,57.3834815,19.2301733,4.560333099999999
5190,50.0,32.0097582,11.0880961,9.9970149
5191,50.0,23.3009053,5.9781913,3.6529242
5192,50.0,44.780782099999996,17.8701035,20.1626205
5193,50.0,63.6764161,35.1640766,15.8906331
5194,50.0,57.3834815,19.2301733,4.560333099999999
5195,50.0,32.0097582,11.0880961,9.9970149
5196,10.0,23.3009053,5.9781913,3.6529242
5197,10.0,44.780782099999996,17.8701035,20.1626205
5198,10.0,63.6764161,35.1640766,15.8906331
5199,10.0,57.3834815,19.2301733,4.560333099999999
5200,10.0,32.0097582,11.0880961,9.9970149
5201,10.0,23.3009053,5.9781913,3.6529242
5202,0.0,44.780782099999996,17.8701035,20.1626205
5203,0.0,63.6764161,35.1640766,15.8906331
5204,0.0,57.3834815,19.2301733,4.560333099999999
5205,0.0,32.0097582,11.0880961,9.9970149
5206,0.0,23.3009053,5.9781913,3.6529242
5207,0.0,44.780782099999996,17.8701035,20.1626205
5208,30.0,63.6764161,35.1640766,15.8906331
5209,30.0,57.3834815,19.2301733,4.560333099999999
5210,30.0,32.0097582,11.0880961,9.9970149
5211,30.0,23.3009053,5.9781913,3.6529242
5212,30.0,44.780782099999996,17.8701035,20.1626205
5213,30.0,63.6764161,35.1640766,15.8906331
5214,20.0,57.3834815,19.2301733,4.560333099999999
5215,20.0,32.0097582,11.0880961,9.9970149
5216,20.0,23.3009053,5.9781913,3.6529242
5217,20.0,44.780782099999996,17.8701035,20.1626205
5218,20.0,63.6764161,35.1640766,15.8906331
5219,20.0,57.3834815,19.2301733,4.560333099999999
5220,40.0,32.0097582,11.0880961,9.9970149
5221,40.0,23.3009053,5.9781913,3.6529242
5222,40.0,44.780782099999996,17.8701035,20.1626205
5223,40.0,63.6764161,35.1640766,15.8906331
5224,40.0,57.3834815,19.2301733,4.560333099999999
5225,40.0,32.0097582,11.0880961,9.9970149
5226,50.0,23.3009053,5.9781913,3.6529242
5227,50.0,44.780782099999996,17.8701035,20.1626205
5228,50.0,63.6764161,35.1640766,15.8906331
5229,50.0,57.3834815,19.2301733,4.560333099999999
5230,50.0,32.0097582,11.0880961,9.9970149
5231,50.0,23.3009053,5.9781913,3.6529242
5232,10.0,44.780782099999996,17.8701035,20.1626205
5233,10.0,63.6764161,35.1640766,15.8906331
5234,10.0,57.3834815,19.2301733,4.560333099999999
5235,10.0,32.0097582,11.0880961,9.9970149
5236,10.0,23.3009053,5.9781913,3.6529242
5237,10.0,44.780782099999996,17.8701035,20.1626205
5238,0.0,63.6764161,35.1640766,15.8906331
5239,0.0,57.3834815,19.2301733,4.560333099999999
5240,0.0,32.0097582,11.0880961,9.9970149
5241,0.0,23.3009053,5.9781913,3.6529242
5242,0.0,44.780782099999996,17.8701035,20.1626205
5243,0.0,63.6764161,35.1640766,15.8906331
5244,30.0,57.3834815,19.2301733,4.560333099999999
5245,30.0,32.0097582,11.0880961,9.9970149
5246,30.0,23.3009053,5.9781913,3.6529242
5247,30.0,44.780782099999996,17.8701035,20.1626205
5248,30.0,63.6764161,35.1640766,15.8906331
5249,30.0,57.3834815,19.2301733,4.560333099999999
5250,20.0,32.0097582,11.0880961,9.9970149
5251,20.0,23.3009053,5.9781913,3.6529242
5252,20.0,44.780782099999996,17.8701035,20.1626205
5253,20.0,63.6764161,35.1640766,15.8906331
5254,20.0,57.3834815,19.2301733,4.560333099999999
5255,20.0,32.0097582,11.0880961,9.9970149
5256,40.0,23.3009053,5.9781913,3.6529242
5257,40.0,44.780782099999996,17.8701035,20.1626205
5258,40.0,63.6764161,35.1640766,15.8906331
5259,40.0,57.3834815,19.2301733,4.560333099999999
5260,40.0,32.0097582,11.0880961,9.9970149
5261,40.0,23.3009053,5.9781913,3.6529242
5262,50.0,44.780782099999996,17.8701035,20.1626205
5263,50.0,63.6764161,35.1640766,15.8906331
5264,50.0,57.3834815,19.2301733,4.560333099999999
5265,50.0,32.0097582,11.0880961,9.9970149
5266,50.0,23.3009053,5.9781913,3.6529242
5267,50.0,44.780782099999996,17.8701035,20.1626205
5268,10.0,63.6764161,35.1640766,15.8906331
5269,10.0,57.3834815,19.2301733,4.560333099999999
5270,10.0,32.0097582,11.0880961,9.9970149
5271,10.0,23.3009053,5.9781913,3.6529242
5272,10.0,44.780782099999996,17.8701035,20.1626205
5273,10.0,63.6764161,35.1640766,15.8906331
5274,0.0,57.3834815,19.2301733,4.560333099999999
5275,0.0,32.0097582,11.0880961,9.9970149
5276,0.0,23.3009053,5.9781913,3.6529242
5277,0.0,44.780782099999996,17.8701035,20.1626205
5278,0.0,63.6764161,35.1640766,15.8906331
5279,0.0,57.3834815,19.2301733,4.560333099999999
5280,30.0,32.0097582,11.0880961,9.9970149
5281,30.0,23.3009053,5.9781913,3.6529242
5282,30.0,44.780782099999996,17.8701035,20.1626205
5283,30.0,63.6764161,35.1640766,15.8906331
5284,30.0,57.3834815,19.2301733,4.560333099999999
5285,30.0,32.0097582,11.0880961,9.9970149
5286,20.0,23.3009053,5.9781913,3.6529242
5287,20.0,44.780782099999996,17.8701035,20.1626205
5288,20.0,63.6764161,35.1640766,15.8906331
5289,20.0,57.3834815,19.2301733,4.560333099999999
5290,20.0,32.0097582,11.0880961,9.9970149
5291,20.0,23.3009053,5.9781913,3.6529242
5292,40.0,44.780782099999996,17.8701035,20.1626205
5293,40.0,63.6764161,35.1640766,15.8906331
5294,40.0,57.3834815,19.2301733,4.560333099999999
5295,40.0,32.0097582,11.0880961,9.9970149
5296,40.0,23.3009053,5.9781913,3.6529242
5297,40.0,44.780782099999996,17.8701035,20.1626205
5298,50.0,63.6764161,35.1640766,15.8906331
5299,50.0,57.3834815,19.2301733,4.560333099999999
5300,50.0,32.0097582,11.0880961,9.9970149
5301,50.0,23.3009053,5.9781913,3.6529242
5302,50.0,44.780782099999996,17.8701035,20.1626205
5303,50.0,63.6764161,35.1640766,15.8906331
5304,10.0,57.3834815,19.2301733,4.560333099999999
5305,10.0,32.0097582,11.0880961,9.9970149
5306,10.0,23.3009053,5.9781913,3.6529242
5307,10.0,44.780782099999996,17.8701035,20.1626205
5308,10.0,63.6764161,35.1640766,15.8906331
5309,10.0,57.3834815,19.2301733,4.560333099999999
5310,0.0,32.0097582,11.0880961,9.9970149
5311,0.0,23.3009053,5.9781913,3.6529242
5312,0.0,44.780782099999996,17.8701035,20.1626205
5313,0.0,63.6764161,35.1640766,15.8906331
5314,0.0,57.3834815,19.2301733,4.560333099999999
5315,0.0,32.0097582,11.0880961,9.9970149
5316,30.0,23.3009053,5.9781913,3.6529242
5317,30.0,44.780782099999996,17.8701035,20.1626205
5318,30.0,63.6764161,35.1640766,15.8906331
5319,30.0,57.3834815,19.2301733,4.560333099999999
5320,30.0,32.0097582,11.0880961,9.9970149
5321,30.0,23.3009053,5.9781913,3.6529242
5322,20.0,44.780782099999996,17.8701035,20.1626205
5323,20.0,63.6764161,35.1640766,15.8906331
5324,20.0,57.3834815,19.2301733,4.560333099999999
5325,20.0,32.0097582,11.0880961,9.9970149
5326,20.0,23.3009053,5.9781913,3.6529242
5327,20.0,44.780782099999996,17.8701035,20.1626205
5328,40.0,63.6764161,35.1640766,15.8906331
5329,40.0,57.3834815,19.2301733,4.560333099999999
5330,40.0,32.0097582,11.0880961,9.9970149
5331,40.0,23.3009053,5.9781913,3.6529242
5332,40.0,44.780782099999996,17.8701035,20.1626205
5333,40.0,63.6764161,35.1640766,15.8906331
5334,50.0,57.3834815,19.2301733,4.560333099999999
5335,50.0,32.0097582,11.0880961,9.9970149
5336,50.0,23.3009053,5.9781913,3.6529242
5337,50.0,44.780782099999996,17.8701035,20.1626205
5338,50.0,63.6764161,35.1640766,15.8906331
5339,50.0,57.3834815,19.2301733,4.560333099999999
5340,10.0,32.0097582,11.0880961,9.9970149
5341,10.0,23.3009053,5.9781913,3.6529242
5342,10.0,44.780782099999996,17.8701035,20.1626205
5343,10.0,63.6764161,35.1640766,15.8906331
5344,10.0,57.3834815,19.2301733,4.560333099999999
5345,10.0,32.0097582,11.0880961,9.9970149
5346,0.0,23.3009053,5.9781913,3.6529242
5347,0.0,44.780782099999996,17.8701035,20.1626205
5348,0.0,63.6764161,35.1640766,15.8906331
5349,0.0,57.3834815,19.2301733,4.560333099999999
5350,0.0,32.0097582,11.0880961,9.9970149
5351,0.0,23.3009053,5.9781913,3.6529242
5352,30.0,44.780782099999996,17.8701035,20.1626205
5353,30.0,63.6764161,35.1640766,15.8906331
5354,30.0,57.3834815,19.2301733,4.560333099999999
5355,30.0,32.0097582,11.0880961,9.9970149
5356,30.0,23.3009053,5.9781913,3.6529242
5357,30.0,44.780782099999996,17.8701035,20.1626205
5358,20.0,63.6764161,35.1640766,15.8906331
5359,20.0,57.3834815,19.2301733,4.560333099999999
5360,20.0,32.0097582,11.0880961,9.9970149
5361,20.0,23.3009053,5.9781913,3.6529242
5362,20.0,44.780782099999996,17.8701035,20.1626205
5363,20.0,63.6764161,35.1640766,15.8906331
5364,40.0,57.3834815,19.2301733,4.560333099999999
5365,40.0,32.0097582,11.0880961,9.9970149
5366,40.0,23.3009053,5.9781913,3.6529242
5367,40.0,44.780782099999996,17.8701035,20.1626205
5368,40.0,63.6764161,35.1640766,15.8906331
5369,40.0,57.3834815,19.2301733,4.560333099999999
5370,50.0,32.0097582,11.0880961,9.9970149
5371,50.0,23.3009053,5.9781913,3.6529242
5372,50.0,44.780782099999996,17.8701035,20.1626205
5373,50.0,63.6764161,35.1640766,15.8906331
5374,50.0,57.3834815,19.2301733,4.560333099999999
5375,50.0,32.0097582,11.0880961,9.9970149
5376,10.0,23.3009053,5.9781913,3.6529242
5377,10.0,44.780782099999996,17.8701035,20.1626205
5378,10.0,63.6764161,35.1640766,15.8906331
5379,10.0,57.3834815,19.2301733,4.560333099999999
5380,10.0,32.0097582,11.0880961,9.9970149
5381,10.0,23.3009053,5.9781913,3.6529242
5382,0.0,44.780782099999996,17.8701035,20.1626205
5383,0.0,63.6764161,35.1640766,15.8906331
5384,0.0,57.3834815,19.2301733,4.560333099999999
5385,0.0,32.0097582,11.0880961,9.9970149
5386,0.0,23.3009053,5.9781913,3.6529242
5387,0.0,44.780782099999996,17.8701035,20.1626205
5388,30.0,63.6764161,35.1640766,15.8906331
5389,30.0,57.3834815,19.2301733,4.560333099999999
5390,30.0,32.0097582,11.0880961,9.9970149
5391,30.0,23.3009053,5.9781913,3.6529242
5392,30.0,44.780782099999996,17.8701035,20.1626205
5393,30.0,63.6764161,35.1640766,15.8906331
5394,20.0,57.3834815,19.2301733,4.560333099999999
5395,20.0,32.0097582,11.0880961,9.9970149
5396,20.0,23.3009053,5.9781913,3.6529242
5397,20.0,44.780782099999996,17.8701035,20.1626205
5398,20.0,63.6764161,35.1640766,15.8906331
5399,20.0,57.3834815,19.2301733,4.560333099999999
5400,40.0,51.415913700000004,22.395616800000003,6.3332711999999995
5401,40.0,32.513680099999995,13.9915686,8.7614421
5402,40.0,25.925752600000003,7.294911699999999,1.9185015
5403,40.0,30.458382899999997,5.424901,1.6625880999999998
5404,40.0,35.2194334,9.2893063,7.6462238000000005
5405,40.0,41.0117945,6.877662700000001,4.541817699999999
5406,50.0,48.353514600000004,26.0396647,12.9722122
5407,50.0,38.8777978,5.3481918,2.4207311
5408,50.0,39.9628571,13.9132114,7.3634989
5409,50.0,31.7794419,6.9063873,5.907160999999999
5410,50.0,55.918652800000004,14.8681484,3.9528119999999998
5411,50.0,53.44132700000001,11.3522439,2.8253299999999997
5412,10.0,24.5141571,7.7177831,21.8882941
5413,10.0,51.415913700000004,22.395616800000003,6.3332711999999995
5414,10.0,32.513680099999995,13.9915686,8.7614421
5415,10.0,25.925752600000003,7.294911699999999,1.9185015
5416,10.0,30.458382899999997,5.424901,1.6625880999999998
5417,10.0,35.2194334,9.2893063,7.6462238000000005
5418,0.0,41.0117945,6.877662700000001,4.541817699999999
5419,0.0,48.353514600000004,26.0396647,12.9722122
5420,0.0,38.8777978,5.3481918,2.4207311
5421,0.0,39.9628571,13.9132114,7.3634989
5422,0.0,31.7794419,6.9063873,5.907160999999999
5423,0.0,55.918652800000004,14.8681484,3.9528119999999998
5424,30.0,53.44132700000001,11.3522439,2.8253299999999997
5425,30.0,24.5141571,7.7177831,21.8882941
5426,30.0,51.415913700000004,22.395616800000003,6.3332711999999995
5427,30.0,32.513680099999995,13.9915686,8.7614421
5428,30.0,25.925752600000003,7.294911699999999,1.9185015
5429,30.0,30.458382899999997,5.424901,1.6625880999999998
5430,20.0,35.2194334,9.2893063,7.6462238000000005
5431,20.0,41.0117945,6.877662700000001,4.541817699999999
5432,20.0,48.353514600000004,26.0396647,12.9722122
5433,20.0,38.8777978,5.3481918,2.4207311
5434,20.0,39.9628571,13.9132114,7.3634989
5435,20.0,31.7794419,6.9063873,5.907160999999999
5436,40.0,55.918652800000004,14.8681484,3.9528119999999998
5437,40.0,53.44132700000001,11.3522439,2.8253299999999997
5438,40.0,24.5141571,7.7177831,21.8882941
5439,40.0,51.415913700000004,22.395616800000003,6.3332711999999995
5440,40.0,32.513680099999995,13.9915686,8.7614421
5441,40.0,25.925752600000003,7.294911699999999,1.9185015
5442,50.0,30.458382899999997,5.424901,1.6625880999999998
5443,50.0,35.2194334,9.2893063,7.6462238000000005
5444,50.0,41.0117945,6.877662700000001,4.541817699999999
5445,50.0,48.353514600000004,26.0396647,12.9722122
5446,50.0,38.8777978,5.3481918,2.4207311
5447,50.0,39.9628571,13.9132114,7.3634989
5448,10.0,31.7794419,6.9063873,5.907160999999999
5449,10.0,55.918652800000004,14.8681484,3.9528119999999998
5450,10.0,53.44132700000001,11.3522439,2.8253299999999997
5451,10.0,24.5141571,7.7177831,21.8882941
5452,10.0,51.415913700000004,22.395616800000003,6.3332711999999995
5453,10.0,32.513680099999995,13.9915686,8.7614421
5454,0.0,25.925752600000003,7.294911699999999,1.9185015
5455,0.0,30.458382899999997,5.424901,1.6625880999999998
5456,0.0,35.2194334,9.2893063,7.6462238000000005
5457,0.0,41.0117945,6.877662700000001,4.541817699999999
5458,0.0,48.353514600000004,26.0396647,12.9722122
5459,0.0,38.8777978,5.3481918,2.4207311
5460,30.0,39.9628571,13.9132114,7.3634989
5461,30.0,31.7794419,6.9063873,5.907160999999999
5462,30.0,55.918652800000004,14.8681484,3.9528119999999998
5463,30.0,53.44132700000001,11.3522439,2.8253299999999997
5464,30.0,24.5141571,7.7177831,21.8882941
5465,30.0,51.415913700000004,22.395616800000003,6.3332711999999995
5466,20.0,32.513680099999995,13.9915686,8.7614421
5467,20.0,25.925752600000003,7.294911699999999,1.9185015
5468,20.0,30.458382899999997,5.424901,1.6625880999999998
5469,20.0,35.2194334,9.2893063,7.6462238000000005
5470,20.0,41.0117945,6.877662700000001,4.541817699999999
5471,20.0,48.353514600000004,26.0396647,12.9722122
5472,40.0,38.8777978,5.3481918,2.4207311
5473,50.0,39.9628571,13.9132114,7.3634989
5474,10.0,31.7794419,6.9063873,5.907160999999999
5475,0.0,55.918652800000004,14.8681484,3.9528119999999998
5476,30.0,53.44132700000001,11.3522439,2.8253299999999997
5477,20.0,24.5141571,7.7177831,21.8882941
5478,40.0,51.415913700000004,22.395616800000003,6.3332711999999995
5479,50.0,32.513680099999995,13.9915686,8.7614421
5480,10.0,25.925752600000003,7.294911699999999,1.9185015
5481,0.0,30.458382899999997,5.424901,1.6625880999999998
5482,30.0,35.2194334,9.2893063,7.6462238000000005
5483,20.0,41.0117945,6.877662700000001,4.541817699999999
5484,40.0,48.353514600000004,26.0396647,12.9722122
5485,50.0,38.8777978,5.3481918,2.4207311
5486,10.0,39.9628571,13.9132114,7.3634989
5487,0.0,31.7794419,6.9063873,5.907160999999999
5488,30.0,55.918652800000004,14.8681484,3.9528119999999998
5489,20.0,53.44132700000001,11.3522439,2.8253299999999997
5490,40.0,24.5141571,7.7177831,21.8882941
5491,50.0,51.415913700000004,22.395616800000003,6.3332711999999995
5492,10.0,32.513680099999995,13.9915686,8.7614421
5493,0.0,25.925752600000003,7.294911699999999,1.9185015
5494,30.0,30.458382899999997,5.424901,1.6625880999999998
5495,20.0,35.2194334,9.2893063,7.6462238000000005
5496,40.0,41.0117945,6.877662700000001,4.541817699999999
5497,50.0,48.353514600000004,26.0396647,12.9722122
5498,10.0,38.8777978,5.3481918,2.4207311
5499,0.0,39.9628571,13.9132114,7.3634989
5500,30.0,31.7794419,6.9063873,5.907160999999999
5501,20.0,55.918652800000004,14.8681484,3.9528119999999998
5502,40.0,53.44132700000001,11.3522439,2.8253299999999997
5503,50.0,24.5141571,7.7177831,21.8882941
5504,10.0,51.415913700000004,22.395616800000003,6.3332711999999995
5505,0.0,32.513680099999995,13.9915686,8.7614421
5506,30.0,25.925752600000003,7.294911699999999,1.9185015
5507,20.0,30.458382899999997,5.424901,1.6625880999999998
5508,40.0,35.2194334,9.2893063,7.6462238000000005
5509,40.0,41.0117945,6.877662700000001,4.541817699999999
5510,40.0,48.353514600000004,26.0396647,12.9722122
5511,40.0,38.8777978,5.3481918,2.4207311
5512,40.0,39.9628571,13.9132114,7.3634989
5513,40.0,31.7794419,6.9063873,5.907160999999999
5514,50.0,55.918652800000004,14.8681484,3.9528119999999998
5515,50.0,53.44132700000001,11.3522439,2.8253299999999997
5516,50.0,24.5141571,7.7177831,21.8882941
5517,50.0,51.415913700000004,22.395616800000003,6.3332711999999995
5518,50.0,32.513680099999995,13.9915686,8.7614421
5519,50.0,25.925752600000003,7.294911699999999,1.9185015
5520,10.0,30.458382899999997,5.424901,1.6625880999999998
5521,10.0,35.2194334,9.2893063,7.6462238000000005
5522,10.0,41.0117945,6.877662700000001,4.541817699999999
5523,10.0,48.353514600000004,26.0396647,12.9722122
5524,10.0,38.8777978,5.3481918,2.4207311
5525,10.0,39.9628571,13.9132114,7.3634989
5526,0.0,31.7794419,6.9063873,5.907160999999999
5527,0.0,55.918652800000004,14.8681484,3.9528119999999998
5528,0.0,53.44132700000001,11.3522439,2.8253299999999997
5529,0.0,24.5141571,7.7177831,21.8882941
5530,0.0,51.415913700000004,22.395616800000003,6.3332711999999995
5531,0.0,32.513680099999995,13.9915686,8.7614421
5532,30.0,25.925752600000003,7.294911699999999,1.9185015
5533,30.0,30.458382899999997,5.424901,1.6625880999999998
5534,30.0,35.2194334,9.2893063,7.6462238000000005
5535,30.0,41.0117945,6.877662700000001,4.541817699999999
5536,30.0,48.353514600000004,26.0396647,12.9722122
5537,30.0,38.8777978,5.3481918,2.4207311
5538,20.0,39.9628571,13.9132114,7.3634989
5539,20.0,31.7794419,6.9063873,5.907160999999999
5540,20.0,55.918652800000004,14.8681484,3.9528119999999998
5541,20.0,53.44132700000001,11.3522439,2.8253299999999997
5542,20.0,24.5141571,7.7177831,21.8882941
5543,20.0,51.415913700000004,22.395616800000003,6.3332711999999995
5544,40.0,32.513680099999995,13.9915686,8.7614421
5545,40.0,25.925752600000003,7.294911699999999,1.9185015
5546,40.0,30.458382899999997,5.424901,1.6625880999999998
5547,40.0,35.2194334,9.2893063,7.6462238000000005
5548,40.0,41.0117945,6.877662700000001,4.541817699999999
5549,40.0,48.353514600000004,26.0396647,12.9722122
5550,50.0,38.8777978,5.3481918,2.4207311
5551,50.0,39.9628571,13.9132114,7.3634989
5552,50.0,31.7794419,6.9063873,5.907160999999999
5553,50.0,55.918652800000004,14.8681484,3.9528119999999998
5554,50.0,53.44132700000001,11.3522439,2.8253299999999997
5555,50.0,24.5141571,7.7177831,21.8882941
5556,10.0,51.415913700000004,22.395616800000003,6.3332711999999995
5557,10.0,32.513680099999995,13.9915686,8.7614421
5558,10.0,25.925752600000003,7.294911699999999,1.9185015
5559,10.0,30.458382899999997,5.424901,1.6625880999999998
5560,10.0,35.2194334,9.2893063,7.6462238000000005
5561,10.0,41.0117945,6.877662700000001,4.541817699999999
5562,0.0,48.353514600000004,26.0396647,12.9722122
5563,0.0,38.8777978,5.3481918,2.4207311
5564,0.0,39.9628571,13.9132114,7.3634989
5565,0.0,31.7794419,6.9063873,5.907160999999999
5566,0.0,55.918652800000004,14.8681484,3.9528119999999998
5567,0.0,53.44132700000001,11.3522439,2.8253299999999997
5568,30.0,24.5141571,7.7177831,21.8882941
5569,30.0,51.415913700000004,22.395616800000003,6.3332711999999995
5570,30.0,32.513680099999995,13.9915686,8.7614421
5571,30.0,25.925752600000003,7.294911699999999,1.9185015
5572,30.0,30.458382899999997,5.424901,1.6625880999999998
5573,30.0,35.2194334,9.2893063,7.6462238000000005
5574,20.0,41.0117945,6.877662700000001,4.541817699999999
5575,20.0,48.353514600000004,26.0396647,12.9722122
5576,20.0,38.8777978,5.3481918,2.4207311
5577,20.0,39.9628571,13.9132114,7.3634989
5578,20.0,31.7794419,6.9063873,5.907160999999999
5579,20.0,55.918652800000004,14.8681484,3.9528119999999998
5580,40.0,53.44132700000001,11.3522439,2.8253299999999997
5581,40.0,24.5141571,7.7177831,21.8882941
5582,40.0,51.415913700000004,22.395616800000003,6.3332711999999995
5583,40.0,32.513680099999995,13.9915686,8.7614421
5584,40.0,25.925752600000003,7.294911699999999,1.9185015
5585,40.0,30.458382899999997,5.424901,1.6625880999999998
5586,50.0,35.2194334,9.2893063,7.6462238000000005
5587,50.0,41.0117945,6.877662700000001,4.541817699999999
5588,50.0,48.353514600000004,26.0396647,12.9722122
5589,50.0,38.8777978,5.3481918,2.4207311
5590,50.0,39.9628571,13.9132114,7.3634989
5591,50.0,31.7794419,6.9063873,5.907160999999999
5592,10.0,55.918652800000004,14.8681484,3.9528119999999998
5593,10.0,53.44132700000001,11.3522439,2.8253299999999997
5594,10.0,24.5141571,7.7177831,21.8882941
5595,10.0,51.415913700000004,22.395616800000003,6.3332711999999995
5596,10.0,32.513680099999995,13.9915686,8.7614421
5597,10.0,25.925752600000003,7.294911699999999,1.9185015
5598,0.0,30.458382899999997,5.424901,1.6625880999999998
5599,0.0,35.2194334,9.2893063,7.6462238000000005
5600,0.0,41.0117945,6.877662700000001,4.541817699999999
5601,0.0,48.353514600000004,26.0396647,12.9722122
5602,0.0,38.8777978,5.3481918,2.4207311
5603,0.0,39.9628571,13.9132114,7.3634989
5604,30.0,31.7794419,6.9063873,5.907160999999999
5605,30.0,55.918652800000004,14.8681484,3.9528119999999998
5606,30.0,53.44132700000001,11.3522439,2.8253299999999997
5607,30.0,24.5141571,7.7177831,21.8882941
5608,30.0,51.415913700000004,22.395616800000003,6.3332711999999995
5609,30.0,32.513680099999995,13.9915686,8.7614421
5610,20.0,25.925752600000003,7.294911699999999,1.9185015
5611,20.0,30.458382899999997,5.424901,1.6625880999999998
5612,20.0,35.2194334,9.2893063,7.6462238000000005
5613,20.0,41.0117945,6.877662700000001,4.541817699999999
5614,20.0,48.353514600000004,26.0396647,12.9722122
5615,20.0,38.8777978,5.3481918,2.4207311
5616,40.0,39.9628571,13.9132114,7.3634989
5617,40.0,31.7794419,6.9063873,5.907160999999999
5618,40.0,55.918652800000004,14.8681484,3.9528119999999998
5619,40.0,53.44132700000001,11.3522439,2.8253299999999997
5620,40.0,24.5141571,7.7177831,21.8882941
5621,40.0,51.415913700000004,22.395616800000003,6.3332711999999995
5622,50.0,32.513680099999995,13.9915686,8.7614421
5623,50.0,25.925752600000003,7.294911699999999,1.9185015
5624,50.0,30.458382899999997,5.424901,1.6625880999999998
5625,50.0,35.2194334,9.2893063,7.6462238000000005
5626,50.0,41.0117945,6.877662700000001,4.541817699999999
5627,50.0,48.353514600000004,26.0396647,12.9722122
5628,10.0,38.8777978,5.3481918,2.4207311
5629,10.0,39.9628571,13.9132114,7.3634989
5630,10.0,31.7794419,6.9063873,5.907160999999999
5631,10.0,55.918652800000004,14.8681484,3.9528119999999998
5632,10.0,53.44132700000001,11.3522439,2.8253299999999997
5633,10.0,24.5141571,7.7177831,21.8882941
5634,0.0,51.415913700000004,22.395616800000003,6.3332711999999995
5635,0.0,32.513680099999995,13.9915686,8.7614421
5636,0.0,25.925752600000003,7.294911699999999,1.9185015
5637,0.0,30.458382899999997,5.424901,1.6625880999999998
5638,0.0,35.2194334,9.2893063,7.6462238000000005
5639,0.0,41.0117945,6.877662700000001,4.541817699999999
5640,30.0,48.353514600000004,26.0396647,12.9722122
5641,30.0,38.8777978,5.3481918,2.4207311
5642,30.0,39.9628571,13.9132114,7.3634989
5643,30.0,31.7794419,6.9063873,5.907160999999999
5644,30.0,55.918652800000004,14.8681484,3.9528119999999998
5645,30.0,53.44132700000001,11.3522439,2.8253299999999997
5646,20.0,24.5141571,7.7177831,21.8882941
5647,20.0,51.415913700000004,22.395616800000003,6.3332711999999995
5648,20.0,32.513680099999995,13.9915686,8.7614421
5649,20.0,25.925752600000003,7.294911699999999,1.9185015
5650,20.0,30.458382899999997,5.424901,1.6625880999999998
5651,20.0,35.2194334,9.2893063,7.6462238000000005
5652,40.0,41.0117945,6.877662700000001,4.541817699999999
5653,40.0,48.353514600000004,26.0396647,12.9722122
5654,40.0,38.8777978,5.3481918,2.4207311
5655,40.0,39.9628571,13.9132114,7.3634989
5656,40.0,31.7794419,6.9063873,5.907160999999999
5657,40.0,55.918652800000004,14.8681484,3.9528119999999998
5658,50.0,53.44132700000001,11.3522439,2.8253299999999997
5659,50.0,24.5141571,7.7177831,21.8882941
5660,50.0,51.415913700000004,22.395616800000003,6.3332711999999995
5661,50.0,32.513680099999995,13.9915686,8.7614421
5662,50.0,25.925752600000003,7.294911699999999,1.9185015
5663,50.0,30.458382899999997,5.424901,1.6625880999999998
5664,10.0,35.2194334,9.2893063,7.6462238000000005
5665,10.0,41.0117945,6.877662700000001,4.541817699999999
5666,10.0,48.353514600000004,26.0396647,12.9722122
5667,10.0,38.8777978,5.3481918,2.4207311
5668,10.0,39.9628571,13.9132114,7.3634989
5669,10.0,31.7794419,6.9063873,5.907160999999999
5670,0.0,55.918652800000004,14.8681484,3.9528119999999998
5671,0.0,53.44132700000001,11.3522439,2.8253299999999997
5672,0.0,24.5141571,7.7177831,21.8882941
5673,0.0,51.415913700000004,22.395616800000003,6.3332711999999995
5674,0.0,32.513680099999995,13.9915686,8.7614421
5675,0.0,25.925752600000003,7.294911699999999,1.9185015
5676,30.0,30.458382899999997,5.424901,1.6625880999999998
5677,30.0,35.2194334,9.2893063,7.6462238000000005
5678,30.0,41.0117945,6.877662700000001,4.541817699999999
5679,30.0,48.353514600000004,26.0396647,12.9722122
5680,30.0,38.8777978,5.3481918,2.4207311
5681,30.0,39.9628571,13.9132114,7.3634989
5682,20.0,31.7794419,6.9063873,5.907160999999999
5683,20.0,55.918652800000004,14.8681484,3.9528119999999998
5684,20.0,53.44132700000001,11.3522439,2.8253299999999997
5685,20.0,24.5141571,7.7177831,21.8882941
5686,20.0,51.415913700000004,22.395616800000003,6.3332711999999995
5687,20.0,32.513680099999995,13.9915686,8.7614421
5688,40.0,25.925752600000003,7.294911699999999,1.9185015
5689,40.0,30.458382899999997,5.424901,1.6625880999999998
5690,40.0,35.2194334,9.2893063,7.6462238000000005
5691,40.0,41.0117945,6.877662700000001,4.541817699999999
5692,40.0,48.353514600000004,26.0396647,12.9722122
5693,40.0,38.8777978,5.3481918,2.4207311
5694,50.0,39.9628571,13.9132114,7.3634989
5695,50.0,31.7794419,6.9063873,5.907160999999999
5696,50.0,55.918652800000004,14.8681484,3.9528119999999998
5697,50.0,53.44132700000001,11.3522439,2.8253299999999997
5698,50.0,24.5141571,7.7177831,21.8882941
5699,50.0,51.415913700000004,22.395616800000003,6.3332711999999995
5700,10.0,32.513680099999995,13.9915686,8.7614421
5701,10.0,25.925752600000003,7.294911699999999,1.9185015
5702,10.0,30.458382899999997,5.424901,1.6625880999999998
5703,10.0,35.2194334,9.2893063,7.6462238000000005
5704,10.0,41.0117945,6.877662700000001,4.541817699999999
5705,10.0,48.353514600000004,26.0396647,12.9722122
5706,0.0,38.8777978,5.3481918,2.4207311
5707,0.0,39.9628571,13.9132114,7.3634989
5708,0.0,31.7794419,6.9063873,5.907160999999999
5709,0.0,55.918652800000004,14.8681484,3.9528119999999998
5710,0.0,53.44132700000001,11.3522439,2.8253299999999997
5711,0.0,24.5141571,7.7177831,21.8882941
5712,30.0,51.415913700000004,22.395616800000003,6.3332711999999995
5713,30.0,32.513680099999995,13.9915686,8.7614421
5714,30.0,25.925752600000003,7.294911699999999,1.9185015
5715,30.0,30.458382899999997,5.424901,1.6625880999999998
5716,30.0,35.2194334,9.2893063,7.6462238000000005
5717,30.0,41.0117945,6.877662700000001,4.541817699999999
5718,20.0,48.353514600000004,26.0396647,12.9722122
5719,20.0,38.8777978,5.3481918,2.4207311
5720,20.0,39.9628571,13.9132114,7.3634989
5721,20.0,31.7794419,6.9063873,5.907160999999999
5722,20.0,55.918652800000004,14.8681484,3.9528119999999998
5723,20.0,53.44132700000001,11.3522439,2.8253299999999997
5724,40.0,24.5141571,7.7177831,21.8882941
5725,40.0,51.415913700000004,22.395616800000003,6.3332711999999995
5726,40.0,32.513680099999995,13.9915686,8.7614421
5727,40.0,25.925752600000003,7.294911699999999,1.9185015
5728,40.0,30.458382899999997,5.424901,1.6625880999999998
5729,40.0,35.2194334,9.2893063,7.6462238000000005
5730,50.0,41.0117945,6.877662700000001,4.541817699999999
5731,50.0,48.353514600000004,26.0396647,12.9722122
5732,50.0,38.8777978,5.3481918,2.4207311
5733,50.0,39.9628571,13.9132114,7.3634989
5734,50.0,31.7794419,6.9063873,5.907160999999999
5735,50.0,55.918652800000004,14.8681484,3.9528119999999998
5736,10.0,53.44132700000001,11.3522439,2.8253299999999997
5737,10.0,24.5141571,7.7177831,21.8882941
5738,10.0,51.415913700000004,22.395616800000003,6.3332711999999995
5739,10.0,32.513680099999995,13.9915686,8.7614421
5740,10.0,25.925752600000003,7.294911699999999,1.9185015
5741,10.0,30.458382899999997,5.424901,1.6625880999999998
5742,0.0,35.2194334,9.2893063,7.6462238000000005
5743,0.0,41.0117945,6.877662700000001,4.541817699999999
5744,0.0,48.353514600000004,26.0396647,12.9722122
5745,0.0,38.8777978,5.3481918,2.4207311
5746,0.0,39.9628571,13.9132114,7.3634989
5747,0.0,31.7794419,6.9063873,5.907160999999999
5748,30.0,55.918652800000004,14.8681484,3.9528119999999998
5749,30.0,53.44132700000001,11.3522439,2.8253299999999997
5750,30.0,24.5141571,7.7177831,21.8882941
5751,30.0,51.415913700000004,22.395616800000003,6.3332711999999995
5752,30.0,32.513680099999995,13.9915686,8.7614421
5753,30.0,25.925752600000003,7.294911699999999,1.9185015
5754,20.0,30.458382899999997,5.424901,1.6625880999999998
5755,20.0,35.2194334,9.2893063,7.6462238000000005
5756,20.0,41.0117945,6.877662700000001,4.541817699999999
5757,20.0,48.353514600000004,26.0396647,12.9722122
5758,20.0,38.8777978,5.3481918,2.4207311
5759,20.0,39.9628571,13.9132114,7.3634989
5760,40.0,31.7794419,6.9063873,5.907160999999999
5761,40.0,55.918652800000004,14.8681484,3.9528119999999998
5762,40.0,53.44132700000001,11.3522439,2.8253299999999997
5763,40.0,24.5141571,7.7177831,21.8882941
5764,40.0,51.415913700000004,22.395616800000003,6.3332711999999995
5765,40.0,32.513680099999995,13.9915686,8.7614421
5766,50.0,25.925752600000003,7.294911699999999,1.9185015
5767,50.0,30.458382899999997,5.424901,1.6625880999999998
5768,50.0,35.2194334,9.2893063,7.6462238000000005
5769,50.0,41.0117945,6.877662700000001,4.541817699999999
5770,50.0,48.353514600000004,26.0396647,12.9722122
5771,50.0,38.8777978,5.3481918,2.4207311
5772,10.0,39.9628571,13.9132114,7.3634989
5773,10.0,31.7794419,6.9063873,5.907160999999999
5774,10.0,55.918652800000004,14.8681484,3.9528119999999998
5775,10.0,53.44132700000001,11.3522439,2.8253299999999997
5776,10.0,24.5141571,7.7177831,21.8882941
5777,10.0,51.415913700000004,22.395616800000003,6.3332711999999995
5778,0.0,32.513680099999995,13.9915686,8.7614421
5779,0.0,25.925752600000003,7.294911699999999,1.9185015
5780,0.0,30.458382899999997,5.424901,1.6625880999999998
5781,0.0,35.2194334,9.2893063,7.6462238000000005
5782,0.0,41.0117945,6.877662700000001,4.541817699999999
5783,0.0,48.353514600000004,26.0396647,12.9722122
5784,30.0,38.8777978,5.3481918,2.4207311
5785,30.0,39.9628571,13.9132114,7.3634989
5786,30.0,31.7794419,6.9063873,5.907160999999999
5787,30.0,55.918652800000004,14.8681484,3.9528119999999998
5788,30.0,53.44132700000001,11.3522439,2.8253299999999997
5789,30.0,24.5141571,7.7177831,21.8882941
5790,20.0,51.415913700000004,22.395616800000003,6.3332711999999995
5791,20.0,32.513680099999995,13.9915686,8.7614421
5792,20.0,25.925752600000003,7.294911699999999,1.9185015
5793,20.0,30.458382899999997,5.424901,1.6625880999999998
5794,20.0,35.2194334,9.2893063,7.6462238000000005
5795,20.0,41.0117945,6.877662700000001,4.541817699999999
5796,40.0,48.353514600000004,26.0396647,12.9722122
5797,40.0,38.8777978,5.3481918,2.4207311
5798,40.0,39.9628571,13.9132114,7.3634989
5799,40.0,31.7794419,6.9063873,5.907160999999999
5800,40.0,55.918652800000004,14.8681484,3.9528119999999998
5801,40.0,53.44132700000001,11.3522439,2.8253299999999997
5802,50.0,24.5141571,7.7177831,21.8882941
5803,50.0,51.415913700000004,22.395616800000003,6.3332711999999995
5804,50.0,32.513680099999995,13.9915686,8.7614421
5805,50.0,25.925752600000003,7.294911699999999,1.9185015
5806,50.0,30.458382899999997,5.424901,1.6625880999999998
5807,50.0,35.2194334,9.2893063,7.6462238000000005
5808,10.0,41.0117945,6.877662700000001,4.541817699999999
5809,10.0,48.353514600000004,26.0396647,12.9722122
5810,10.0,38.8777978,5.3481918,2.4207311
5811,10.0,39.9628571,13.9132114,7.3634989
5812,10.0,31.7794419,6.9063873,5.907160999999999
5813,10.0,55.918652800000004,14.8681484,3.9528119999999998
5814,0.0,53.44132700000001,11.3522439,2.8253299999999997
5815,0.0,24.5141571,7.7177831,21.8882941
5816,0.0,51.415913700000004,22.395616800000003,6.3332711999999995
5817,0.0,32.513680099999995,13.9915686,8.7614421
5818,0.0,25.925752600000003,7.294911699999999,1.9185015
5819,0.0,30.458382899999997,5.424901,1.6625880999999998
5820,30.0,35.2194334,9.2893063,7.6462238000000005
5821,30.0,41.0117945,6.877662700000001,4.541817699999999
5822,30.0,48.353514600000004,26.0396647,12.9722122
5823,30.0,38.8777978,5.3481918,2.4207311
5824,30.0,39.9628571,13.9132114,7.3634989
5825,30.0,31.7794419,6.9063873,5.907160999999999
5826,20.0,55.918652800000004,14.8681484,3.9528119999999998
5827,20.0,53.44132700000001,11.3522439,2.8253299999999997
5828,20.0,24.5141571,7.7177831,21.8882941
5829,20.0,51.415913700000004,22.395616800000003,6.3332711999999995
5830,20.0,32.513680099999995,13.9915686,8.7614421
5831,20.0,25.925752600000003,7.294911699999999,1.9185015
5832,40.0,30.458382899999997,5.424901,1.6625880999999998
5833,40.0,35.2194334,9.2893063,7.6462238000000005
5834,40.0,41.0117945,6.877662700000001,4.541817699999999
5835,40.0,48.353514600000004,26.0396647,12.9722122
5836,40.0,38.8777978,5.3481918,2.4207311
5837,40.0,39.9628571,13.9132114,7.3634989
5838,50.0,31.7794419,6.9063873,5.907160999999999
5839,50.0,55.918652800000004,14.8681484,3.9528119999999998
5840,50.0,53.44132700000001,11.3522439,2.8253299999999997
5841,50.0,24.5141571,7.7177831,21.8882941
5842,50.0,51.415913700000004,22.395616800000003,6.3332711999999995
5843,50.0,32.513680099999995,13.9915686,8.7614421
5844,10.0,25.925752600000003,7.294911699999999,1.9185015
5845,10.0,30.458382899999997,5.424901,1.6625880999999998
5846,10.0,35.2194334,9.2893063,7.6462238000000005
5847,10.0,41.0117945,6.877662700000001,4.541817699999999
5848,10.0,48.353514600000004,26.0396647,12.9722122
5849,10.0,38.8777978,5.3481918,2.4207311
5850,0.0,39.9628571,13.9132114,7.3634989
5851,0.0,31.7794419,6.9063873,5.907160999999999
5852,0.0,55.918652800000004,14.8681484,3.9528119999999998
5853,0.0,53.44132700000001,11.3522439,2.8253299999999997
5854,0.0,24.5141571,7.7177831,21.8882941
5855,0.0,51.415913700000004,22.395616800000003,6.3332711999999995
5856,30.0,32.513680099999995,13.9915686,8.7614421
5857,30.0,25.925752600000003,7.294911699999999,1.9185015
5858,30.0,30.458382899999997,5.424901,1.6625880999999998
5859,30.0,35.2194334,9.2893063,7.6462238000000005
5860,30.0,41.0117945,6.877662700000001,4.541817699999999
5861,30.0,48.353514600000004,26.0396647,12.9722122
5862,20.0,38.8777978,5.3481918,2.4207311
5863,20.0,39.9628571,13.9132114,7.3634989
5864,20.0,31.7794419,6.9063873,5.907160999999999
5865,20.0,55.918652800000004,14.8681484,3.9528119999999998
5866,20.0,53.44132700000001,11.3522439,2.8253299999999997
5867,20.0,24.5141571,7.7177831,21.8882941
5868,40.0,51.415913700000004,22.395616800000003,6.3332711999999995
5869,40.0,32.513680099999995,13.9915686,8.7614421
5870,40.0,25.925752600000003,7.294911699999999,1.9185015
5871,40.0,30.458382899999997,5.424901,1.6625880999999998
5872,40.0,35.2194334,9.2893063,7.6462238000000005
5873,40.0,41.0117945,6.877662700000001,4.541817699999999
5874,50.0,48.353514600000004,26.0396647,12.9722122
5875,50.0,38.8777978,5.3481918,2.4207311
5876,50.0,39.9628571,13.9132114,7.3634989
5877,50.0,31.7794419,6.9063873,5.907160999999999
5878,50.0,55.918652800000004,14.8681484,3.9528119999999998
5879,50.0,53.44132700000001,11.3522439,2.8253299999999997
5880,10.0,24.5141571,7.7177831,21.8882941
5881,10.0,51.415913700000004,22.395616800000003,6.3332711999999995
5882,10.0,32.513680099999995,13.9915686,8.7614421
5883,10.0,25.925752600000003,7.294911699999999,1.9185015
5884,10.0,30.458382899999997,5.424901,1.6625880999999998
5885,10.0,35.2194334,9.2893063,7.6462238000000005
5886,0.0,41.0117945,6.877662700000001,4.541817699999999
5887,0.0,48.353514600000004,26.0396647,12.9722122
5888,0.0,38.8777978,5.3481918,2.4207311
5889,0.0,39.9628571,13.9132114,7.3634989
5890,0.0,31.7794419,6.9063873,5.907160999999999
5891,0.0,55.918652800000004,14.8681484,3.9528119999999998
5892,30.0,53.44132700000001,11.3522439,2.8253299999999997
5893,30.0,24.5141571,7.7177831,21.8882941
5894,30.0,51.415913700000004,22.395616800000003,6.3332711999999995
5895,30.0,32.513680099999995,13.9915686,8.7614421
5896,30.0,25.925752600000003,7.294911699999999,1.9185015
5897,30.0,30.458382899999997,5.424901,1.6625880999999998
5898,20.0,35.2194334,9.2893063,7.6462238000000005
5899,20.0,41.0117945,6.877662700000001,4.541817699999999
5900,20.0,48.353514600000004,26.0396647,12.9722122
5901,20.0,38.8777978,5.3481918,2.4207311
5902,20.0,39.9628571,13.9132114,7.3634989
5903,20.0,31.7794419,6.9063873,5.907160999999999
5904,40.0,55.918652800000004,14.8681484,3.9528119999999998
5905,40.0,53.44132700000001,11.3522439,2.8253299999999997
5906,40.0,24.5141571,7.7177831,21.8882941
5907,40.0,51.415913700000004,22.395616800000003,6.3332711999999995
5908,40.0,32.513680099999995,13.9915686,8.7614421
5909,40.0,25.925752600000003,7.294911699999999,1.9185015
5910,50.0,30.458382899999997,5.424901,1.6625880999999998
5911,50.0,35.2194334,9.2893063,7.6462238000000005
5912,50.0,41.0117945,6.877662700000001,4.541817699999999
5913,50.0,48.353514600000004,26.0396647,12.9722122
5914,50.0,38.8777978,5.3481918,2.4207311
5915,50.0,39.9628571,13.9132114,7.3634989
5916,10.0,31.7794419,6.9063873,5.907160999999999
5917,10.0,55.918652800000004,14.8681484,3.9528119999999998
5918,10.0,53.44132700000001,11.3522439,2.8253299999999997
5919,10.0,24.5141571,7.7177831,21.8882941
5920,10.0,51.415913700000004,22.395616800000003,6.3332711999999995
5921,10.0,32.513680099999995,13.9915686,8.7614421
5922,0.0,25.925752600000003,7.294911699999999,1.9185015
5923,0.0,30.458382899999997,5.424901,1.6625880999999998
5924,0.0,35.2194334,9.2893063,7.6462238000000005
5925,0.0,41.0117945,6.877662700000001,4.541817699999999
5926,0.0,48.353514600000004,26.0396647,12.9722122
5927,0.0,38.8777978,5.3481918,2.4207311
5928,30.0,39.9628571,13.9132114,7.3634989
5929,30.0,31.7794419,6.9063873,5.907160999999999
5930,30.0,55.918652800000004,14.8681484,3.9528119999999998
5931,30.0,53.44132700000001,11.3522439,2.8253299999999997
5932,30.0,24.5141571,7.7177831,21.8882941
5933,30.0,51.415913700000004,22.395616800000003,6.3332711999999995
5934,20.0,32.513680099999995,13.9915686,8.7614421
5935,20.0,25.925752600000003,7.294911699999999,1.9185015
5936,20.0,30.458382899999997,5.424901,1.6625880999999998
5937,20.0,35.2194334,9.2893063,7.6462238000000005
5938,20.0,41.0117945,6.877662700000001,4.541817699999999
5939,20.0,48.353514600000004,26.0396647,12.9722122
5940,40.0,35.5428862,12.0480372,13.1658596
5941,40.0,14.347074800000001,9.4719829,23.715738
5942,40.0,25.6003745,4.7177159,5.9810871
5943,40.0,40.7286403,12.4521623,9.082996
5944,40.0,33.0186258,7.106308899999999,16.280556299999997
5945,40.0,25.723491199999998,9.7903867,5.230054
5946,50.0,59.4134129,10.872449300000001,7.883976700000001
5947,50.0,35.5428862,12.0480372,13.1658596
5948,50.0,14.347074800000001,9.4719829,23.715738
5949,50.0,25.6003745,4.7177159,5.9810871
5950,50.0,40.7286403,12.4521623,9.082996
5951,50.0,33.0186258,7.106308899999999,16.280556299999997
5952,10.0,25.723491199999998,9.7903867,5.230054
5953,10.0,59.4134129,10.872449300000001,7.883976700000001
5954,10.0,35.5428862,12.0480372,13.1658596
5955,10.0,14.347074800000001,9.4719829,23.715738
5956,10.0,25.6003745,4.7177159,5.9810871
5957,10.0,40.7286403,12.4521623,9.082996
5958,0.0,33.0186258,7.106308899999999,16.280556299999997
5959,0.0,25.723491199999998,9.7903867,5.230054
5960,0.0,59.4134129,10.872449300000001,7.883976700000001
5961,0.0,35.5428862,12.0480372,13.1658596
5962,0.0,14.347074800000001,9.4719829,23.715738
5963,0.0,25.6003745,4.7177159,5.9810871
5964,30.0,40.7286403,12.4521623,9.082996
5965,30.0,33.0186258,7.106308899999999,16.280556299999997
5966,30.0,25.723491199999998,9.7903867,5.230054
5967,30.0,59.4134129,10.872449300000001,7.883976700000001
5968,30.0,35.5428862,12.0480372,13.1658596
5969,30.0,14.347074800000001,9.4719829,23.715738
5970,20.0,25.6003745,4.7177159,5.9810871
5971,20.0,40.7286403,12.4521623,9.082996
5972,20.0,33.0186258,7.106308899999999,16.280556299999997
5973,20.0,25.723491199999998,9.7903867,5.230054
5974,20.0,59.4134129,10.872449300000001,7.883976700000001
5975,20.0,35.5428862,12.0480372,13.1658596
5976,40.0,14.347074800000001,9.4719829,23.715738
5977,50.0,25.6003745,4.7177159,5.9810871
5978,10.0,40.7286403,12.4521623,9.082996
5979,0.0,33.0186258,7.106308899999999,16.280556299999997
5980,30.0,25.723491199999998,9.7903867,5.230054
5981,20.0,59.4134129,10.872449300000001,7.883976700000001
5982,40.0,35.5428862,12.0480372,13.1658596
5983,50.0,14.347074800000001,9.4719829,23.715738
5984,10.0,25.6003745,4.7177159,5.9810871
5985,0.0,40.7286403,12.4521623,9.082996
5986,30.0,33.0186258,7.106308899999999,16.280556299999997
5987,20.0,25.723491199999998,9.7903867,5.230054
5988,40.0,59.4134129,10.872449300000001,7.883976700000001
5989,50.0,35.5428862,12.0480372,13.1658596
5990,10.0,14.347074800000001,9.4719829,23.715738
5991,0.0,25.6003745,4.7177159,5.9810871
5992,30.0,40.7286403,12.4521623,9.082996
5993,20.0,33.0186258,7.106308899999999,16.280556299999997
5994,40.0,25.723491199999998,9.7903867,5.230054
5995,50.0,59.4134129,10.872449300000001,7.883976700000001
5996,10.0,35.5428862,12.0480372,13.1658596
5997,0.0,14.347074800000001,9.4719829,23.715738
5998,30.0,25.6003745,4.7177159,5.9810871
5999,20.0,40.7286403,12.4521623,9.082996
6000,40.0,33.0186258,7.106308899999999,16.280556299999997
6001,50.0,25.723491199999998,9.7903867,5.230054
6002,10.0,59.4134129,10.872449300000001,7.883976700000001
6003,0.0,35.5428862,12.0480372,13.1658596
6004,30.0,14.347074800000001,9.4719829,23.715738
6005,20.0,25.6003745,4.7177159,5.9810871
6006,40.0,40.7286403,12.4521623,9.082996
6007,50.0,33.0186258,7.106308899999999,16.280556299999997
6008,10.0,25.723491199999998,9.7903867,5.230054
6009,0.0,59.4134129,10.872449300000001,7.883976700000001
6010,30.0,35.5428862,12.0480372,13.1658596
6011,20.0,14.347074800000001,9.4719829,23.715738
6012,40.0,25.6003745,4.7177159,5.9810871
6013,40.0,40.7286403,12.4521623,9.082996
6014,40.0,33.0186258,7.106308899999999,16.280556299999997
6015,40.0,25.723491199999998,9.7903867,5.230054
6016,40.0,59.4134129,10.872449300000001,7.883976700000001
6017,40.0,35.5428862,12.0480372,13.1658596
6018,50.0,14.347074800000001,9.4719829,23.715738
6019,50.0,25.6003745,4.7177159,5.9810871
6020,50.0,40.7286403,12.4521623,9.082996
6021,50.0,33.0186258,7.106308899999999,16.280556299999997
6022,50.0,25.723491199999998,9.7903867,5.230054
6023,50.0,59.4134129,10.872449300000001,7.883976700000001
6024,10.0,35.5428862,12.0480372,13.1658596
6025,10.0,14.347074800000001,9.4719829,23.715738
6026,10.0,25.6003745,4.7177159,5.9810871
6027,10.0,40.7286403,12.4521623,9.082996
6028,10.0,33.0186258,7.106308899999999,16.280556299999997
6029,10.0,25.723491199999998,9.7903867,5.230054
6030,0.0,59.4134129,10.872449300000001,7.883976700000001
6031,0.0,35.5428862,12.0480372,13.1658596
6032,0.0,14.347074800000001,9.4719829,23.715738
6033,0.0,25.6003745,4.7177159,5.9810871
6034,0.0,40.7286403,12.4521623,9.082996
6035,0.0,33.0186258,7.106308899999999,16.280556299999997
6036,30.0,25.723491199999998,9.7903867,5.230054
6037,30.0,59.4134129,10.872449300000001,7.883976700000001
6038,30.0,35.5428862,12.0480372,13.1658596
6039,30.0,14.347074800000001,9.4719829,23.715738
6040,30.0,25.6003745,4.7177159,5.9810871
6041,30.0,40.7286403,12.4521623,9.082996
6042,20.0,33.0186258,7.106308899999999,16.280556299999997
6043,20.0,25.723491199999998,9.7903867,5.230054
6044,20.0,59.4134129,10.872449300000001,7.883976700000001
6045,20.0,35.5428862,12.0480372,13.1658596
6046,20.0,14.347074800000001,9.4719829,23.715738
6047,20.0,25.6003745,4.7177159,5.9810871
6048,40.0,40.7286403,12.4521623,9.082996
6049,40.0,33.0186258,7.106308899999999,16.280556299999997
6050,40.0,25.723491199999998,9.7903867,5.230054
6051,40.0,59.4134129,10.872449300000001,7.883976700000001
6052,40.0,35.5428862,12.0480372,13.1658596
6053,40.0,14.347074800000001,9.4719829,23.715738
6054,50.0,25.6003745,4.7177159,5.9810871
6055,50.0,40.7286403,12.4521623,9.082996
6056,50.0,33.0186258,7.106308899999999,16.280556299999997
6057,50.0,25.723491199999998,9.7903867,5.230054
6058,50.0,59.4134129,10.872449300000001,7.883976700000001
6059,50.0,35.5428862,12.0480372,13.1658596
6060,10.0,14.347074800000001,9.4719829,23.715738
6061,10.0,25.6003745,4.7177159,5.9810871
6062,10.0,40.7286403,12.4521623,9.082996
6063,10.0,33.0186258,7.106308899999999,16.280556299999997
6064,10.0,25.723491199999998,9.7903867,5.230054
6065,10.0,59.4134129,10.872449300000001,7.883976700000001
6066,0.0,35.5428862,12.0480372,13.1658596
6067,0.0,14.347074800000001,9.4719829,23.715738
6068,0.0,25.6003745,4.7177159,5.9810871
6069,0.0,40.7286403,12.4521623,9.082996
6070,0.0,33.0186258,7.106308899999999,16.280556299999997
6071,0.0,25.723491199999998,9.7903867,5.230054
6072,30.0,59.4134129,10.872449300000001,7.883976700000001
6073,30.0,35.5428862,12.0480372,13.1658596
6074,30.0,14.347074800000001,9.4719829,23.715738
6075,30.0,25.6003745,4.7177159,5.9810871
6076,30.0,40.7286403,12.4521623,9.082996
6077,30.0,33.0186258,7.106308899999999,16.280556299999997
6078,20.0,25.723491199999998,9.7903867,5.230054
6079,20.0,59.4134129,10.872449300000001,7.883976700000001
6080,20.0,35.5428862,12.0480372,13.1658596
6081,20.0,14.347074800000001,9.4719829,23.715738
6082,20.0,25.6003745,4.7177159,5.9810871
6083,20.0,40.7286403,12.4521623,9.082996
6084,40.0,33.0186258,7.106308899999999,16.280556299999997
6085,40.0,25.723491199999998,9.7903867,5.230054
6086,40.0,59.4134129,10.872449300000001,7.883976700000001
6087,40.0,35.5428862,12.0480372,13.1658596
6088,40.0,14.347074800000001,9.4719829,23.715738
6089,40.0,25.6003745,4.7177159,5.9810871
6090,50.0,40.7286403,12.4521623,9.082996
6091,50.0,33.0186258,7.106308899999999,16.280556299999997
6092,50.0,25.723491199999998,9.7903867,5.230054
6093,50.0,59.4134129,10.872449300000001,7.883976700000001
6094,50.0,35.5428862,12.0480372,13.1658596
6095,50.0,14.347074800000001,9.4719829,23.715738
6096,10.0,25.6003745,4.7177159,5.9810871
6097,10.0,40.7286403,12.4521623,9.082996
6098,10.0,33.0186258,7.106308899999999,16.280556299999997
6099,10.0,25.723491199999998,9.7903867,5.230054
6100,10.0,59.4134129,10.872449300000001,7.883976700000001
6101,10.0,35.5428862,12.0480372,13.1658596
6102,0.0,14.347074800000001,9.4719829,23.715738
6103,0.0,25.6003745,4.7177159,5.9810871
6104,0.0,40.7286403,12.4521623,9.082996
6105,0.0,33.0186258,7.106308899999999,16.280556299999997
6106,0.0,25.723491199999998,9.7903867,5.230054
6107,0.0,59.4134129,10.872449300000001,7.883976700000001
6108,30.0,35.5428862,12.0480372,13.1658596
6109,30.0,14.347074800000001,9.4719829,23.715738
6110,30.0,25.6003745,4.7177159,5.9810871
6111,30.0,40.7286403,12.4521623,9.082996
6112,30.0,33.0186258,7.106308899999999,16.280556299999997
6113,30.0,25.723491199999998,9.7903867,5.230054
6114,20.0,59.4134129,10.872449300000001,7.883976700000001
6115,20.0,35.5428862,12.0480372,13.1658596
6116,20.0,14.347074800000001,9.4719829,23.715738
6117,20.0,25.6003745,4.7177159,5.9810871
6118,20.0,40.7286403,12.4521623,9.082996
6119,20.0,33.0186258,7.106308899999999,16.280556299999997
6120,40.0,25.723491199999998,9.7903867,5.230054
6121,40.0,59.4134129,10.872449300000001,7.883976700000001
6122,40.0,35.5428862,12.0480372,13.1658596
6123,40.0,14.347074800000001,9.4719829,23.715738
6124,40.0,25.6003745,4.7177159,5.9810871
6125,40.0,40.7286403,12.4521623,9.082996
6126,50.0,33.0186258,7.106308899999999,16.280556299999997
6127,50.0,25.723491199999998,9.7903867,5.230054
6128,50.0,59.4134129,10.872449300000001,7.883976700000001
6129,50.0,35.5428862,12.0480372,13.1658596
6130,50.0,14.347074800000001,9.4719829,23.715738
6131,50.0,25.6003745,4.7177159,5.9810871
6132,10.0,40.7286403,12.4521623,9.082996
6133,10.0,33.0186258,7.106308899999999,16.280556299999997
6134,10.0,25.723491199999998,9.7903867,5.230054
6135,10.0,59.4134129,10.872449300000001,7.883976700000001
6136,10.0,35.5428862,12.0480372,13.1658596
6137,10.0,14.347074800000001,9.4719829,23.715738
6138,0.0,25.6003745,4.7177159,5.9810871
6139,0.0,40.7286403,12.4521623,9.082996
6140,0.0,33.0186258,7.106308899999999,16.280556299999997
6141,0.0,25.723491199999998,9.7903867,5.230054
6142,0.0,59.4134129,10.872449300000001,7.883976700000001
6143,0.0,35.5428862,12.0480372,13.1658596
6144,30.0,14.347074800000001,9.4719829,23.715738
6145,30.0,25.6003745,4.7177159,5.9810871
6146,30.0,40.7286403,12.4521623,9.082996
6147,30.0,33.0186258,7.106308899999999,16.280556299999997
6148,30.0,25.723491199999998,9.7903867,5.230054
6149,30.0,59.4134129,10.872449300000001,7.883976700000001
6150,20.0,35.5428862,12.0480372,13.1658596
6151,20.0,14.347074800000001,9.4719829,23.715738
6152,20.0,25.6003745,4.7177159,5.9810871
6153,20.0,40.7286403,12.4521623,9.082996
6154,20.0,33.0186258,7.106308899999999,16.280556299999997
6155,20.0,25.723491199999998,9.7903867,5.230054
6156,40.0,59.4134129,10.872449300000001,7.883976700000001
6157,40.0,35.5428862,12.0480372,13.1658596
6158,40.0,14.347074800000001,9.4719829,23.715738
6159,40.0,25.6003745,4.7177159,5.9810871
6160,40.0,40.7286403,12.4521623,9.082996
6161,40.0,33.0186258,7.106308899999999,16.280556299999997
6162,50.0,25.723491199999998,9.7903867,5.230054
6163,50.0,59.4134129,10.872449300000001,7.883976700000001
6164,50.0,35.5428862,12.0480372,13.1658596
6165,50.0,14.347074800000001,9.4719829,23.715738
6166,50.0,25.6003745,4.7177159,5.9810871
6167,50.0,40.7286403,12.4521623,9.082996
6168,10.0,33.0186258,7.106308899999999,16.280556299999997
6169,10.0,25.723491199999998,9.7903867,5.230054
6170,10.0,59.4134129,10.872449300000001,7.883976700000001
6171,10.0,35.5428862,12.0480372,13.1658596
6172,10.0,14.347074800000001,9.4719829,23.715738
6173,10.0,25.6003745,4.7177159,5.9810871
6174,0.0,40.7286403,12.4521623,9.082996
6175,0.0,33.0186258,7.106308899999999,16.280556299999997
6176,0.0,25.723491199999998,9.7903867,5.230054
6177,0.0,59.4134129,10.872449300000001,7.883976700000001
6178,0.0,35.5428862,12.0480372,13.1658596
6179,0.0,14.347074800000001,9.4719829,23.715738
6180,30.0,25.6003745,4.7177159,5.9810871
6181,30.0,40.7286403,12.4521623,9.082996
6182,30.0,33.0186258,7.106308899999999,16.280556299999997
6183,30.0,25.723491199999998,9.7903867,5.230054
6184,30.0,59.4134129,10.872449300000001,7.883976700000001
6185,30.0,35.5428862,12.0480372,13.1658596
6186,20.0,14.347074800000001,9.4719829,23.715738
6187,20.0,25.6003745,4.7177159,5.9810871
6188,20.0,40.7286403,12.4521623,9.082996
6189,20.0,33.0186258,7.106308899999999,16.280556299999997
6190,20.0,25.723491199999998,9.7903867,5.230054
6191,20.0,59.4134129,10.872449300000001,7.883976700000001
6192,40.0,35.5428862,12.0480372,13.1658596
6193,40.0,14.347074800000001,9.4719829,23.715738
6194,40.0,25.6003745,4.7177159,5.9810871
6195,40.0,40.7286403,12.4521623,9.082996
6196,40.0,33.0186258,7.106308899999999,16.280556299999997
6197,40.0,25.723491199999998,9.7903867,5.230054
6198,50.0,59.4134129,10.872449300000001,7.883976700000001
6199,50.0,35.5428862,12.0480372,13.1658596
6200,50.0,14.347074800000001,9.4719829,23.715738
6201,50.0,25.6003745,4.7177159,5.9810871
6202,50.0,40.7286403,12.4521623,9.082996
6203,50.0,33.0186258,7.106308899999999,16.280556299999997
6204,10.0,25.723491199999998,9.7903867,5.230054
6205,10.0,59.4134129,10.872449300000001,7.883976700000001
6206,10.0,35.5428862,12.0480372,13.1658596
6207,10.0,14.347074800000001,9.4719829,23.715738
6208,10.0,25.6003745,4.7177159,5.9810871
6209,10.0,40.7286403,12.4521623,9.082996
6210,0.0,33.0186258,7.106308899999999,16.280556299999997
6211,0.0,25.723491199999998,9.7903867,5.230054
6212,0.0,59.4134129,10.872449300000001,7.883976700000001
6213,0.0,35.5428862,12.0480372,13.1658596
6214,0.0,14.347074800000001,9.4719829,23.715738
6215,0.0,25.6003745,4.7177159,5.9810871
6216,30.0,40.7286403,12.4521623,9.082996
6217,30.0,33.0186258,7.106308899999999,16.280556299999997
6218,30.0,25.723491199999998,9.7903867,5.230054
6219,30.0,59.4134129,10.872449300000001,7.883976700000001
6220,30.0,35.5428862,12.0480372,13.1658596
6221,30.0,14.347074800000001,9.4719829,23.715738
6222,20.0,25.6003745,4.7177159,5.9810871
6223,20.0,40.7286403,12.4521623,9.082996
6224,20.0,33.0186258,7.106308899999999,16.280556299999997
6225,20.0,25.723491199999998,9.7903867,5.230054
6226,20.0,59.4134129,10.872449300000001,7.883976700000001
6227,20.0,35.5428862,12.0480372,13.1658596
6228,40.0,14.347074800000001,9.4719829,23.715738
6229,40.0,25.6003745,4.7177159,5.9810871
6230,40.0,40.7286403,12.4521623,9.082996
6231,40.0,33.0186258,7.106308899999999,16.280556299999997
6232,40.0,25.723491199999998,9.7903867,5.230054
6233,40.0,59.4134129,10.872449300000001,7.883976700000001
6234,50.0,35.5428862,12.0480372,13.1658596
6235,50.0,14.347074800000001,9.4719829,23.715738
6236,50.0,25.6003745,4.7177159,5.9810871
6237,50.0,40.7286403,12.4521623,9.082996
6238,50.0,33.0186258,7.106308899999999,16.280556299999997
6239,50.0,25.723491199999998,9.7903867,5.230054
6240,10.0,59.4134129,10.872449300000001,7.883976700000001
6241,10.0,35.5428862,12.0480372,13.1658596
6242,10.0,14.347074800000001,9.4719829,23.715738
6243,10.0,25.6003745,4.7177159,5.9810871
6244,10.0,40.7286403,12.4521623,9.082996
6245,10.0,33.0186258,7.106308899999999,16.280556299999997
6246,0.0,25.723491199999998,9.7903867,5.230054
6247,0.0,59.4134129,10.872449300000001,7.883976700000001
6248,0.0,35.5428862,12.0480372,13.1658596
6249,0.0,14.347074800000001,9.4719829,23.715738
6250,0.0,25.6003745,4.7177159,5.9810871
6251,0.0,40.7286403,12.4521623,9.082996
6252,30.0,33.0186258,7.106308899999999,16.280556299999997
6253,30.0,25.723491199999998,9.7903867,5.230054
6254,30.0,59.4134129,10.872449300000001,7.883976700000001
6255,30.0,35.5428862,12.0480372,13.1658596
6256,30.0,14.347074800000001,9.4719829,23.715738
6257,30.0,25.6003745,4.7177159,5.9810871
6258,20.0,40.7286403,12.4521623,9.082996
6259,20.0,33.0186258,7.106308899999999,16.280556299999997
6260,20.0,25.723491199999998,9.7903867,5.230054
6261,20.0,59.4134129,10.872449300000001,7.883976700000001
6262,20.0,35.5428862,12.0480372,13.1658596
6263,20.0,14.347074800000001,9.4719829,23.715738
6264,40.0,25.6003745,4.7177159,5.9810871
6265,40.0,40.7286403,12.4521623,9.082996
6266,40.0,33.0186258,7.106308899999999,16.280556299999997
6267,40.0,25.723491199999998,9.7903867,5.230054
6268,40.0,59.4134129,10.872449300000001,7.883976700000001
6269,40.0,35.5428862,12.0480372,13.1658596
6270,50.0,14.347074800000001,9.4719829,23.715738
6271,50.0,25.6003745,4.7177159,5.9810871
6272,50.0,40.7286403,12.4521623,9.082996
6273,50.0,33.0186258,7.106308899999999,16.280556299999997
6274,50.0,25.723491199999998,9.7903867,5.230054
6275,50.0,59.4134129,10.872449300000001,7.883976700000001
6276,10.0,35.5428862,12.0480372,13.1658596
6277,10.0,14.347074800000001,9.4719829,23.715738
6278,10.0,25.6003745,4.7177159,5.9810871
6279,10.0,40.7286403,12.4521623,9.082996
6280,10.0,33.0186258,7.106308899999999,16.280556299999997
6281,10.0,25.723491199999998,9.7903867,5.230054
6282,0.0,59.4134129,10.872449300000001,7.883976700000001
6283,0.0,35.5428862,12.0480372,13.1658596
6284,0.0,14.347074800000001,9.4719829,23.715738
6285,0.0,25.6003745,4.7177159,5.9810871
6286,0.0,40.7286403,12.4521623,9.082996
6287,0.0,33.0186258,7.106308899999999,16.280556299999997
6288,30.0,25.723491199999998,9.7903867,5.230054
6289,30.0,59.4134129,10.872449300000001,7.883976700000001
6290,30.0,35.5428862,12.0480372,13.1658596
6291,30.0,14.347074800000001,9.4719829,23.715738
6292,30.0,25.6003745,4.7177159,5.9810871
6293,30.0,40.7286403,12.4521623,9.082996
6294,20.0,33.0186258,7.106308899999999,16.280556299999997
6295,20.0,25.723491199999998,9.7903867,5.230054
6296,20.0,59.4134129,10.872449300000001,7.883976700000001
6297,20.0,35.5428862,12.0480372,13.1658596
6298,20.0,14.347074800000001,9.4719829,23.715738
6299,20.0,25.6003745,4.7177159,5.9810871
6300,40.0,40.7286403,12.4521623,9.082996
6301,40.0,33.0186258,7.106308899999999,16.280556299999997
6302,40.0,25.723491199999998,9.7903867,5.230054
6303,40.0,59.4134129,10.872449300000001,7.883976700000001
6304,40.0,35.5428862,12.0480372,13.1658596
6305,40.0,14.347074800000001,9.4719829,23.715738
6306,50.0,25.6003745,4.7177159,5.9810871
6307,50.0,40.7286403,12.4521623,9.082996
6308,50.0,33.0186258,7.106308899999999,16.280556299999997
6309,50.0,25.723491199999998,9.7903867,5.230054
6310,50.0,59.4134129,10.872449300000001,7.883976700000001
6311,50.0,35.5428862,12.0480372,13.1658596
6312,10.0,14.347074800000001,9.4719829,23.715738
6313,10.0,25.6003745,4.7177159,5.9810871
6314,10.0,40.7286403,12.4521623,9.082996
6315,10.0,33.0186258,7.106308899999999,16.280556299999997
6316,10.0,25.723491199999998,9.7903867,5.230054
6317,10.0,59.4134129,10.872449300000001,7.883976700000001
6318,0.0,35.5428862,12.0480372,13.1658596
6319,0.0,14.347074800000001,9.4719829,23.715738
6320,0.0,25.6003745,4.7177159,5.9810871
6321,0.0,40.7286403,12.4521623,9.082996
6322,0.0,33.0186258,7.106308899999999,16.280556299999997
6323,0.0,25.723491199999998,9.7903867,5.230054
6324,30.0,59.4134129,10.872449300000001,7.883976700000001
6325,30.0,35.5428862,12.0480372,13.1658596
6326,30.0,14.347074800000001,9.4719829,23.715738
6327,30.0,25.6003745,4.7177159,5.9810871
6328,30.0,40.7286403,12.4521623,9.082996
6329,30.0,33.0186258,7.106308899999999,16.280556299999997
6330,20.0,25.723491199999998,9.7903867,5.230054
6331,20.0,59.4134129,10.872449300000001,7.883976700000001
6332,20.0,35.5428862,12.0480372,13.1658596
6333,20.0,14.347074800000001,9.4719829,23.715738
6334,20.0,25.6003745,4.7177159,5.9810871
6335,20.0,40.7286403,12.4521623,9.082996
6336,40.0,33.0186258,7.106308899999999,16.280556299999997
6337,40.0,25.723491199999998,9.7903867,5.230054
6338,40.0,59.4134129,10.872449300000001,7.883976700000001
6339,40.0,35.5428862,12.0480372,13.1658596
6340,40.0,14.347074800000001,9.4719829,23.715738
6341,40.0,25.6003745,4.7177159,5.9810871
6342,50.0,40.7286403,12.4521623,9.082996
6343,50.0,33.0186258,7.106308899999999,16.280556299999997
6344,50.0,25.723491199999998,9.7903867,5.230054
6345,50.0,59.4134129,10.872449300000001,7.883976700000001
6346,50.0,35.5428862,12.0480372,13.1658596
6347,50.0,14.347074800000001,9.4719829,23.715738
6348,10.0,25.6003745,4.7177159,5.9810871
6349,10.0,40.7286403,12.4521623,9.082996
6350,10.0,33.0186258,7.106308899999999,16.280556299999997
6351,10.0,25.723491199999998,9.7903867,5.230054
6352,10.0,59.4134129,10.872449300000001,7.883976700000001
6353,10.0,35.5428862,12.0480372,13.1658596
6354,0.0,14.347074800000001,9.4719829,23.715738
6355,0.0,25.6003745,4.7177159,5.9810871
6356,0.0,40.7286403,12.4521623,9.082996
6357,0.0,33.0186258,7.106308899999999,16.280556299999997
6358,0.0,25.723491199999998,9.7903867,5.230054
6359,0.0,59.4134129,10.872449300000001,7.883976700000001
6360,30.0,35.5428862,12.0480372,13.1658596
6361,30.0,14.347074800000001,9.4719829,23.715738
6362,30.0,25.6003745,4.7177159,5.9810871
6363,30.0,40.7286403,12.4521623,9.082996
6364,30.0,33.0186258,7.106308899999999,16.280556299999997
6365,30.0,25.723491199999998,9.7903867,5.230054
6366,20.0,59.4134129,10.872449300000001,7.883976700000001
6367,20.0,35.5428862,12.0480372,13.1658596
6368,20.0,14.347074800000001,9.4719829,23.715738
6369,20.0,25.6003745,4.7177159,5.9810871
6370,20.0,40.7286403,12.4521623,9.082996
6371,20.0,33.0186258,7.106308899999999,16.280556299999997
6372,40.0,25.723491199999998,9.7903867,5.230054
6373,40.0,59.4134129,10.872449300000001,7.883976700000001
6374,40.0,35.5428862,12.0480372,13.1658596
6375,40.0,14.347074800000001,9.4719829,23.715738
6376,40.0,25.6003745,4.7177159,5.9810871
6377,40.0,40.7286403,12.4521623,9.082996
6378,50.0,33.0186258,7.106308899999999,16.280556299999997
6379,50.0,25.723491199999998,9.7903867,5.230054
6380,50.0,59.4134129,10.872449300000001,7.883976700000001
6381,50.0,35.5428862,12.0480372,13.1658596
6382,50.0,14.347074800000001,9.4719829,23.715738
6383,50.0,25.6003745,4.7177159,5.9810871
6384,10.0,40.7286403,12.4521623,9.082996
6385,10.0,33.0186258,7.106308899999999,16.280556299999997
6386,10.0,25.723491199999998,9.7903867,5.230054
6387,10.0,59.4134129,10.872449300000001,7.883976700000001
6388,10.0,35.5428862,12.0480372,13.1658596
6389,10.0,14.347074800000001,9.4719829,23.715738
6390,0.0,25.6003745,4.7177159,5.9810871
6391,0.0,40.7286403,12.4521623,9.082996
6392,0.0,33.0186258,7.106308899999999,16.280556299999997
6393,0.0,25.723491199999998,9.7903867,5.230054
6394,0.0,59.4134129,10.872449300000001,7.883976700000001
6395,0.0,35.5428862,12.0480372,13.1658596
6396,30.0,14.347074800000001,9.4719829,23.715738
6397,30.0,25.6003745,4.7177159,5.9810871
6398,30.0,40.7286403,12.4521623,9.082996
6399,30.0,33.0186258,7.106308899999999,16.280556299999997
6400,30.0,25.723491199999998,9.7903867,5.230054
6401,30.0,59.4134129,10.872449300000001,7.883976700000001
6402,20.0,35.5428862,12.0480372,13.1658596
6403,20.0,14.347074800000001,9.4719829,23.715738
6404,20.0,25.6003745,4.7177159,5.9810871
6405,20.0,40.7286403,12.4521623,9.082996
6406,20.0,33.0186258,7.106308899999999,16.280556299999997
6407,20.0,25.723491199999998,9.7903867,5.230054
6408,40.0,59.4134129,10.872449300000001,7.883976700000001
6409,40.0,35.5428862,12.0480372,13.1658596
6410,40.0,14.347074800000001,9.4719829,23.715738
6411,40.0,25.6003745,4.7177159,5.9810871
6412,40.0,40.7286403,12.4521623,9.082996
6413,40.0,33.0186258,7.106308899999999,16.280556299999997
6414,50.0,25.723491199999998,9.7903867,5.230054
6415,50.0,59.4134129,10.872449300000001,7.883976700000001
6416,50.0,35.5428862,12.0480372,13.1658596
6417,50.0,14.347074800000001,9.4719829,23.715738
6418,50.0,25.6003745,4.7177159,5.9810871
6419,50.0,40.7286403,12.4521623,9.082996
6420,10.0,33.0186258,7.106308899999999,16.280556299999997
6421,10.0,25.723491199999998,9.7903867,5.230054
6422,10.0,59.4134129,10.872449300000001,7.883976700000001
6423,10.0,35.5428862,12.0480372,13.1658596
6424,10.0,14.347074800000001,9.4719829,23.715738
6425,10.0,25.6003745,4.7177159,5.9810871
6426,0.0,40.7286403,12.4521623,9.082996
6427,0.0,33.0186258,7.106308899999999,16.280556299999997
6428,0.0,25.723491199999998,9.7903867,5.230054
6429,0.0,59.4134129,10.872449300000001,7.883976700000001
6430,0.0,35.5428862,12.0480372,13.1658596
6431,0.0,14.347074800000001,9.4719829,23.715738
6432,30.0,25.6003745,4.7177159,5.9810871
6433,30.0,40.7286403,12.4521623,9.082996
6434,30.0,33.0186258,7.106308899999999,16.280556299999997
6435,30.0,25.723491199999998,9.7903867,5.230054
6436,30.0,59.4134129,10.872449300000001,7.883976700000001
6437,30.0,35.5428862,12.0480372,13.1658596
6438,20.0,14.347074800000001,9.4719829,23.715738
6439,20.0,25.6003745,4.7177159,5.9810871
6440,20.0,40.7286403,12.4521623,9.082996
6441,20.0,33.0186258,7.106308899999999,16.280556299999997
6442,20.0,25.723491199999998,9.7903867,5.230054
6443,20.0,59.4134129,10.872449300000001,7.883976700000001
6444,40.0,35.5428862,12.0480372,13.1658596
6445,40.0,14.347074800000001,9.4719829,23.715738
6446,40.0,25.6003745,4.7177159,5.9810871
6447,40.0,40.7286403,12.4521623,9.082996
6448,40.0,33.0186258,7.106308899999999,16.280556299999997
6449,40.0,25.723491199999998,9.7903867,5.230054
6450,50.0,59.4134129,10.872449300000001,7.883976700000001
6451,50.0,35.5428862,12.0480372,13.1658596
6452,50.0,14.347074800000001,9.4719829,23.715738
6453,50.0,25.6003745,4.7177159,5.9810871
6454,50.0,40.7286403,12.4521623,9.082996
6455,50.0,33.0186258,7.106308899999999,16.280556299999997
6456,10.0,25.723491199999998,9.7903867,5.230054
6457,10.0,59.4134129,10.872449300000001,7.883976700000001
6458,10.0,35.5428862,12.0480372,13.1658596
6459,10.0,14.347074800000001,9.4719829,23.715738
6460,10.0,25.6003745,4.7177159,5.9810871
6461,10.0,40.7286403,12.4521623,9.082996
6462,0.0,33.0186258,7.106308899999999,16.280556299999997
6463,0.0,25.723491199999998,9.7903867,5.230054
6464,0.0,59.4134129,10.872449300000001,7.883976700000001
6465,0.0,35.5428862,12.0480372,13.1658596
6466,0.0,14.347074800000001,9.4719829,23.715738
6467,0.0,25.6003745,4.7177159,5.9810871
6468,30.0,40.7286403,12.4521623,9.082996
6469,30.0,33.0186258,7.106308899999999,16.280556299999997
6470,30.0,25.723491199999998,9.7903867,5.230054
6471,30.0,59.4134129,10.872449300000001,7.883976700000001
6472,30.0,35.5428862,12.0480372,13.1658596
6473,30.0,14.347074800000001,9.4719829,23.715738
6474,20.0,25.6003745,4.7177159,5.9810871
6475,20.0,40.7286403,12.4521623,9.082996
6476,20.0,33.0186258,7.106308899999999,16.280556299999997
6477,20.0,25.723491199999998,9.7903867,5.230054
6478,20.0,59.4134129,10.872449300000001,7.883976700000001
6479,20.0,35.5428862,12.0480372,13.1658596
6480,40.0,56.4979672,22.4756665,12.2190284
6481,50.0,64.988916,12.5297601,14.5167181
6482,10.0,57.3476443,13.1062453,7.9275779
6483,0.0,53.584060300000004,17.3682777,12.0797002
6484,30.0,53.745402600000006,38.265315,24.0571525
6485,20.0,53.231559,15.877091900000002,12.5666438
6486,40.0,51.363920900000004,9.3215766,7.2976398
6487,50.0,44.8455923,24.7161895,18.992943
6488,10.0,32.266822499999996,9.6448251,6.5767937
6489,0.0,32.1128826,9.609888,9.279757700000001
6490,30.0,42.9715079,17.3745492,3.4036250999999997
6491,20.0,39.2105188,5.6322715,9.160955099999999
6492,40.0,53.6765143,15.9378249,10.7953331
6493,50.0,56.4979672,22.4756665,12.2190284
6494,10.0,64.988916,12.5297601,14.5167181
6495,0.0,57.3476443,13.1062453,7.9275779
6496,30.0,53.584060300000004,17.3682777,12.0797002
6497,20.0,53.745402600000006,38.265315,24.0571525
6498,40.0,53.231559,15.877091900000002,12.5666438
6499,50.0,51.363920900000004,9.3215766,7.2976398
6500,10.0,44.8455923,24.7161895,18.992943
6501,0.0,32.266822499999996,9.6448251,6.5767937
6502,30.0,32.1128826,9.609888,9.279757700000001
6503,20.0,42.9715079,17.3745492,3.4036250999999997
6504,40.0,39.2105188,5.6322715,9.160955099999999
6505,50.0,53.6765143,15.9378249,10.7953331
6506,10.0,56.4979672,22.4756665,12.2190284
6507,0.0,64.988916,12.5297601,14.5167181
6508,30.0,57.3476443,13.1062453,7.9275779
6509,20.0,53.584060300000004,17.3682777,12.0797002
6510,40.0,53.745402600000006,38.265315,24.0571525
6511,50.0,53.231559,15.877091900000002,12.5666438
6512,10.0,51.363920900000004,9.3215766,7.2976398
6513,0.0,44.8455923,24.7161895,18.992943
6514,30.0,32.266822499999996,9.6448251,6.5767937
6515,20.0,32.1128826,9.609888,9.279757700000001
6516,40.0,42.9715079,17.3745492,3.4036250999999997
6517,40.0,39.2105188,5.6322715,9.160955099999999
6518,40.0,53.6765143,15.9378249,10.7953331
6519,40.0,56.4979672,22.4756665,12.2190284
6520,40.0,64.988916,12.5297601,14.5167181
6521,40.0,57.3476443,13.1062453,7.9275779
6522,50.0,53.584060300000004,17.3682777,12.0797002
6523,50.0,53.745402600000006,38.265315,24.0571525
6524,50.0,53.231559,15.877091900000002,12.5666438
6525,50.0,51.363920900000004,9.3215766,7.2976398
6526,50.0,44.8455923,24.7161895,18.992943
6527,50.0,32.266822499999996,9.6448251,6.5767937
6528,10.0,32.1128826,9.609888,9.279757700000001
6529,10.0,42.9715079,17.3745492,3.4036250999999997
6530,10.0,39.2105188,5.6322715,9.160955099999999
6531,10.0,53.6765143,15.9378249,10.7953331
6532,10.0,56.4979672,22.4756665,12.2190284
6533,10.0,64.988916,12.5297601,14.5167181
6534,0.0,57.3476443,13.1062453,7.9275779
6535,0.0,53.584060300000004,17.3682777,12.0797002
6536,0.0,53.745402600000006,38.265315,24.0571525
6537,0.0,53.231559,15.877091900000002,12.5666438
6538,0.0,51.363920900000004,9.3215766,7.2976398
6539,0.0,44.8455923,24.7161895,18.992943
6540,30.0,32.266822499999996,9.6448251,6.5767937
6541,30.0,32.1128826,9.609888,9.279757700000001
6542,30.0,42.9715079,17.3745492,3.4036250999999997
6543,30.0,39.2105188,5.6322715,9.160955099999999
6544,30.0,53.6765143,15.9378249,10.7953331
6545,30.0,56.4979672,22.4756665,12.2190284
6546,20.0,64.988916,12.5297601,14.5167181
6547,20.0,57.3476443,13.1062453,7.9275779
6548,20.0,53.584060300000004,17.3682777,12.0797002
6549,20.0,53.745402600000006,38.265315,24.0571525
6550,20.0,53.231559,15.877091900000002,12.5666438
6551,20.0,51.363920900000004,9.3215766,7.2976398
6552,40.0,44.8455923,24.7161895,18.992943
6553,40.0,32.266822499999996,9.6448251,6.5767937
6554,40.0,32.1128826,9.609888,9.279757700000001
6555,40.0,42.9715079,17.3745492,3.4036250999999997
6556,40.0,39.2105188,5.6322715,9.160955099999999
6557,40.0,53.6765143,15.9378249,10.7953331
6558,50.0,56.4979672,22.4756665,12.2190284
6559,50.0,64.988916,12.5297601,14.5167181
6560,50.0,57.3476443,13.1062453,7.9275779
6561,50.0,53.584060300000004,17.3682777,12.0797002
6562,50.0,53.745402600000006,38.265315,24.0571525
6563,50.0,53.231559,15.877091900000002,12.5666438
6564,10.0,51.363920900000004,9.3215766,7.2976398
6565,10.0,44.8455923,24.7161895,18.992943
6566,10.0,32.266822499999996,9.6448251,6.5767937
6567,10.0,32.1128826,9.609888,9.279757700000001
6568,10.0,42.9715079,17.3745492,3.4036250999999997
6569,10.0,39.2105188,5.6322715,9.160955099999999
6570,0.0,53.6765143,15.9378249,10.7953331
6571,0.0,56.4979672,22.4756665,12.2190284
6572,0.0,64.988916,12.5297601,14.5167181
6573,0.0,57.3476443,13.1062453,7.9275779
6574,0.0,53.584060300000004,17.3682777,12.0797002
6575,0.0,53.745402600000006,38.265315,24.0571525
6576,30.0,53.231559,15.877091900000002,12.5666438
6577,30.0,51.363920900000004,9.3215766,7.2976398
6578,30.0,44.8455923,24.7161895,18.992943
6579,30.0,32.266822499999996,9.6448251,6.5767937
6580,30.0,32.1128826,9.609888,9.279757700000001
6581,30.0,42.9715079,17.3745492,3.4036250999999997
6582,20.0,39.2105188,5.6322715,9.160955099999999
6583,20.0,53.6765143,15.9378249,10.7953331
6584,20.0,56.4979672,22.4756665,12.2190284
6585,20.0,64.988916,12.5297601,14.5167181
6586,20.0,57.3476443,13.1062453,7.9275779
6587,20.0,53.584060300000004,17.3682777,12.0797002
6588,40.0,53.745402600000006,38.265315,24.0571525
6589,40.0,53.231559,15.877091900000002,12.5666438
6590,40.0,51.363920900000004,9.3215766,7.2976398
6591,40.0,44.8455923,24.7161895,18.992943
6592,40.0,32.266822499999996,9.6448251,6.5767937
6593,40.0,32.1128826,9.609888,9.279757700000001
6594,50.0,42.9715079,17.3745492,3.4036250999999997
6595,50.0,39.2105188,5.6322715,9.160955099999999
6596,50.0,53.6765143,15.9378249,10.7953331
6597,50.0,56.4979672,22.4756665,12.2190284
6598,50.0,64.988916,12.5297601,14.5167181
6599,50.0,57.3476443,13.1062453,7.9275779
6600,10.0,53.584060300000004,17.3682777,12.0797002
6601,10.0,53.745402600000006,38.265315,24.0571525
6602,10.0,53.231559,15.877091900000002,12.5666438
6603,10.0,51.363920900000004,9.3215766,7.2976398
6604,10.0,44.8455923,24.7161895,18.992943
6605,10.0,32.266822499999996,9.6448251,6.5767937
6606,0.0,32.1128826,9.609888,9.279757700000001
6607,0.0,42.9715079,17.3745492,3.4036250999999997
6608,0.0,39.2105188,5.6322715,9.160955099999999
6609,0.0,53.6765143,15.9378249,10.7953331
6610,0.0,56.4979672,22.4756665,12.2190284
6611,0.0,64.988916,12.5297601,14.5167181
6612,30.0,57.3476443,13.1062453,7.9275779
6613,30.0,53.584060300000004,17.3682777,12.0797002
6614,30.0,53.745402600000006,38.265315,24.0571525
6615,30.0,53.231559,15.877091900000002,12.5666438
6616,30.0,51.363920900000004,9.3215766,7.2976398
6617,30.0,44.8455923,24.7161895,18.992943
6618,20.0,32.266822499999996,9.6448251,6.5767937
6619,20.0,32.1128826,9.609888,9.279757700000001
6620,20.0,42.9715079,17.3745492,3.4036250999999997
6621,20.0,39.2105188,5.6322715,9.160955099999999
6622,20.0,53.6765143,15.9378249,10.7953331
6623,20.0,56.4979672,22.4756665,12.2190284
6624,40.0,64.988916,12.5297601,14.5167181
6625,40.0,57.3476443,13.1062453,7.9275779
6626,40.0,53.584060300000004,17.3682777,12.0797002
6627,40.0,53.745402600000006,38.265315,24.0571525
6628,40.0,53.231559,15.877091900000002,12.5666438
6629,40.0,51.363920900000004,9.3215766,7.2976398
6630,50.0,44.8455923,24.7161895,18.992943
6631,50.0,32.266822499999996,9.6448251,6.5767937
6632,50.0,32.1128826,9.609888,9.279757700000001
6633,50.0,42.9715079,17.3745492,3.4036250999999997
6634,50.0,39.2105188,5.6322715,9.160955099999999
6635,50.0,53.6765143,15.9378249,10.7953331
6636,10.0,56.4979672,22.4756665,12.2190284
6637,10.0,64.988916,12.5297601,14.5167181
6638,10.0,57.3476443,13.1062453,7.9275779
6639,10.0,53.584060300000004,17.3682777,12.0797002
6640,10.0,53.745402600000006,38.265315,24.0571525
6641,10.0,53.231559,15.877091900000002,12.5666438
6642,0.0,51.363920900000004,9.3215766,7.2976398
6643,0.0,44.8455923,24.7161895,18.992943
6644,0.0,32.266822499999996,9.6448251,6.5767937
6645,0.0,32.1128826,9.609888,9.279757700000001
6646,0.0,42.9715079,17.3745492,3.4036250999999997
6647,0.0,39.2105188,5.6322715,9.160955099999999
6648,30.0,53.6765143,15.9378249,10.7953331
6649,30.0,56.4979672,22.4756665,12.2190284
6650,30.0,64.988916,12.5297601,14.5167181
6651,30.0,57.3476443,13.1062453,7.9275779
6652,30.0,53.584060300000004,17.3682777,12.0797002
6653,30.0,53.745402600000006,38.265315,24.0571525
6654,20.0,53.231559,15.877091900000002,12.5666438
6655,20.0,51.363920900000004,9.3215766,7.2976398
6656,20.0,44.8455923,24.7161895,18.992943
6657,20.0,32.266822499999996,9.6448251,6.5767937
6658,20.0,32.1128826,9.609888,9.279757700000001
6659,20.0,42.9715079,17.3745492,3.4036250999999997
6660,40.0,39.2105188,5.6322715,9.160955099999999
6661,40.0,53.6765143,15.9378249,10.7953331
6662,40.0,56.4979672,22.4756665,12.2190284
6663,40.0,64.988916,12.5297601,14.5167181
6664,40.0,57.3476443,13.1062453,7.9275779
6665,40.0,53.584060300000004,17.3682777,12.0797002
6666,50.0,53.745402600000006,38.265315,24.0571525
6667,50.0,53.231559,15.877091900000002,12.5666438
6668,50.0,51.363920900000004,9.3215766,7.2976398
6669,50.0,44.8455923,24.7161895,18.992943
6670,50.0,32.266822499999996,9.6448251,6.5767937
6671,50.0,32.1128826,9.609888,9.279757700000001
6672,10.0,42.9715079,17.3745492,3.4036250999999997
6673,10.0,39.2105188,5.6322715,9.160955099999999
6674,10.0,53.6765143,15.9378249,10.7953331
6675,10.0,56.4979672,22.4756665,12.2190284
6676,10.0,64.988916,12.5297601,14.5167181
6677,10.0,57.3476443,13.1062453,7.9275779
6678,0.0,53.584060300000004,17.3682777,12.0797002
6679,0.0,53.745402600000006,38.265315,24.0571525
6680,0.0,53.231559,15.877091900000002,12.5666438
6681,0.0,51.363920900000004,9.3215766,7.2976398
6682,0.0,44.8455923,24.7161895,18.992943
6683,0.0,32.266822499999996,9.6448251,6.5767937
6684,30.0,32.1128826,9.609888,9.279757700000001
6685,30.0,42.9715079,17.3745492,3.4036250999999997
6686,30.0,39.2105188,5.6322715,9.160955099999999
6687,30.0,53.6765143,15.9378249,10.7953331
6688,30.0,56.4979672,22.4756665,12.2190284
6689,30.0,64.988916,12.5297601,14.5167181
6690,20.0,57.3476443,13.1062453,7.9275779
6691,20.0,53.584060300000004,17.3682777,12.0797002
6692,20.0,53.745402600000006,38.265315,24.0571525
6693,20.0,53.231559,15.877091900000002,12.5666438
6694,20.0,51.363920900000004,9.3215766,7.2976398
6695,20.0,44.8455923,24.7161895,18.992943
6696,40.0,32.266822499999996,9.6448251,6.5767937
6697,40.0,32.1128826,9.609888,9.279757700000001
6698,40.0,42.9715079,17.3745492,3.4036250999999997
6699,40.0,39.2105188,5.6322715,9.160955099999999
6700,40.0,53.6765143,15.9378249,10.7953331
6701,40.0,56.4979672,22.4756665,12.2190284
6702,50.0,64.988916,12.5297601,14.5167181
6703,50.0,57.3476443,13.1062453,7.9275779
6704,50.0,53.584060300000004,17.3682777,12.0797002
6705,50.0,53.745402600000006,38.265315,24.0571525
6706,50.0,53.231559,15.877091900000002,12.5666438
6707,50.0,51.363920900000004,9.3215766,7.2976398
6708,10.0,44.8455923,24.7161895,18.992943
6709,10.0,32.266822499999996,9.6448251,6.5767937
6710,10.0,32.1128826,9.609888,9.279757700000001
6711,10.0,42.9715079,17.3745492,3.4036250999999997
6712,10.0,39.2105188,5.6322715,9.160955099999999
6713,10.0,53.6765143,15.9378249,10.7953331
6714,0.0,56.4979672,22.4756665,12.2190284
6715,0.0,64.988916,12.5297601,14.5167181
6716,0.0,57.3476443,13.1062453,7.9275779
6717,0.0,53.584060300000004,17.3682777,12.0797002
6718,0.0,53.745402600000006,38.265315,24.0571525
6719,0.0,53.231559,15.877091900000002,12.5666438
6720,30.0,51.363920900000004,9.3215766,7.2976398
6721,30.0,44.8455923,24.7161895,18.992943
6722,30.0,32.266822499999996,9.6448251,6.5767937
6723,30.0,32.1128826,9.609888,9.279757700000001
6724,30.0,42.9715079,17.3745492,3.4036250999999997
6725,30.0,39.2105188,5.6322715,9.160955099999999
6726,20.0,53.6765143,15.9378249,10.7953331
6727,20.0,56.4979672,22.4756665,12.2190284
6728,20.0,64.988916,12.5297601,14.5167181
6729,20.0,57.3476443,13.1062453,7.9275779
6730,20.0,53.584060300000004,17.3682777,12.0797002
6731,20.0,53.745402600000006,38.265315,24.0571525
6732,40.0,53.231559,15.877091900000002,12.5666438
6733,40.0,51.363920900000004,9.3215766,7.2976398
6734,40.0,44.8455923,24.7161895,18.992943
6735,40.0,32.266822499999996,9.6448251,6.5767937
6736,40.0,32.1128826,9.609888,9.279757700000001
6737,40.0,42.9715079,17.3745492,3.4036250999999997
6738,50.0,39.2105188,5.6322715,9.160955099999999
6739,50.0,53.6765143,15.9378249,10.7953331
6740,50.0,56.4979672,22.4756665,12.2190284
6741,50.0,64.988916,12.5297601,14.5167181
6742,50.0,57.3476443,13.1062453,7.9275779
6743,50.0,53.584060300000004,17.3682777,12.0797002
6744,10.0,53.745402600000006,38.265315,24.0571525
6745,10.0,53.231559,15.877091900000002,12.5666438
6746,10.0,51.363920900000004,9.3215766,7.2976398
6747,10.0,44.8455923,24.7161895,18.992943
6748,10.0,32.266822499999996,9.6448251,6.5767937
6749,10.0,32.1128826,9.609888,9.279757700000001
6750,0.0,42.9715079,17.3745492,3.4036250999999997
6751,0.0,39.2105188,5.6322715,9.160955099999999
6752,0.0,53.6765143,15.9378249,10.7953331
6753,0.0,56.4979672,22.4756665,12.2190284
6754,0.0,64.988916,12.5297601,14.5167181
6755,0.0,57.3476443,13.1062453,7.9275779
6756,30.0,53.584060300000004,17.3682777,12.0797002
6757,30.0,53.745402600000006,38.265315,24.0571525
6758,30.0,53.231559,15.877091900000002,12.5666438
6759,30.0,51.363920900000004,9.3215766,7.2976398
6760,30.0,44.8455923,24.7161895,18.992943
6761,30.0,32.266822499999996,9.6448251,6.5767937
6762,20.0,32.1128826,9.609888,9.279757700000001
6763,20.0,42.9715079,17.3745492,3.4036250999999997
6764,20.0,39.2105188,5.6322715,9.160955099999999
6765,20.0,53.6765143,15.9378249,10.7953331
6766,20.0,56.4979672,22.4756665,12.2190284
6767,20.0,64.988916,12.5297601,14.5167181
6768,40.0,57.3476443,13.1062453,7.9275779
6769,40.0,53.584060300000004,17.3682777,12.0797002
6770,40.0,53.745402600000006,38.265315,24.0571525
6771,40.0,53.231559,15.877091900000002,12.5666438
6772,40.0,51.363920900000004,9.3215766,7.2976398
6773,40.0,44.8455923,24.7161895,18.992943
6774,50.0,32.266822499999996,9.6448251,6.5767937
6775,50.0,32.1128826,9.609888,9.279757700000001
6776,50.0,42.9715079,17.3745492,3.4036250999999997
6777,50.0,39.2105188,5.6322715,9.160955099999999
6778,50.0,53.6765143,15.9378249,10.7953331
6779,50.0,56.4979672,22.4756665,12.2190284
6780,10.0,64.988916,12.5297601,14.5167181
6781,10.0,57.3476443,13.1062453,7.9275779
6782,10.0,53.584060300000004,17.3682777,12.0797002
6783,10.0,53.745402600000006,38.265315,24.0571525
6784,10.0,53.231559,15.877091900000002,12.5666438
6785,10.0,51.363920900000004,9.3215766,7.2976398
6786,0.0,44.8455923,24.7161895,18.992943
6787,0.0,32.266822499999996,9.6448251,6.5767937
6788,0.0,32.1128826,9.609888,9.279757700000001
6789,0.0,42.9715079,17.3745492,3.4036250999999997
6790,0.0,39.2105188,5.6322715,9.160955099999999
6791,0.0,53.6765143,15.9378249,10.7953331
6792,30.0,56.4979672,22.4756665,12.2190284
6793,30.0,64.988916,12.5297601,14.5167181
6794,30.0,57.3476443,13.1062453,7.9275779
6795,30.0,53.584060300000004,17.3682777,12.0797002
6796,30.0,53.745402600000006,38.265315,24.0571525
6797,30.0,53.231559,15.877091900000002,12.5666438
6798,20.0,51.363920900000004,9.3215766,7.2976398
6799,20.0,44.8455923,24.7161895,18.992943
6800,20.0,32.266822499999996,9.6448251,6.5767937
6801,20.0,32.1128826,9.609888,9.279757700000001
6802,20.0,42.9715079,17.3745492,3.4036250999999997
6803,20.0,39.2105188,5.6322715,9.160955099999999
6804,40.0,53.6765143,15.9378249,10.7953331
6805,40.0,56.4979672,22.4756665,12.2190284
6806,40.0,64.988916,12.5297601,14.5167181
6807,40.0,57.3476443,13.1062453,7.9275779
6808,40.0,53.584060300000004,17.3682777,12.0797002
6809,40.0,53.745402600000006,38.265315,24.0571525
6810,50.0,53.231559,15.877091900000002,12.5666438
6811,50.0,51.363920900000004,9.3215766,7.2976398
6812,50.0,44.8455923,24.7161895,18.992943
6813,50.0,32.266822499999996,9.6448251,6.5767937
6814,50.0,32.1128826,9.609888,9.279757700000001
6815,50.0,42.9715079,17.3745492,3.4036250999999997
6816,10.0,39.2105188,5.6322715,9.160955099999999
6817,10.0,53.6765143,15.9378249,10.7953331
6818,10.0,56.4979672,22.4756665,12.2190284
6819,10.0,64.988916,12.5297601,14.5167181
6820,10.0,57.3476443,13.1062453,7.9275779
6821,10.0,53.584060300000004,17.3682777,12.0797002
6822,0.0,53.745402600000006,38.265315,24.0571525
6823,0.0,53.231559,15.877091900000002,12.5666438
6824,0.0,51.363920900000004,9.3215766,7.2976398
6825,0.0,44.8455923,24.7161895,18.992943
6826,0.0,32.266822499999996,9.6448251,6.5767937
6827,0.0,32.1128826,9.609888,9.279757700000001
6828,30.0,42.9715079,17.3745492,3.4036250999999997
6829,30.0,39.2105188,5.6322715,9.160955099999999
6830,30.0,53.6765143,15.9378249,10.7953331
6831,30.0,56.4979672,22.4756665,12.2190284
6832,30.0,64.988916,12.5297601,14.5167181
6833,30.0,57.3476443,13.1062453,7.9275779
6834,20.0,53.584060300000004,17.3682777,12.0797002
6835,20.0,53.745402600000006,38.265315,24.0571525
6836,20.0,53.231559,15.877091900000002,12.5666438
6837,20.0,51.363920900000004,9.3215766,7.2976398
6838,20.0,44.8455923,24.7161895,18.992943
6839,20.0,32.266822499999996,9.6448251,6.5767937
6840,40.0,32.1128826,9.609888,9.279757700000001
6841,40.0,42.9715079,17.3745492,3.4036250999999997
6842,40.0,39.2105188,5.6322715,9.160955099999999
6843,40.0,53.6765143,15.9378249,10.7953331
6844,40.0,56.4979672,22.4756665,12.2190284
6845,40.0,64.988916,12.5297601,14.5167181
6846,50.0,57.3476443,13.1062453,7.9275779
6847,50.0,53.584060300000004,17.3682777,12.0797002
6848,50.0,53.745402600000006,38.265315,24.0571525
6849,50.0,53.231559,15.877091900000002,12.5666438
6850,50.0,51.363920900000004,9.3215766,7.2976398
6851,50.0,44.8455923,24.7161895,18.992943
6852,10.0,32.266822499999996,9.6448251,6.5767937
6853,10.0,32.1128826,9.609888,9.279757700000001
6854,10.0,42.9715079,17.3745492,3.4036250999999997
6855,10.0,39.2105188,5.6322715,9.160955099999999
6856,10.0,53.6765143,15.9378249,10.7953331
6857,10.0,56.4979672,22.4756665,12.2190284
6858,0.0,64.988916,12.5297601,14.5167181
6859,0.0,57.3476443,13.1062453,7.9275779
6860,0.0,53.584060300000004,17.3682777,12.0797002
6861,0.0,53.745402600000006,38.265315,24.0571525
6862,0.0,53.231559,15.877091900000002,12.5666438
6863,0.0,51.363920900000004,9.3215766,7.2976398
6864,30.0,44.8455923,24.7161895,18.992943
6865,30.0,32.266822499999996,9.6448251,6.5767937
6866,30.0,32.1128826,9.609888,9.279757700000001
6867,30.0,42.9715079,17.3745492,3.4036250999999997
6868,30.0,39.2105188,5.6322715,9.160955099999999
6869,30.0,53.6765143,15.9378249,10.7953331
6870,20.0,56.4979672,22.4756665,12.2190284
6871,20.0,64.988916,12.5297601,14.5167181
6872,20.0,57.3476443,13.1062453,7.9275779
6873,20.0,53.584060300000004,17.3682777,12.0797002
6874,20.0,53.745402600000006,38.265315,24.0571525
6875,20.0,53.231559,15.877091900000002,12.5666438
6876,40.0,51.363920900000004,9.3215766,7.2976398
6877,40.0,44.8455923,24.7161895,18.992943
6878,40.0,32.266822499999996,9.6448251,6.5767937
6879,40.0,32.1128826,9.609888,9.279757700000001
6880,40.0,42.9715079,17.3745492,3.4036250999999997
6881,40.0,39.2105188,5.6322715,9.160955099999999
6882,50.0,53.6765143,15.9378249,10.7953331
6883,50.0,56.4979672,22.4756665,12.2190284
6884,50.0,64.988916,12.5297601,14.5167181
6885,50.0,57.3476443,13.1062453,7.9275779
6886,50.0,53.584060300000004,17.3682777,12.0797002
6887,50.0,53.745402600000006,38.265315,24.0571525
6888,10.0,53.231559,15.877091900000002,12.5666438
6889,10.0,51.363920900000004,9.3215766,7.2976398
6890,10.0,44.8455923,24.7161895,18.992943
6891,10.0,32.266822499999996,9.6448251,6.5767937
6892,10.0,32.1128826,9.609888,9.279757700000001
6893,10.0,42.9715079,17.3745492,3.4036250999999997
6894,0.0,39.2105188,5.6322715,9.160955099999999
6895,0.0,53.6765143,15.9378249,10.7953331
6896,0.0,56.4979672,22.4756665,12.2190284
6897,0.0,64.988916,12.5297601,14.5167181
6898,0.0,57.3476443,13.1062453,7.9275779
6899,0.0,53.584060300000004,17.3682777,12.0797002
6900,30.0,53.745402600000006,38.265315,24.0571525
6901,30.0,53.231559,15.877091900000002,12.5666438
6902,30.0,51.363920900000004,9.3215766,7.2976398
6903,30.0,44.8455923,24.7161895,18.992943
6904,30.0,32.266822499999996,9.6448251,6.5767937
6905,30.0,32.1128826,9.609888,9.279757700000001
6906,20.0,42.9715079,17.3745492,3.4036250999999997
6907,20.0,39.2105188,5.6322715,9.160955099999999
6908,20.0,53.6765143,15.9378249,10.7953331
6909,20.0,56.4979672,22.4756665,12.2190284
6910,20.0,64.988916,12.5297601,14.5167181
6911,20.0,57.3476443,13.1062453,7.9275779
6912,40.0,53.584060300000004,17.3682777,12.0797002
6913,40.0,53.745402600000006,38.265315,24.0571525
6914,40.0,53.231559,15.877091900000002,12.5666438
6915,40.0,51.363920900000004,9.3215766,7.2976398
6916,40.0,44.8455923,24.7161895,18.992943
6917,40.0,32.266822499999996,9.6448251,6.5767937
6918,50.0,32.1128826,9.609888,9.279757700000001
6919,50.0,42.9715079,17.3745492,3.4036250999999997
6920,50.0,39.2105188,5.6322715,9.160955099999999
6921,50.0,53.6765143,15.9378249,10.7953331
6922,50.0,56.4979672,22.4756665,12.2190284
6923,50.0,64.988916,12.5297601,14.5167181
6924,10.0,57.3476443,13.1062453,7.9275779
6925,10.0,53.584060300000004,17.3682777,12.0797002
6926,10.0,53.745402600000006,38.265315,24.0571525
6927,10.0,53.231559,15.877091900000002,12.5666438
6928,10.0,51.363920900000004,9.3215766,7.2976398
6929,10.0,44.8455923,24.7161895,18.992943
6930,0.0,32.266822499999996,9.6448251,6.5767937
6931,0.0,32.1128826,9.609888,9.279757700000001
6932,0.0,42.9715079,17.3745492,3.4036250999999997
6933,0.0,39.2105188,5.6322715,9.160955099999999
6934,0.0,53.6765143,15.9378249,10.7953331
6935,0.0,56.4979672,22.4756665,12.2190284
6936,30.0,64.988916,12.5297601,14.5167181
6937,30.0,57.3476443,13.1062453,7.9275779
6938,30.0,53.584060300000004,17.3682777,12.0797002
6939,30.0,53.745402600000006,38.265315,24.0571525
6940,30.0,53.231559,15.877091900000002,12.5666438
6941,30.0,51.363920900000004,9.3215766,7.2976398
6942,20.0,44.8455923,24.7161895,18.992943
6943,20.0,32.266822499999996,9.6448251,6.5767937
6944,20.0,32.1128826,9.609888,9.279757700000001
6945,20.0,42.9715079,17.3745492,3.4036250999999997
6946,20.0,39.2105188,5.6322715,9.160955099999999
6947,20.0,53.6765143,15.9378249,10.7953331
6948,40.0,56.4979672,22.4756665,12.2190284
6949,40.0,64.988916,12.5297601,14.5167181
6950,40.0,57.3476443,13.1062453,7.9275779
6951,40.0,53.584060300000004,17.3682777,12.0797002
6952,40.0,53.745402600000006,38.265315,24.0571525
6953,40.0,53.231559,15.877091900000002,12.5666438
6954,50.0,51.363920900000004,9.3215766,7.2976398
6955,50.0,44.8455923,24.7161895,18.992943
6956,50.0,32.266822499999996,9.6448251,6.5767937
6957,50.0,32.1128826,9.609888,9.279757700000001
6958,50.0,42.9715079,17.3745492,3.4036250999999997
6959,50.0,39.2105188,5.6322715,9.160955099999999
6960,10.0,53.6765143,15.9378249,10.7953331
6961,10.0,56.4979672,22.4756665,12.2190284
6962,10.0,64.988916,12.5297601,14.5167181
6963,10.0,57.3476443,13.1062453,7.9275779
6964,10.0,53.584060300000004,17.3682777,12.0797002
6965,10.0,53.745402600000006,38.265315,24.0571525
6966,0.0,53.231559,15.877091900000002,12.5666438
6967,0.0,51.363920900000004,9.3215766,7.2976398
6968,0.0,44.8455923,24.7161895,18.992943
6969,0.0,32.266822499999996,9.6448251,6.5767937
6970,0.0,32.1128826,9.609888,9.279757700000001
6971,0.0,42.9715079,17.3745492,3.4036250999999997
6972,30.0,39.2105188,5.6322715,9.160955099999999
6973,30.0,53.6765143,15.9378249,10.7953331
6974,30.0,56.4979672,22.4756665,12.2190284
6975,30.0,64.988916,12.5297601,14.5167181
6976,30.0,57.3476443,13.1062453,7.9275779
6977,30.0,53.584060300000004,17.3682777,12.0797002
6978,20.0,53.745402600000006,38.265315,24.0571525
6979,20.0,53.231559,15.877091900000002,12.5666438
6980,20.0,51.363920900000004,9.3215766,7.2976398
6981,20.0,44.8455923,24.7161895,18.992943
6982,20.0,32.266822499999996,9.6448251,6.5767937
6983,20.0,32.1128826,9.609888,9.279757700000001
6984,40.0,42.9715079,17.3745492,3.4036250999999997
6985,40.0,39.2105188,5.6322715,9.160955099999999
6986,40.0,53.6765143,15.9378249,10.7953331
6987,40.0,56.4979672,22.4756665,12.2190284
6988,40.0,64.988916,12.5297601,14.5167181
6989,40.0,57.3476443,13.1062453,7.9275779
6990,50.0,53.584060300000004,17.3682777,12.0797002
6991,50.0,53.745402600000006,38.265315,24.0571525
6992,50.0,53.231559,15.877091900000002,12.5666438
6993,50.0,51.363920900000004,9.3215766,7.2976398
6994,50.0,44.8455923,24.7161895,18.992943
6995,50.0,32.266822499999996,9.6448251,6.5767937
6996,10.0,32.1128826,9.609888,9.279757700000001
6997,10.0,42.9715079,17.3745492,3.4036250999999997
6998,10.0,39.2105188,5.6322715,9.160955099999999
6999,10.0,53.6765143,15.9378249,10.7953331
7000,10.0,56.4979672,22.4756665,12.2190284
7001,10.0,64.988916,12.5297601,14.5167181
7002,0.0,57.3476443,13.1062453,7.9275779
7003,0.0,53.584060300000004,17.3682777,12.0797002
7004,0.0,53.745402600000006,38.265315,24.0571525
7005,0.0,53.231559,15.877091900000002,12.5666438
7006,0.0,51.363920900000004,9.3215766,7.2976398
7007,0.0,44.8455923,24.7161895,18.992943
7008,30.0,32.266822499999996,9.6448251,6.5767937
7009,30.0,32.1128826,9.609888,9.279757700000001
7010,30.0,42.9715079,17.3745492,3.4036250999999997
7011,30.0,39.2105188,5.6322715,9.160955099999999
7012,30.0,53.6765143,15.9378249,10.7953331
7013,30.0,56.4979672,22.4756665,12.2190284
7014,20.0,64.988916,12.5297601,14.5167181
7015,20.0,57.3476443,13.1062453,7.9275779
7016,20.0,53.584060300000004,17.3682777,12.0797002
7017,20.0,53.745402600000006,38.265315,24.0571525
7018,20.0,53.231559,15.877091900000002,12.5666438
7019,20.0,51.363920900000004,9.3215766,7.2976398
7020,60.0,44.8455923,24.7161895,18.992943
7021,60.0,62.2166172,36.7558147,21.1482751
7022,60.0,57.8253091,16.155288300000002,9.8413418
7023,60.0,59.735014799999995,17.7791453,10.418915400000001
7024,60.0,62.2166172,36.7558147,21.1482751
7025,60.0,57.8253091,16.155288300000002,9.8413418
7026,60.0,59.735014799999995,17.7791453,10.418915400000001
7027,60.0,62.2166172,36.7558147,21.1482751
7028,60.0,57.8253091,16.155288300000002,9.8413418
7029,60.0,59.735014799999995,17.7791453,10.418915400000001
7030,60.0,62.2166172,36.7558147,21.1482751
7031,60.0,57.8253091,16.155288300000002,9.8413418
7032,60.0,59.735014799999995,17.7791453,10.418915400000001
7033,60.0,62.2166172,36.7558147,21.1482751
7034,60.0,57.8253091,16.155288300000002,9.8413418
7035,60.0,59.735014799999995,17.7791453,10.418915400000001
7036,60.0,62.2166172,36.7558147,21.1482751
7037,60.0,57.8253091,16.155288300000002,9.8413418
7038,60.0,59.735014799999995,17.7791453,10.418915400000001
7039,60.0,62.2166172,36.7558147,21.1482751
7040,60.0,57.8253091,16.155288300000002,9.8413418
7041,60.0,59.735014799999995,17.7791453,10.418915400000001
7042,60.0,62.2166172,36.7558147,21.1482751
7043,60.0,57.8253091,16.155288300000002,9.8413418
7044,60.0,59.735014799999995,17.7791453,10.418915400000001
7045,60.0,62.2166172,36.7558147,21.1482751
7046,60.0,57.8253091,16.155288300000002,9.8413418
7047,60.0,59.735014799999995,17.7791453,10.418915400000001
7048,60.0,62.2166172,36.7558147,21.1482751
7049,60.0,57.8253091,16.155288300000002,9.8413418
7050,60.0,59.735014799999995,17.7791453,10.418915400000001
7051,60.0,62.2166172,36.7558147,21.1482751
7052,60.0,57.8253091,16.155288300000002,9.8413418
7053,60.0,59.735014799999995,17.7791453,10.418915400000001
7054,60.0,62.2166172,36.7558147,21.1482751
7055,60.0,57.8253091,16.155288300000002,9.8413418
7056,60.0,59.735014799999995,17.7791453,10.418915400000001
7057,60.0,62.2166172,36.7558147,21.1482751
7058,60.0,57.8253091,16.155288300000002,9.8413418
7059,60.0,59.735014799999995,17.7791453,10.418915400000001
7060,60.0,62.2166172,36.7558147,21.1482751
7061,60.0,57.8253091,16.155288300000002,9.8413418
7062,60.0,59.735014799999995,17.7791453,10.418915400000001
7063,60.0,62.2166172,36.7558147,21.1482751
7064,60.0,57.8253091,16.155288300000002,9.8413418
7065,60.0,59.735014799999995,17.7791453,10.418915400000001
7066,60.0,62.2166172,36.7558147,21.1482751
7067,60.0,57.8253091,16.155288300000002,9.8413418
7068,60.0,59.735014799999995,17.7791453,10.418915400000001
7069,60.0,62.2166172,36.7558147,21.1482751
7070,60.0,57.8253091,16.155288300000002,9.8413418
7071,60.0,59.735014799999995,17.7791453,10.418915400000001
7072,60.0,62.2166172,36.7558147,21.1482751
7073,60.0,57.8253091,16.155288300000002,9.8413418
7074,60.0,59.735014799999995,17.7791453,10.418915400000001
7075,60.0,62.2166172,36.7558147,21.1482751
7076,60.0,57.8253091,16.155288300000002,9.8413418
7077,60.0,59.735014799999995,17.7791453,10.418915400000001
7078,60.0,62.2166172,36.7558147,21.1482751
7079,60.0,57.8253091,16.155288300000002,9.8413418
7080,60.0,59.735014799999995,17.7791453,10.418915400000001
7081,60.0,62.2166172,36.7558147,21.1482751
7082,60.0,57.8253091,16.155288300000002,9.8413418
7083,60.0,59.735014799999995,17.7791453,10.418915400000001
7084,60.0,62.2166172,36.7558147,21.1482751
7085,60.0,57.8253091,16.155288300000002,9.8413418
7086,60.0,59.735014799999995,17.7791453,10.418915400000001
7087,60.0,62.2166172,36.7558147,21.1482751
7088,60.0,57.8253091,16.155288300000002,9.8413418
7089,60.0,59.735014799999995,17.7791453,10.418915400000001
7090,60.0,62.2166172,36.7558147,21.1482751
7091,60.0,57.8253091,16.155288300000002,9.8413418
7092,60.0,59.735014799999995,17.7791453,10.418915400000001
7093,60.0,62.2166172,36.7558147,21.1482751
7094,60.0,57.8253091,16.155288300000002,9.8413418
7095,60.0,59.735014799999995,17.7791453,10.418915400000001
7096,60.0,62.2166172,36.7558147,21.1482751
7097,60.0,57.8253091,16.155288300000002,9.8413418
7098,60.0,59.735014799999995,17.7791453,10.418915400000001
7099,60.0,62.2166172,36.7558147,21.1482751
7100,60.0,57.8253091,16.155288300000002,9.8413418
7101,60.0,59.735014799999995,17.7791453,10.418915400000001
7102,60.0,62.2166172,36.7558147,21.1482751
7103,60.0,57.8253091,16.155288300000002,9.8413418
7104,60.0,59.735014799999995,17.7791453,10.418915400000001
7105,60.0,62.2166172,36.7558147,21.1482751
7106,60.0,57.8253091,16.155288300000002,9.8413418
7107,60.0,59.735014799999995,17.7791453,10.418915400000001
7108,60.0,62.2166172,36.7558147,21.1482751
7109,60.0,57.8253091,16.155288300000002,9.8413418
7110,60.0,59.735014799999995,17.7791453,10.418915400000001
7111,60.0,62.2166172,36.7558147,21.1482751
7112,60.0,57.8253091,16.155288300000002,9.8413418
7113,60.0,59.735014799999995,17.7791453,10.418915400000001
7114,60.0,62.2166172,36.7558147,21.1482751
7115,60.0,57.8253091,16.155288300000002,9.8413418
7116,60.0,59.735014799999995,17.7791453,10.418915400000001
7117,60.0,62.2166172,36.7558147,21.1482751
7118,60.0,57.8253091,16.155288300000002,9.8413418
7119,60.0,59.735014799999995,17.7791453,10.418915400000001
7120,60.0,62.2166172,36.7558147,21.1482751
7121,60.0,57.8253091,16.155288300000002,9.8413418
7122,60.0,59.735014799999995,17.7791453,10.418915400000001
7123,60.0,62.2166172,36.7558147,21.1482751
7124,60.0,57.8253091,16.155288300000002,9.8413418
7125,60.0,59.735014799999995,17.7791453,10.418915400000001
7126,60.0,62.2166172,36.7558147,21.1482751
7127,60.0,57.8253091,16.155288300000002,9.8413418
7128,60.0,59.735014799999995,17.7791453,10.418915400000001
7129,60.0,62.2166172,36.7558147,21.1482751
7130,60.0,57.8253091,16.155288300000002,9.8413418
7131,60.0,59.735014799999995,17.7791453,10.418915400000001
7132,60.0,62.2166172,36.7558147,21.1482751
7133,60.0,57.8253091,16.155288300000002,9.8413418
7134,60.0,59.735014799999995,17.7791453,10.418915400000001
7135,60.0,62.2166172,36.7558147,21.1482751
7136,60.0,57.8253091,16.155288300000002,9.8413418
7137,60.0,59.735014799999995,17.7791453,10.418915400000001
7138,60.0,62.2166172,36.7558147,21.1482751
7139,60.0,57.8253091,16.155288300000002,9.8413418
7140,60.0,59.735014799999995,17.7791453,10.418915400000001
7141,60.0,62.2166172,36.7558147,21.1482751
7142,60.0,57.8253091,16.155288300000002,9.8413418
7143,60.0,59.735014799999995,17.7791453,10.418915400000001
7144,60.0,62.2166172,36.7558147,21.1482751
7145,60.0,57.8253091,16.155288300000002,9.8413418
7146,60.0,59.735014799999995,17.7791453,10.418915400000001
7147,60.0,62.2166172,36.7558147,21.1482751
7148,60.0,57.8253091,16.155288300000002,9.8413418
7149,60.0,59.735014799999995,17.7791453,10.418915400000001
7150,60.0,62.2166172,36.7558147,21.1482751
7151,60.0,57.8253091,16.155288300000002,9.8413418
7152,60.0,59.735014799999995,17.7791453,10.418915400000001
7153,60.0,62.2166172,36.7558147,21.1482751
7154,60.0,57.8253091,16.155288300000002,9.8413418
7155,60.0,59.735014799999995,17.7791453,10.418915400000001
7156,60.0,62.2166172,36.7558147,21.1482751
7157,60.0,57.8253091,16.155288300000002,9.8413418
7158,60.0,59.735014799999995,17.7791453,10.418915400000001
7159,60.0,62.2166172,36.7558147,21.1482751
7160,60.0,57.8253091,16.155288300000002,9.8413418
7161,60.0,59.735014799999995,17.7791453,10.418915400000001
7162,60.0,62.2166172,36.7558147,21.1482751
7163,60.0,57.8253091,16.155288300000002,9.8413418
7164,60.0,59.735014799999995,17.7791453,10.418915400000001
7165,60.0,62.2166172,36.7558147,21.1482751
7166,60.0,57.8253091,16.155288300000002,9.8413418
7167,60.0,59.735014799999995,17.7791453,10.418915400000001
7168,60.0,62.2166172,36.7558147,21.1482751
7169,60.0,57.8253091,16.155288300000002,9.8413418
7170,60.0,59.735014799999995,17.7791453,10.418915400000001
7171,60.0,62.2166172,36.7558147,21.1482751
7172,60.0,57.8253091,16.155288300000002,9.8413418
7173,60.0,59.735014799999995,17.7791453,10.418915400000001
7174,60.0,62.2166172,36.7558147,21.1482751
7175,60.0,57.8253091,16.155288300000002,9.8413418
7176,60.0,59.735014799999995,17.7791453,10.418915400000001
7177,60.0,62.2166172,36.7558147,21.1482751
7178,60.0,57.8253091,16.155288300000002,9.8413418
7179,60.0,59.735014799999995,17.7791453,10.418915400000001
7180,60.0,62.2166172,36.7558147,21.1482751
7181,60.0,57.8253091,16.155288300000002,9.8413418
7182,60.0,59.735014799999995,17.7791453,10.418915400000001
7183,60.0,62.2166172,36.7558147,21.1482751
7184,60.0,57.8253091,16.155288300000002,9.8413418
7185,60.0,59.735014799999995,17.7791453,10.418915400000001
7186,60.0,62.2166172,36.7558147,21.1482751
7187,60.0,57.8253091,16.155288300000002,9.8413418
7188,60.0,59.735014799999995,17.7791453,10.418915400000001
7189,60.0,62.2166172,36.7558147,21.1482751
7190,60.0,57.8253091,16.155288300000002,9.8413418
7191,60.0,59.735014799999995,17.7791453,10.418915400000001
7192,60.0,62.2166172,36.7558147,21.1482751
7193,60.0,57.8253091,16.155288300000002,9.8413418
7194,60.0,59.735014799999995,17.7791453,10.418915400000001
7195,60.0,62.2166172,36.7558147,21.1482751
7196,60.0,57.8253091,16.155288300000002,9.8413418
7197,60.0,59.735014799999995,17.7791453,10.418915400000001
7198,60.0,62.2166172,36.7558147,21.1482751
7199,60.0,57.8253091,16.155288300000002,9.8413418
7200,60.0,59.735014799999995,17.7791453,10.418915400000001
7201,60.0,62.2166172,36.7558147,21.1482751
7202,60.0,57.8253091,16.155288300000002,9.8413418
7203,60.0,59.735014799999995,17.7791453,10.418915400000001
7204,60.0,62.2166172,36.7558147,21.1482751
7205,60.0,57.8253091,16.155288300000002,9.8413418
7206,60.0,59.735014799999995,17.7791453,10.418915400000001
7207,60.0,62.2166172,36.7558147,21.1482751
7208,60.0,57.8253091,16.155288300000002,9.8413418
7209,60.0,59.735014799999995,17.7791453,10.418915400000001
7210,60.0,62.2166172,36.7558147,21.1482751
7211,60.0,57.8253091,16.155288300000002,9.8413418
7212,60.0,59.735014799999995,17.7791453,10.418915400000001
7213,60.0,62.2166172,36.7558147,21.1482751
7214,60.0,57.8253091,16.155288300000002,9.8413418
7215,60.0,59.735014799999995,17.7791453,10.418915400000001
7216,60.0,62.2166172,36.7558147,21.1482751
7217,60.0,57.8253091,16.155288300000002,9.8413418
7218,60.0,59.735014799999995,17.7791453,10.418915400000001
7219,60.0,62.2166172,36.7558147,21.1482751
7220,60.0,57.8253091,16.155288300000002,9.8413418
7221,60.0,59.735014799999995,17.7791453,10.418915400000001
7222,60.0,62.2166172,36.7558147,21.1482751
7223,60.0,57.8253091,16.155288300000002,9.8413418
7224,60.0,59.735014799999995,17.7791453,10.418915400000001
7225,60.0,62.2166172,36.7558147,21.1482751
7226,60.0,57.8253091,16.155288300000002,9.8413418
7227,60.0,59.735014799999995,17.7791453,10.418915400000001
7228,60.0,62.2166172,36.7558147,21.1482751
7229,60.0,57.8253091,16.155288300000002,9.8413418
7230,60.0,59.735014799999995,17.7791453,10.418915400000001
7231,60.0,62.2166172,36.7558147,21.1482751
7232,60.0,57.8253091,16.155288300000002,9.8413418
7233,60.0,59.735014799999995,17.7791453,10.418915400000001
7234,60.0,62.2166172,36.7558147,21.1482751
7235,60.0,57.8253091,16.155288300000002,9.8413418
7236,60.0,59.735014799999995,17.7791453,10.418915400000001
7237,60.0,62.2166172,36.7558147,21.1482751
7238,60.0,57.8253091,16.155288300000002,9.8413418
7239,60.0,59.735014799999995,17.7791453,10.418915400000001
7240,60.0,62.2166172,36.7558147,21.1482751
7241,60.0,57.8253091,16.155288300000002,9.8413418
7242,60.0,59.735014799999995,17.7791453,10.418915400000001
7243,60.0,62.2166172,36.7558147,21.1482751
7244,60.0,57.8253091,16.155288300000002,9.8413418
7245,60.0,59.735014799999995,17.7791453,10.418915400000001
7246,60.0,62.2166172,36.7558147,21.1482751
7247,60.0,57.8253091,16.155288300000002,9.8413418
7248,60.0,59.735014799999995,17.7791453,10.418915400000001
7249,60.0,62.2166172,36.7558147,21.1482751
7250,60.0,57.8253091,16.155288300000002,9.8413418
7251,60.0,59.735014799999995,17.7791453,10.418915400000001
7252,60.0,62.2166172,36.7558147,21.1482751
7253,60.0,57.8253091,16.155288300000002,9.8413418
7254,60.0,59.735014799999995,17.7791453,10.418915400000001
7255,60.0,62.2166172,36.7558147,21.1482751
7256,60.0,57.8253091,16.155288300000002,9.8413418
7257,60.0,59.735014799999995,17.7791453,10.418915400000001
7258,60.0,62.2166172,36.7558147,21.1482751
7259,60.0,57.8253091,16.155288300000002,9.8413418
7260,60.0,59.735014799999995,17.7791453,10.418915400000001
7261,60.0,62.2166172,36.7558147,21.1482751
7262,60.0,57.8253091,16.155288300000002,9.8413418
7263,60.0,59.735014799999995,17.7791453,10.418915400000001
7264,60.0,62.2166172,36.7558147,21.1482751
7265,60.0,57.8253091,16.155288300000002,9.8413418
7266,60.0,59.735014799999995,17.7791453,10.418915400000001
7267,60.0,62.2166172,36.7558147,21.1482751
7268,60.0,57.8253091,16.155288300000002,9.8413418
7269,60.0,59.735014799999995,17.7791453,10.418915400000001
7270,60.0,62.2166172,36.7558147,21.1482751
7271,60.0,57.8253091,16.155288300000002,9.8413418
7272,60.0,59.735014799999995,17.7791453,10.418915400000001
7273,60.0,62.2166172,36.7558147,21.1482751
7274,60.0,57.8253091,16.155288300000002,9.8413418
7275,60.0,59.735014799999995,17.7791453,10.418915400000001
7276,60.0,62.2166172,36.7558147,21.1482751
7277,60.0,57.8253091,16.155288300000002,9.8413418
7278,60.0,59.735014799999995,17.7791453,10.418915400000001
7279,60.0,62.2166172,36.7558147,21.1482751
7280,60.0,57.8253091,16.155288300000002,9.8413418
7281,60.0,59.735014799999995,17.7791453,10.418915400000001
7282,60.0,62.2166172,36.7558147,21.1482751
7283,60.0,57.8253091,16.155288300000002,9.8413418
7284,60.0,59.735014799999995,17.7791453,10.418915400000001
7285,60.0,62.2166172,36.7558147,21.1482751
7286,60.0,57.8253091,16.155288300000002,9.8413418
7287,60.0,59.735014799999995,17.7791453,10.418915400000001
7288,60.0,62.2166172,36.7558147,21.1482751
7289,60.0,57.8253091,16.155288300000002,9.8413418
7290,60.0,59.735014799999995,17.7791453,10.418915400000001
7291,60.0,62.2166172,36.7558147,21.1482751
7292,60.0,57.8253091,16.155288300000002,9.8413418
7293,60.0,59.735014799999995,17.7791453,10.418915400000001
7294,60.0,62.2166172,36.7558147,21.1482751
7295,60.0,57.8253091,16.155288300000002,9.8413418
7296,60.0,59.735014799999995,17.7791453,10.418915400000001
7297,60.0,62.2166172,36.7558147,21.1482751
7298,60.0,57.8253091,16.155288300000002,9.8413418
7299,60.0,59.735014799999995,17.7791453,10.418915400000001
7300,60.0,62.2166172,36.7558147,21.1482751
7301,60.0,57.8253091,16.155288300000002,9.8413418
7302,60.0,59.735014799999995,17.7791453,10.418915400000001
7303,60.0,62.2166172,36.7558147,21.1482751
7304,60.0,57.8253091,16.155288300000002,9.8413418
7305,60.0,59.735014799999995,17.7791453,10.418915400000001
7306,60.0,62.2166172,36.7558147,21.1482751
7307,60.0,57.8253091,16.155288300000002,9.8413418
7308,60.0,59.735014799999995,17.7791453,10.418915400000001
7309,60.0,62.2166172,36.7558147,21.1482751
7310,60.0,57.8253091,16.155288300000002,9.8413418
7311,60.0,59.735014799999995,17.7791453,10.418915400000001
7312,60.0,62.2166172,36.7558147,21.1482751
7313,60.0,57.8253091,16.155288300000002,9.8413418
7314,60.0,59.735014799999995,17.7791453,10.418915400000001
7315,60.0,62.2166172,36.7558147,21.1482751
7316,60.0,57.8253091,16.155288300000002,9.8413418
7317,60.0,59.735014799999995,17.7791453,10.418915400000001
7318,60.0,62.2166172,36.7558147,21.1482751
7319,60.0,57.8253091,16.155288300000002,9.8413418
7320,60.0,59.735014799999995,17.7791453,10.418915400000001
7321,60.0,62.2166172,36.7558147,21.1482751
7322,60.0,57.8253091,16.155288300000002,9.8413418
7323,60.0,59.735014799999995,17.7791453,10.418915400000001
7324,60.0,62.2166172,36.7558147,21.1482751
7325,60.0,57.8253091,16.155288300000002,9.8413418
7326,60.0,59.735014799999995,17.7791453,10.418915400000001
7327,60.0,62.2166172,36.7558147,21.1482751
7328,60.0,57.8253091,16.155288300000002,9.8413418
7329,60.0,59.735014799999995,17.7791453,10.418915400000001
7330,60.0,62.2166172,36.7558147,21.1482751
7331,60.0,57.8253091,16.155288300000002,9.8413418
7332,60.0,59.735014799999995,17.7791453,10.418915400000001
7333,60.0,62.2166172,36.7558147,21.1482751
7334,60.0,57.8253091,16.155288300000002,9.8413418
7335,60.0,59.735014799999995,17.7791453,10.418915400000001
7336,60.0,62.2166172,36.7558147,21.1482751
7337,60.0,57.8253091,16.155288300000002,9.8413418
7338,60.0,59.735014799999995,17.7791453,10.418915400000001
7339,60.0,62.2166172,36.7558147,21.1482751
7340,60.0,57.8253091,16.155288300000002,9.8413418
7341,60.0,59.735014799999995,17.7791453,10.418915400000001
7342,60.0,62.2166172,36.7558147,21.1482751
7343,60.0,57.8253091,16.155288300000002,9.8413418
7344,60.0,59.735014799999995,17.7791453,10.418915400000001
7345,60.0,62.2166172,36.7558147,21.1482751
7346,60.0,57.8253091,16.155288300000002,9.8413418
7347,60.0,59.735014799999995,17.7791453,10.418915400000001
7348,60.0,62.2166172,36.7558147,21.1482751
7349,60.0,57.8253091,16.155288300000002,9.8413418
7350,60.0,59.735014799999995,17.7791453,10.418915400000001
7351,60.0,62.2166172,36.7558147,21.1482751
7352,60.0,57.8253091,16.155288300000002,9.8413418
7353,60.0,59.735014799999995,17.7791453,10.418915400000001
7354,60.0,62.2166172,36.7558147,21.1482751
7355,60.0,57.8253091,16.155288300000002,9.8413418
7356,60.0,59.735014799999995,17.7791453,10.418915400000001
7357,60.0,62.2166172,36.7558147,21.1482751
7358,60.0,57.8253091,16.155288300000002,9.8413418
7359,60.0,59.735014799999995,17.7791453,10.418915400000001
7360,60.0,62.2166172,36.7558147,21.1482751
7361,60.0,57.8253091,16.155288300000002,9.8413418
7362,60.0,59.735014799999995,17.7791453,10.418915400000001
7363,60.0,62.2166172,36.7558147,21.1482751
7364,60.0,57.8253091,16.155288300000002,9.8413418
7365,60.0,59.735014799999995,17.7791453,10.418915400000001
7366,60.0,62.2166172,36.7558147,21.1482751
7367,60.0,57.8253091,16.155288300000002,9.8413418
7368,60.0,59.735014799999995,17.7791453,10.418915400000001
7369,60.0,62.2166172,36.7558147,21.1482751
7370,60.0,57.8253091,16.155288300000002,9.8413418
7371,60.0,59.735014799999995,17.7791453,10.418915400000001
7372,60.0,62.2166172,36.7558147,21.1482751
7373,60.0,57.8253091,16.155288300000002,9.8413418
7374,60.0,59.735014799999995,17.7791453,10.418915400000001
7375,60.0,62.2166172,36.7558147,21.1482751
7376,60.0,57.8253091,16.155288300000002,9.8413418
7377,60.0,59.735014799999995,17.7791453,10.418915400000001
7378,60.0,62.2166172,36.7558147,21.1482751
7379,60.0,57.8253091,16.155288300000002,9.8413418
7380,60.0,59.735014799999995,17.7791453,10.418915400000001
7381,60.0,62.2166172,36.7558147,21.1482751
7382,60.0,57.8253091,16.155288300000002,9.8413418
7383,60.0,59.735014799999995,17.7791453,10.418915400000001
7384,60.0,62.2166172,36.7558147,21.1482751
7385,60.0,57.8253091,16.155288300000002,9.8413418
7386,60.0,59.735014799999995,17.7791453,10.418915400000001
7387,60.0,62.2166172,36.7558147,21.1482751
7388,60.0,57.8253091,16.155288300000002,9.8413418
7389,60.0,59.735014799999995,17.7791453,10.418915400000001
7390,60.0,62.2166172,36.7558147,21.1482751
7391,60.0,57.8253091,16.155288300000002,9.8413418
7392,60.0,59.735014799999995,17.7791453,10.418915400000001
7393,60.0,62.2166172,36.7558147,21.1482751
7394,60.0,57.8253091,16.155288300000002,9.8413418
7395,60.0,59.735014799999995,17.7791453,10.418915400000001
7396,60.0,62.2166172,36.7558147,21.1482751
7397,60.0,57.8253091,16.155288300000002,9.8413418
7398,60.0,59.735014799999995,17.7791453,10.418915400000001
7399,60.0,62.2166172,36.7558147,21.1482751
7400,60.0,57.8253091,16.155288300000002,9.8413418
7401,60.0,59.735014799999995,17.7791453,10.418915400000001
7402,60.0,62.2166172,36.7558147,21.1482751
7403,60.0,57.8253091,16.155288300000002,9.8413418
7404,60.0,59.735014799999995,17.7791453,10.418915400000001
7405,60.0,62.2166172,36.7558147,21.1482751
7406,60.0,57.8253091,16.155288300000002,9.8413418
7407,60.0,59.735014799999995,17.7791453,10.418915400000001
7408,60.0,62.2166172,36.7558147,21.1482751
7409,60.0,57.8253091,16.155288300000002,9.8413418
7410,60.0,59.735014799999995,17.7791453,10.418915400000001
7411,60.0,62.2166172,36.7558147,21.1482751
7412,60.0,57.8253091,16.155288300000002,9.8413418
7413,60.0,59.735014799999995,17.7791453,10.418915400000001
7414,60.0,62.2166172,36.7558147,21.1482751
7415,60.0,57.8253091,16.155288300000002,9.8413418
7416,60.0,59.735014799999995,17.7791453,10.418915400000001
7417,60.0,62.2166172,36.7558147,21.1482751
7418,60.0,57.8253091,16.155288300000002,9.8413418
7419,60.0,59.735014799999995,17.7791453,10.418915400000001
7420,60.0,62.2166172,36.7558147,21.1482751
7421,60.0,57.8253091,16.155288300000002,9.8413418
7422,60.0,59.735014799999995,17.7791453,10.418915400000001
7423,60.0,62.2166172,36.7558147,21.1482751
7424,60.0,57.8253091,16.155288300000002,9.8413418
7425,60.0,59.735014799999995,17.7791453,10.418915400000001
7426,60.0,62.2166172,36.7558147,21.1482751
7427,60.0,57.8253091,16.155288300000002,9.8413418
7428,60.0,59.735014799999995,17.7791453,10.418915400000001
7429,60.0,62.2166172,36.7558147,21.1482751
7430,60.0,57.8253091,16.155288300000002,9.8413418
7431,60.0,59.735014799999995,17.7791453,10.418915400000001
7432,60.0,62.2166172,36.7558147,21.1482751
7433,60.0,57.8253091,16.155288300000002,9.8413418
7434,60.0,59.735014799999995,17.7791453,10.418915400000001
7435,60.0,62.2166172,36.7558147,21.1482751
7436,60.0,57.8253091,16.155288300000002,9.8413418
7437,60.0,59.735014799999995,17.7791453,10.418915400000001
7438,60.0,62.2166172,36.7558147,21.1482751
7439,60.0,57.8253091,16.155288300000002,9.8413418
7440,60.0,59.735014799999995,17.7791453,10.418915400000001
7441,60.0,62.2166172,36.7558147,21.1482751
7442,60.0,57.8253091,16.155288300000002,9.8413418
7443,60.0,59.735014799999995,17.7791453,10.418915400000001
7444,60.0,62.2166172,36.7558147,21.1482751
7445,60.0,57.8253091,16.155288300000002,9.8413418
7446,60.0,59.735014799999995,17.7791453,10.418915400000001
7447,60.0,62.2166172,36.7558147,21.1482751
7448,60.0,57.8253091,16.155288300000002,9.8413418
7449,60.0,59.735014799999995,17.7791453,10.418915400000001
7450,60.0,62.2166172,36.7558147,21.1482751
7451,60.0,57.8253091,16.155288300000002,9.8413418
7452,60.0,59.735014799999995,17.7791453,10.418915400000001
7453,60.0,62.2166172,36.7558147,21.1482751
7454,60.0,57.8253091,16.155288300000002,9.8413418
7455,60.0,59.735014799999995,17.7791453,10.418915400000001
7456,60.0,62.2166172,36.7558147,21.1482751
7457,60.0,57.8253091,16.155288300000002,9.8413418
7458,60.0,59.735014799999995,17.7791453,10.418915400000001
7459,60.0,62.2166172,36.7558147,21.1482751
7460,60.0,57.8253091,16.155288300000002,9.8413418
7461,60.0,59.735014799999995,17.7791453,10.418915400000001
7462,60.0,62.2166172,36.7558147,21.1482751
7463,60.0,57.8253091,16.155288300000002,9.8413418
7464,60.0,59.735014799999995,17.7791453,10.418915400000001
7465,60.0,62.2166172,36.7558147,21.1482751
7466,60.0,57.8253091,16.155288300000002,9.8413418
7467,60.0,59.735014799999995,17.7791453,10.418915400000001
7468,60.0,62.2166172,36.7558147,21.1482751
7469,60.0,57.8253091,16.155288300000002,9.8413418
7470,60.0,59.735014799999995,17.7791453,10.418915400000001
7471,60.0,62.2166172,36.7558147,21.1482751
7472,60.0,57.8253091,16.155288300000002,9.8413418
7473,60.0,59.735014799999995,17.7791453,10.418915400000001
7474,60.0,62.2166172,36.7558147,21.1482751
7475,60.0,57.8253091,16.155288300000002,9.8413418
7476,60.0,59.735014799999995,17.7791453,10.418915400000001
7477,60.0,62.2166172,36.7558147,21.1482751
7478,60.0,57.8253091,16.155288300000002,9.8413418
7479,60.0,59.735014799999995,17.7791453,10.418915400000001
7480,60.0,62.2166172,36.7558147,21.1482751
7481,60.0,57.8253091,16.155288300000002,9.8413418
7482,60.0,59.735014799999995,17.7791453,10.418915400000001
7483,60.0,62.2166172,36.7558147,21.1482751
7484,60.0,57.8253091,16.155288300000002,9.8413418
7485,60.0,59.735014799999995,17.7791453,10.418915400000001
7486,60.0,62.2166172,36.7558147,21.1482751
7487,60.0,57.8253091,16.155288300000002,9.8413418
7488,60.0,59.735014799999995,17.7791453,10.418915400000001
7489,60.0,62.2166172,36.7558147,21.1482751
7490,60.0,57.8253091,16.155288300000002,9.8413418
7491,60.0,59.735014799999995,17.7791453,10.418915400000001
7492,60.0,62.2166172,36.7558147,21.1482751
7493,60.0,57.8253091,16.155288300000002,9.8413418
7494,60.0,59.735014799999995,17.7791453,10.418915400000001
7495,60.0,62.2166172,36.7558147,21.1482751
7496,60.0,57.8253091,16.155288300000002,9.8413418
7497,60.0,59.735014799999995,17.7791453,10.418915400000001
7498,60.0,62.2166172,36.7558147,21.1482751
7499,60.0,57.8253091,16.155288300000002,9.8413418
7500,60.0,59.735014799999995,17.7791453,10.418915400000001
7501,60.0,62.2166172,36.7558147,21.1482751
7502,60.0,57.8253091,16.155288300000002,9.8413418
7503,60.0,59.735014799999995,17.7791453,10.418915400000001
7504,60.0,62.2166172,36.7558147,21.1482751
7505,60.0,57.8253091,16.155288300000002,9.8413418
7506,60.0,59.735014799999995,17.7791453,10.418915400000001
7507,60.0,62.2166172,36.7558147,21.1482751
7508,60.0,57.8253091,16.155288300000002,9.8413418
7509,60.0,59.735014799999995,17.7791453,10.418915400000001
7510,60.0,62.2166172,36.7558147,21.1482751
7511,60.0,57.8253091,16.155288300000002,9.8413418
7512,60.0,59.735014799999995,17.7791453,10.418915400000001
7513,60.0,62.2166172,36.7558147,21.1482751
7514,60.0,57.8253091,16.155288300000002,9.8413418
7515,60.0,59.735014799999995,17.7791453,10.418915400000001
7516,60.0,62.2166172,36.7558147,21.1482751
7517,60.0,57.8253091,16.155288300000002,9.8413418
7518,60.0,59.735014799999995,17.7791453,10.418915400000001
7519,60.0,62.2166172,36.7558147,21.1482751
7520,60.0,57.8253091,16.155288300000002,9.8413418
7521,60.0,59.735014799999995,17.7791453,10.418915400000001
7522,60.0,62.2166172,36.7558147,21.1482751
7523,60.0,57.8253091,16.155288300000002,9.8413418
7524,60.0,59.735014799999995,17.7791453,10.418915400000001
7525,60.0,62.2166172,36.7558147,21.1482751
7526,60.0,57.8253091,16.155288300000002,9.8413418
7527,60.0,59.735014799999995,17.7791453,10.418915400000001
7528,60.0,62.2166172,36.7558147,21.1482751
7529,60.0,57.8253091,16.155288300000002,9.8413418
7530,60.0,59.735014799999995,17.7791453,10.418915400000001
7531,60.0,62.2166172,36.7558147,21.1482751
7532,60.0,57.8253091,16.155288300000002,9.8413418
7533,60.0,59.735014799999995,17.7791453,10.418915400000001
7534,60.0,62.2166172,36.7558147,21.1482751
7535,60.0,57.8253091,16.155288300000002,9.8413418
7536,60.0,59.735014799999995,17.7791453,10.418915400000001
7537,60.0,62.2166172,36.7558147,21.1482751
7538,60.0,57.8253091,16.155288300000002,9.8413418
7539,60.0,59.735014799999995,17.7791453,10.418915400000001
7540,60.0,62.2166172,36.7558147,21.1482751
7541,60.0,57.8253091,16.155288300000002,9.8413418
7542,60.0,59.735014799999995,17.7791453,10.418915400000001
7543,60.0,62.2166172,36.7558147,21.1482751
7544,60.0,57.8253091,16.155288300000002,9.8413418
7545,60.0,59.735014799999995,17.7791453,10.418915400000001
7546,60.0,62.2166172,36.7558147,21.1482751
7547,60.0,57.8253091,16.155288300000002,9.8413418
7548,60.0,59.735014799999995,17.7791453,10.418915400000001
7549,60.0,62.2166172,36.7558147,21.1482751
7550,60.0,57.8253091,16.155288300000002,9.8413418
7551,60.0,59.735014799999995,17.7791453,10.418915400000001
7552,60.0,62.2166172,36.7558147,21.1482751
7553,60.0,57.8253091,16.155288300000002,9.8413418
7554,60.0,59.735014799999995,17.7791453,10.418915400000001
7555,60.0,62.2166172,36.7558147,21.1482751
7556,60.0,57.8253091,16.155288300000002,9.8413418
7557,60.0,59.735014799999995,17.7791453,10.418915400000001
7558,60.0,62.2166172,36.7558147,21.1482751
7559,60.0,57.8253091,16.155288300000002,9.8413418
7560,40.0,51.415913700000004,22.395616800000003,6.3332711999999995
7561,40.0,32.513680099999995,13.9915686,8.7614421
7562,40.0,25.925752600000003,7.294911699999999,1.9185015
7563,40.0,30.458382899999997,5.424901,1.6625880999999998
7564,40.0,35.2194334,9.2893063,7.6462238000000005
7565,40.0,41.0117945,6.877662700000001,4.541817699999999
7566,50.0,48.353514600000004,26.0396647,12.9722122
7567,50.0,38.8777978,5.3481918,2.4207311
7568,50.0,39.9628571,13.9132114,7.3634989
7569,50.0,31.7794419,6.9063873,5.907160999999999
7570,50.0,55.918652800000004,14.8681484,3.9528119999999998
7571,50.0,53.44132700000001,11.3522439,2.8253299999999997
7572,10.0,24.5141571,7.7177831,21.8882941
7573,10.0,51.415913700000004,22.395616800000003,6.3332711999999995
7574,10.0,32.513680099999995,13.9915686,8.7614421
7575,10.0,25.925752600000003,7.294911699999999,1.9185015
7576,10.0,30.458382899999997,5.424901,1.6625880999999998
7577,10.0,35.2194334,9.2893063,7.6462238000000005
7578,0.0,41.0117945,6.877662700000001,4.541817699999999
7579,0.0,48.353514600000004,26.0396647,12.9722122
7580,0.0,38.8777978,5.3481918,2.4207311
7581,0.0,39.9628571,13.9132114,7.3634989
7582,0.0,31.7794419,6.9063873,5.907160999999999
7583,0.0,55.918652800000004,14.8681484,3.9528119999999998
7584,30.0,53.44132700000001,11.3522439,2.8253299999999997
7585,30.0,24.5141571,7.7177831,21.8882941
7586,30.0,51.415913700000004,22.395616800000003,6.3332711999999995
7587,30.0,32.513680099999995,13.9915686,8.7614421
7588,30.0,25.925752600000003,7.294911699999999,1.9185015
7589,30.0,30.458382899999997,5.424901,1.6625880999999998
7590,20.0,35.2194334,9.2893063,7.6462238000000005
7591,20.0,41.0117945,6.877662700000001,4.541817699999999
7592,20.0,48.353514600000004,26.0396647,12.9722122
7593,20.0,38.8777978,5.3481918,2.4207311
7594,20.0,39.9628571,13.9132114,7.3634989
7595,20.0,31.7794419,6.9063873,5.907160999999999
7596,40.0,55.918652800000004,14.8681484,3.9528119999999998
7597,40.0,53.44132700000001,11.3522439,2.8253299999999997
7598,40.0,24.5141571,7.7177831,21.8882941
7599,40.0,51.415913700000004,22.395616800000003,6.3332711999999995
7600,40.0,32.513680099999995,13.9915686,8.7614421
7601,40.0,25.925752600000003,7.294911699999999,1.9185015
7602,50.0,30.458382899999997,5.424901,1.6625880999999998
7603,50.0,35.2194334,9.2893063,7.6462238000000005
7604,50.0,41.0117945,6.877662700000001,4.541817699999999
7605,50.0,48.353514600000004,26.0396647,12.9722122
7606,50.0,38.8777978,5.3481918,2.4207311
7607,50.0,39.9628571,13.9132114,7.3634989
7608,10.0,31.7794419,6.9063873,5.907160999999999
7609,10.0,55.918652800000004,14.8681484,3.9528119999999998
7610,10.0,53.44132700000001,11.3522439,2.8253299999999997
7611,10.0,24.5141571,7.7177831,21.8882941
7612,10.0,51.415913700000004,22.395616800000003,6.3332711999999995
7613,10.0,32.513680099999995,13.9915686,8.7614421
7614,0.0,25.925752600000003,7.294911699999999,1.9185015
7615,0.0,30.458382899999997,5.424901,1.6625880999999998
7616,0.0,35.2194334,9.2893063,7.6462238000000005
7617,0.0,41.0117945,6.877662700000001,4.541817699999999
7618,0.0,48.353514600000004,26.0396647,12.9722122
7619,0.0,38.8777978,5.3481918,2.4207311
7620,30.0,39.9628571,13.9132114,7.3634989
7621,30.0,31.7794419,6.9063873,5.907160999999999
7622,30.0,55.918652800000004,14.8681484,3.9528119999999998
7623,30.0,53.44132700000001,11.3522439,2.8253299999999997
7624,30.0,24.5141571,7.7177831,21.8882941
7625,30.0,51.415913700000004,22.395616800000003,6.3332711999999995
7626,20.0,32.513680099999995,13.9915686,8.7614421
7627,20.0,25.925752600000003,7.294911699999999,1.9185015
7628,20.0,30.458382899999997,5.424901,1.6625880999999998
7629,20.0,35.2194334,9.2893063,7.6462238000000005
7630,20.0,41.0117945,6.877662700000001,4.541817699999999
7631,20.0,48.353514600000004,26.0396647,12.9722122
7632,40.0,38.8777978,5.3481918,2.4207311
7633,40.0,39.9628571,13.9132114,7.3634989
7634,40.0,31.7794419,6.9063873,5.907160999999999
7635,40.0,55.918652800000004,14.8681484,3.9528119999999998
7636,40.0,53.44132700000001,11.3522439,2.8253299999999997
7637,40.0,24.5141571,7.7177831,21.8882941
7638,50.0,51.415913700000004,22.395616800000003,6.3332711999999995
7639,50.0,32.513680099999995,13.9915686,8.7614421
7640,50.0,25.925752600000003,7.294911699999999,1.9185015
7641,50.0,30.458382899999997,5.424901,1.6625880999999998
7642,50.0,35.2194334,9.2893063,7.6462238000000005
7643,50.0,41.0117945,6.877662700000001,4.541817699999999
7644,10.0,48.353514600000004,26.0396647,12.9722122
7645,10.0,38.8777978,5.3481918,2.4207311
7646,10.0,39.9628571,13.9132114,7.3634989
7647,10.0,31.7794419,6.9063873,5.907160999999999
7648,10.0,55.918652800000004,14.8681484,3.9528119999999998
7649,10.0,53.44132700000001,11.3522439,2.8253299999999997
7650,0.0,24.5141571,7.7177831,21.8882941
7651,0.0,51.415913700000004,22.395616800000003,6.3332711999999995
7652,0.0,32.513680099999995,13.9915686,8.7614421
7653,0.0,25.925752600000003,7.294911699999999,1.9185015
7654,0.0,30.458382899999997,5.424901,1.6625880999999998
7655,0.0,35.2194334,9.2893063,7.6462238000000005
7656,30.0,41.0117945,6.877662700000001,4.541817699999999
7657,30.0,48.353514600000004,26.0396647,12.9722122
7658,30.0,38.8777978,5.3481918,2.4207311
7659,30.0,39.9628571,13.9132114,7.3634989
7660,30.0,31.7794419,6.9063873,5.907160999999999
7661,30.0,55.918652800000004,14.8681484,3.9528119999999998
7662,20.0,53.44132700000001,11.3522439,2.8253299999999997
7663,20.0,24.5141571,7.7177831,21.8882941
7664,20.0,51.415913700000004,22.395616800000003,6.3332711999999995
7665,20.0,32.513680099999995,13.9915686,8.7614421
7666,20.0,25.925752600000003,7.294911699999999,1.9185015
7667,20.0,30.458382899999997,5.424901,1.6625880999999998
7668,40.0,35.2194334,9.2893063,7.6462238000000005
7669,40.0,41.0117945,6.877662700000001,4.541817699999999
7670,40.0,48.353514600000004,26.0396647,12.9722122
7671,40.0,38.8777978,5.3481918,2.4207311
7672,40.0,39.9628571,13.9132114,7.3634989
7673,40.0,31.7794419,6.9063873,5.907160999999999
7674,50.0,55.918652800000004,14.8681484,3.9528119999999998
7675,50.0,53.44132700000001,11.3522439,2.8253299999999997
7676,50.0,24.5141571,7.7177831,21.8882941
7677,50.0,51.415913700000004,22.395616800000003,6.3332711999999995
7678,50.0,32.513680099999995,13.9915686,8.7614421
7679,50.0,25.925752600000003,7.294911699999999,1.9185015
7680,10.0,30.458382899999997,5.424901,1.6625880999999998
7681,10.0,35.2194334,9.2893063,7.6462238000000005
7682,10.0,41.0117945,6.877662700000001,4.541817699999999
7683,10.0,48.353514600000004,26.0396647,12.9722122
7684,10.0,38.8777978,5.3481918,2.4207311
7685,10.0,39.9628571,13.9132114,7.3634989
7686,0.0,31.7794419,6.9063873,5.907160999999999
7687,0.0,55.918652800000004,14.8681484,3.9528119999999998
7688,0.0,53.44132700000001,11.3522439,2.8253299999999997
7689,0.0,24.5141571,7.7177831,21.8882941
7690,0.0,51.415913700000004,22.395616800000003,6.3332711999999995
7691,0.0,32.513680099999995,13.9915686,8.7614421
7692,30.0,25.925752600000003,7.294911699999999,1.9185015
7693,30.0,30.458382899999997,5.424901,1.6625880999999998
7694,30.0,35.2194334,9.2893063,7.6462238000000005
7695,30.0,41.0117945,6.877662700000001,4.541817699999999
7696,30.0,48.353514600000004,26.0396647,12.9722122
7697,30.0,38.8777978,5.3481918,2.4207311
7698,20.0,39.9628571,13.9132114,7.3634989
7699,20.0,31.7794419,6.9063873,5.907160999999999
7700,20.0,55.918652800000004,14.8681484,3.9528119999999998
7701,20.0,53.44132700000001,11.3522439,2.8253299999999997
7702,20.0,24.5141571,7.7177831,21.8882941
7703,20.0,51.415913700000004,22.395616800000003,6.3332711999999995
7704,40.0,32.513680099999995,13.9915686,8.7614421
7705,40.0,25.925752600000003,7.294911699999999,1.9185015
7706,40.0,30.458382899999997,5.424901,1.6625880999999998
7707,40.0,35.2194334,9.2893063,7.6462238000000005
7708,40.0,41.0117945,6.877662700000001,4.541817699999999
7709,40.0,48.353514600000004,26.0396647,12.9722122
7710,50.0,38.8777978,5.3481918,2.4207311
7711,50.0,39.9628571,13.9132114,7.3634989
7712,50.0,31.7794419,6.9063873,5.907160999999999
7713,50.0,55.918652800000004,14.8681484,3.9528119999999998
7714,50.0,53.44132700000001,11.3522439,2.8253299999999997
7715,50.0,24.5141571,7.7177831,21.8882941
7716,10.0,51.415913700000004,22.395616800000003,6.3332711999999995
7717,10.0,32.513680099999995,13.9915686,8.7614421
7718,10.0,25.925752600000003,7.294911699999999,1.9185015
7719,10.0,30.458382899999997,5.424901,1.6625880999999998
7720,10.0,35.2194334,9.2893063,7.6462238000000005
7721,10.0,41.0117945,6.877662700000001,4.541817699999999
7722,0.0,48.353514600000004,26.0396647,12.9722122
7723,0.0,38.8777978,5.3481918,2.4207311
7724,0.0,39.9628571,13.9132114,7.3634989
7725,0.0,31.7794419,6.9063873,5.907160999999999
7726,0.0,55.918652800000004,14.8681484,3.9528119999999998
7727,0.0,53.44132700000001,11.3522439,2.8253299999999997
7728,30.0,24.5141571,7.7177831,21.8882941
7729,30.0,51.415913700000004,22.395616800000003,6.3332711999999995
7730,30.0,32.513680099999995,13.9915686,8.7614421
7731,30.0,25.925752600000003,7.294911699999999,1.9185015
7732,30.0,30.458382899999997,5.424901,1.6625880999999998
7733,30.0,35.2194334,9.2893063,7.6462238000000005
7734,20.0,41.0117945,6.877662700000001,4.541817699999999
7735,20.0,48.353514600000004,26.0396647,12.9722122
7736,20.0,38.8777978,5.3481918,2.4207311
7737,20.0,39.9628571,13.9132114,7.3634989
7738,20.0,31.7794419,6.9063873,5.907160999999999
7739,20.0,55.918652800000004,14.8681484,3.9528119999999998
7740,40.0,53.44132700000001,11.3522439,2.8253299999999997
7741,40.0,24.5141571,7.7177831,21.8882941
7742,40.0,51.415913700000004,22.395616800000003,6.3332711999999995
7743,40.0,32.513680099999995,13.9915686,8.7614421
7744,40.0,25.925752600000003,7.294911699999999,1.9185015
7745,40.0,30.458382899999997,5.424901,1.6625880999999998
7746,50.0,35.2194334,9.2893063,7.6462238000000005
7747,50.0,41.0117945,6.877662700000001,4.541817699999999
7748,50.0,48.353514600000004,26.0396647,12.9722122
7749,50.0,38.8777978,5.3481918,2.4207311
7750,50.0,39.9628571,13.9132114,7.3634989
7751,50.0,31.7794419,6.9063873,5.907160999999999
7752,10.0,55.918652800000004,14.8681484,3.9528119999999998
7753,10.0,53.44132700000001,11.3522439,2.8253299999999997
7754,10.0,24.5141571,7.7177831,21.8882941
7755,10.0,51.415913700000004,22.395616800000003,6.3332711999999995
7756,10.0,32.513680099999995,13.9915686,8.7614421
7757,10.0,25.925752600000003,7.294911699999999,1.9185015
7758,0.0,30.458382899999997,5.424901,1.6625880999999998
7759,0.0,35.2194334,9.2893063,7.6462238000000005
7760,0.0,41.0117945,6.877662700000001,4.541817699999999
7761,0.0,48.353514600000004,26.0396647,12.9722122
7762,0.0,38.8777978,5.3481918,2.4207311
7763,0.0,39.9628571,13.9132114,7.3634989
7764,30.0,31.7794419,6.9063873,5.907160999999999
7765,30.0,55.918652800000004,14.8681484,3.9528119999999998
7766,30.0,53.44132700000001,11.3522439,2.8253299999999997
7767,30.0,24.5141571,7.7177831,21.8882941
7768,30.0,51.415913700000004,22.395616800000003,6.3332711999999995
7769,30.0,32.513680099999995,13.9915686,8.7614421
7770,20.0,25.925752600000003,7.294911699999999,1.9185015
7771,20.0,30.458382899999997,5.424901,1.6625880999999998
7772,20.0,35.2194334,9.2893063,7.6462238000000005
7773,20.0,41.0117945,6.877662700000001,4.541817699999999
7774,20.0,48.353514600000004,26.0396647,12.9722122
7775,20.0,38.8777978,5.3481918,2.4207311
7776,40.0,39.9628571,13.9132114,7.3634989
7777,40.0,31.7794419,6.9063873,5.907160999999999
7778,40.0,55.918652800000004,14.8681484,3.9528119999999998
7779,40.0,53.44132700000001,11.3522439,2.8253299999999997
7780,40.0,24.5141571,7.7177831,21.8882941
7781,40.0,51.415913700000004,22.395616800000003,6.3332711999999995
7782,50.0,32.513680099999995,13.9915686,8.7614421
7783,50.0,25.925752600000003,7.294911699999999,1.9185015
7784,50.0,30.458382899999997,5.424901,1.6625880999999998
7785,50.0,35.2194334,9.2893063,7.6462238000000005
7786,50.0,41.0117945,6.877662700000001,4.541817699999999
7787,50.0,48.353514600000004,26.0396647,12.9722122
7788,10.0,38.8777978,5.3481918,2.4207311
7789,10.0,39.9628571,13.9132114,7.3634989
7790,10.0,31.7794419,6.9063873,5.907160999999999
7791,10.0,55.918652800000004,14.8681484,3.9528119999999998
7792,10.0,53.44132700000001,11.3522439,2.8253299999999997
7793,10.0,24.5141571,7.7177831,21.8882941
7794,0.0,51.415913700000004,22.395616800000003,6.3332711999999995
7795,0.0,32.513680099999995,13.9915686,8.7614421
7796,0.0,25.925752600000003,7.294911699999999,1.9185015
7797,0.0,30.458382899999997,5.424901,1.6625880999999998
7798,0.0,35.2194334,9.2893063,7.6462238000000005
7799,0.0,41.0117945,6.877662700000001,4.541817699999999
7800,30.0,48.353514600000004,26.0396647,12.9722122
7801,30.0,38.8777978,5.3481918,2.4207311
7802,30.0,39.9628571,13.9132114,7.3634989
7803,30.0,31.7794419,6.9063873,5.907160999999999
7804,30.0,55.918652800000004,14.8681484,3.9528119999999998
7805,30.0,53.44132700000001,11.3522439,2.8253299999999997
7806,20.0,24.5141571,7.7177831,21.8882941
7807,20.0,51.415913700000004,22.395616800000003,6.3332711999999995
7808,20.0,32.513680099999995,13.9915686,8.7614421
7809,20.0,25.925752600000003,7.294911699999999,1.9185015
7810,20.0,30.458382899999997,5.424901,1.6625880999999998
7811,20.0,35.2194334,9.2893063,7.6462238000000005
7812,40.0,41.0117945,6.877662700000001,4.541817699999999
7813,40.0,48.353514600000004,26.0396647,12.9722122
7814,40.0,38.8777978,5.3481918,2.4207311
7815,40.0,39.9628571,13.9132114,7.3634989
7816,40.0,31.7794419,6.9063873,5.907160999999999
7817,40.0,55.918652800000004,14.8681484,3.9528119999999998
7818,50.0,53.44132700000001,11.3522439,2.8253299999999997
7819,50.0,24.5141571,7.7177831,21.8882941
7820,50.0,51.415913700000004,22.395616800000003,6.3332711999999995
7821,50.0,32.513680099999995,13.9915686,8.7614421
7822,50.0,25.925752600000003,7.294911699999999,1.9185015
7823,50.0,30.458382899999997,5.424901,1.6625880999999998
7824,10.0,35.2194334,9.2893063,7.6462238000000005
7825,10.0,41.0117945,6.877662700000001,4.541817699999999
7826,10.0,48.353514600000004,26.0396647,12.9722122
7827,10.0,38.8777978,5.3481918,2.4207311
7828,10.0,39.9628571,13.9132114,7.3634989
7829,10.0,31.7794419,6.9063873,5.907160999999999
7830,0.0,55.918652800000004,14.8681484,3.9528119999999998
7831,0.0,53.44132700000001,11.3522439,2.8253299999999997
7832,0.0,24.5141571,7.7177831,21.8882941
7833,0.0,51.415913700000004,22.395616800000003,6.3332711999999995
7834,0.0,32.513680099999995,13.9915686,8.7614421
7835,0.0,25.925752600000003,7.294911699999999,1.9185015
7836,30.0,30.458382899999997,5.424901,1.6625880999999998
7837,30.0,35.2194334,9.2893063,7.6462238000000005
7838,30.0,41.0117945,6.877662700000001,4.541817699999999
7839,30.0,48.353514600000004,26.0396647,12.9722122
7840,30.0,38.8777978,5.3481918,2.4207311
7841,30.0,39.9628571,13.9132114,7.3634989
7842,20.0,31.7794419,6.9063873,5.907160999999999
7843,20.0,55.918652800000004,14.8681484,3.9528119999999998
7844,20.0,53.44132700000001,11.3522439,2.8253299999999997
7845,20.0,24.5141571,7.7177831,21.8882941
7846,20.0,51.415913700000004,22.395616800000003,6.3332711999999995
7847,20.0,32.513680099999995,13.9915686,8.7614421
7848,40.0,25.925752600000003,7.294911699999999,1.9185015
7849,40.0,30.458382899999997,5.424901,1.6625880999999998
7850,40.0,35.2194334,9.2893063,7.6462238000000005
7851,40.0,41.0117945,6.877662700000001,4.541817699999999
7852,40.0,48.353514600000004,26.0396647,12.9722122
7853,40.0,38.8777978,5.3481918,2.4207311
7854,50.0,39.9628571,13.9132114,7.3634989
7855,50.0,31.7794419,6.9063873,5.907160999999999
7856,50.0,55.918652800000004,14.8681484,3.9528119999999998
7857,50.0,53.44132700000001,11.3522439,2.8253299999999997
7858,50.0,24.5141571,7.7177831,21.8882941
7859,50.0,51.415913700000004,22.395616800000003,6.3332711999999995
7860,10.0,32.513680099999995,13.9915686,8.7614421
7861,10.0,25.925752600000003,7.294911699999999,1.9185015
7862,10.0,30.458382899999997,5.424901,1.6625880999999998
7863,10.0,35.2194334,9.2893063,7.6462238000000005
7864,10.0,41.0117945,6.877662700000001,4.541817699999999
7865,10.0,48.353514600000004,26.0396647,12.9722122
7866,0.0,38.8777978,5.3481918,2.4207311
7867,0.0,39.9628571,13.9132114,7.3634989
7868,0.0,31.7794419,6.9063873,5.907160999999999
7869,0.0,55.918652800000004,14.8681484,3.9528119999999998
7870,0.0,53.44132700000001,11.3522439,2.8253299999999997
7871,0.0,24.5141571,7.7177831,21.8882941
7872,30.0,51.415913700000004,22.395616800000003,6.3332711999999995
7873,30.0,32.513680099999995,13.9915686,8.7614421
7874,30.0,25.925752600000003,7.294911699999999,1.9185015
7875,30.0,30.458382899999997,5.424901,1.6625880999999998
7876,30.0,35.2194334,9.2893063,7.6462238000000005
7877,30.0,41.0117945,6.877662700000001,4.541817699999999
7878,20.0,48.353514600000004,26.0396647,12.9722122
7879,20.0,38.8777978,5.3481918,2.4207311
7880,20.0,39.9628571,13.9132114,7.3634989
7881,20.0,31.7794419,6.9063873,5.907160999999999
7882,20.0,55.918652800000004,14.8681484,3.9528119999999998
7883,20.0,53.44132700000001,11.3522439,2.8253299999999997
7884,40.0,24.5141571,7.7177831,21.8882941
7885,40.0,51.415913700000004,22.395616800000003,6.3332711999999995
7886,40.0,32.513680099999995,13.9915686,8.7614421
7887,40.0,25.925752600000003,7.294911699999999,1.9185015
7888,40.0,30.458382899999997,5.424901,1.6625880999999998
7889,40.0,35.2194334,9.2893063,7.6462238000000005
7890,50.0,41.0117945,6.877662700000001,4.541817699999999
7891,50.0,48.353514600000004,26.0396647,12.9722122
7892,50.0,38.8777978,5.3481918,2.4207311
7893,50.0,39.9628571,13.9132114,7.3634989
7894,50.0,31.7794419,6.9063873,5.907160999999999
7895,50.0,55.918652800000004,14.8681484,3.9528119999999998
7896,10.0,53.44132700000001,11.3522439,2.8253299999999997
7897,10.0,24.5141571,7.7177831,21.8882941
7898,10.0,51.415913700000004,22.395616800000003,6.3332711999999995
7899,10.0,32.513680099999995,13.9915686,8.7614421
7900,10.0,25.925752600000003,7.294911699999999,1.9185015
7901,10.0,30.458382899999997,5.424901,1.6625880999999998
7902,0.0,35.2194334,9.2893063,7.6462238000000005
7903,0.0,41.0117945,6.877662700000001,4.541817699999999
7904,0.0,48.353514600000004,26.0396647,12.9722122
7905,0.0,38.8777978,5.3481918,2.4207311
7906,0.0,39.9628571,13.9132114,7.3634989
7907,0.0,31.7794419,6.9063873,5.907160999999999
7908,30.0,55.918652800000004,14.8681484,3.9528119999999998
7909,30.0,53.44132700000001,11.3522439,2.8253299999999997
7910,30.0,24.5141571,7.7177831,21.8882941
7911,30.0,51.415913700000004,22.395616800000003,6.3332711999999995
7912,30.0,32.513680099999995,13.9915686,8.7614421
7913,30.0,25.925752600000003,7.294911699999999,1.9185015
7914,20.0,30.458382899999997,5.424901,1.6625880999999998
7915,20.0,35.2194334,9.2893063,7.6462238000000005
7916,20.0,41.0117945,6.877662700000001,4.541817699999999
7917,20.0,48.353514600000004,26.0396647,12.9722122
7918,20.0,38.8777978,5.3481918,2.4207311
7919,20.0,39.9628571,13.9132114,7.3634989
7920,40.0,31.7794419,6.9063873,5.907160999999999
7921,40.0,55.918652800000004,14.8681484,3.9528119999999998
7922,40.0,53.44132700000001,11.3522439,2.8253299999999997
7923,40.0,24.5141571,7.7177831,21.8882941
7924,40.0,51.415913700000004,22.395616800000003,6.3332711999999995
7925,40.0,32.513680099999995,13.9915686,8.7614421
7926,50.0,25.925752600000003,7.294911699999999,1.9185015
7927,50.0,30.458382899999997,5.424901,1.6625880999999998
7928,50.0,35.2194334,9.2893063,7.6462238000000005
7929,50.0,41.0117945,6.877662700000001,4.541817699999999
7930,50.0,48.353514600000004,26.0396647,12.9722122
7931,50.0,38.8777978,5.3481918,2.4207311
7932,10.0,39.9628571,13.9132114,7.3634989
7933,10.0,31.7794419,6.9063873,5.907160999999999
7934,10.0,55.918652800000004,14.8681484,3.9528119999999998
7935,10.0,53.44132700000001,11.3522439,2.8253299999999997
7936,10.0,24.5141571,7.7177831,21.8882941
7937,10.0,51.415913700000004,22.395616800000003,6.3332711999999995
7938,0.0,32.513680099999995,13.9915686,8.7614421
7939,0.0,25.925752600000003,7.294911699999999,1.9185015
7940,0.0,30.458382899999997,5.424901,1.6625880999999998
7941,0.0,35.2194334,9.2893063,7.6462238000000005
7942,0.0,41.0117945,6.877662700000001,4.541817699999999
7943,0.0,48.353514600000004,26.0396647,12.9722122
7944,30.0,38.8777978,5.3481918,2.4207311
7945,30.0,39.9628571,13.9132114,7.3634989
7946,30.0,31.7794419,6.9063873,5.907160999999999
7947,30.0,55.918652800000004,14.8681484,3.9528119999999998
7948,30.0,53.44132700000001,11.3522439,2.8253299999999997
7949,30.0,24.5141571,7.7177831,21.8882941
7950,20.0,51.415913700000004,22.395616800000003,6.3332711999999995
7951,20.0,32.513680099999995,13.9915686,8.7614421
7952,20.0,25.925752600000003,7.294911699999999,1.9185015
7953,20.0,30.458382899999997,5.424901,1.6625880999999998
7954,20.0,35.2194334,9.2893063,7.6462238000000005
7955,20.0,41.0117945,6.877662700000001,4.541817699999999
7956,40.0,48.353514600000004,26.0396647,12.9722122
7957,40.0,38.8777978,5.3481918,2.4207311
7958,40.0,39.9628571,13.9132114,7.3634989
7959,40.0,31.7794419,6.9063873,5.907160999999999
7960,40.0,55.918652800000004,14.8681484,3.9528119999999998
7961,40.0,53.44132700000001,11.3522439,2.8253299999999997
7962,50.0,24.5141571,7.7177831,21.8882941
7963,50.0,51.415913700000004,22.395616800000003,6.3332711999999995
7964,50.0,32.513680099999995,13.9915686,8.7614421
7965,50.0,25.925752600000003,7.294911699999999,1.9185015
7966,50.0,30.458382899999997,5.424901,1.6625880999999998
7967,50.0,35.2194334,9.2893063,7.6462238000000005
7968,10.0,41.0117945,6.877662700000001,4.541817699999999
7969,10.0,48.353514600000004,26.0396647,12.9722122
7970,10.0,38.8777978,5.3481918,2.4207311
7971,10.0,39.9628571,13.9132114,7.3634989
7972,10.0,31.7794419,6.9063873,5.907160999999999
7973,10.0,55.918652800000004,14.8681484,3.9528119999999998
7974,0.0,53.44132700000001,11.3522439,2.8253299999999997
7975,0.0,24.5141571,7.7177831,21.8882941
7976,0.0,51.415913700000004,22.395616800000003,6.3332711999999995
7977,0.0,32.513680099999995,13.9915686,8.7614421
7978,0.0,25.925752600000003,7.294911699999999,1.9185015
7979,0.0,30.458382899999997,5.424901,1.6625880999999998
7980,30.0,35.2194334,9.2893063,7.6462238000000005
7981,30.0,41.0117945,6.877662700000001,4.541817699999999
7982,30.0,48.353514600000004,26.0396647,12.9722122
7983,30.0,38.8777978,5.3481918,2.4207311
7984,30.0,39.9628571,13.9132114,7.3634989
7985,30.0,31.7794419,6.9063873,5.907160999999999
7986,20.0,55.918652800000004,14.8681484,3.9528119999999998
7987,20.0,53.44132700000001,11.3522439,2.8253299999999997
7988,20.0,24.5141571,7.7177831,21.8882941
7989,20.0,51.415913700000004,22.395616800000003,6.3332711999999995
7990,20.0,32.513680099999995,13.9915686,8.7614421
7991,20.0,25.925752600000003,7.294911699999999,1.9185015
7992,40.0,30.458382899999997,5.424901,1.6625880999999998
7993,40.0,35.2194334,9.2893063,7.6462238000000005
7994,40.0,41.0117945,6.877662700000001,4.541817699999999
7995,40.0,48.353514600000004,26.0396647,12.9722122
7996,40.0,38.8777978,5.3481918,2.4207311
7997,40.0,39.9628571,13.9132114,7.3634989
7998,50.0,31.7794419,6.9063873,5.907160999999999
7999,50.0,55.918652800000004,14.8681484,3.9528119999999998
8000,50.0,53.44132700000001,11.3522439,2.8253299999999997
8001,50.0,24.5141571,7.7177831,21.8882941
8002,50.0,51.415913700000004,22.395616800000003,6.3332711999999995
8003,50.0,32.513680099999995,13.9915686,8.7614421
8004,10.0,25.925752600000003,7.294911699999999,1.9185015
8005,10.0,30.458382899999997,5.424901,1.6625880999999998
8006,10.0,35.2194334,9.2893063,7.6462238000000005
8007,10.0,41.0117945,6.877662700000001,4.541817699999999
8008,10.0,48.353514600000004,26.0396647,12.9722122
8009,10.0,38.8777978,5.3481918,2.4207311
8010,0.0,39.9628571,13.9132114,7.3634989
8011,0.0,31.7794419,6.9063873,5.907160999999999
8012,0.0,55.918652800000004,14.8681484,3.9528119999999998
8013,0.0,53.44132700000001,11.3522439,2.8253299999999997
8014,0.0,24.5141571,7.7177831,21.8882941
8015,0.0,51.415913700000004,22.395616800000003,6.3332711999999995
8016,30.0,32.513680099999995,13.9915686,8.7614421
8017,30.0,25.925752600000003,7.294911699999999,1.9185015
8018,30.0,30.458382899999997,5.424901,1.6625880999999998
8019,30.0,35.2194334,9.2893063,7.6462238000000005
8020,30.0,41.0117945,6.877662700000001,4.541817699999999
8021,30.0,48.353514600000004,26.0396647,12.9722122
8022,20.0,38.8777978,5.3481918,2.4207311
8023,20.0,39.9628571,13.9132114,7.3634989
8024,20.0,31.7794419,6.9063873,5.907160999999999
8025,20.0,55.918652800000004,14.8681484,3.9528119999999998
8026,20.0,53.44132700000001,11.3522439,2.8253299999999997
8027,20.0,24.5141571,7.7177831,21.8882941
8028,40.0,51.415913700000004,22.395616800000003,6.3332711999999995
8029,40.0,32.513680099999995,13.9915686,8.7614421
8030,40.0,25.925752600000003,7.294911699999999,1.9185015
8031,40.0,30.458382899999997,5.424901,1.6625880999999998
8032,40.0,35.2194334,9.2893063,7.6462238000000005
8033,40.0,41.0117945,6.877662700000001,4.541817699999999
8034,50.0,48.353514600000004,26.0396647,12.9722122
8035,50.0,38.8777978,5.3481918,2.4207311
8036,50.0,39.9628571,13.9132114,7.3634989
8037,50.0,31.7794419,6.9063873,5.907160999999999
8038,50.0,55.918652800000004,14.8681484,3.9528119999999998
8039,50.0,53.44132700000001,11.3522439,2.8253299999999997
8040,10.0,24.5141571,7.7177831,21.8882941
8041,10.0,51.415913700000004,22.395616800000003,6.3332711999999995
8042,10.0,32.513680099999995,13.9915686,8.7614421
8043,10.0,25.925752600000003,7.294911699999999,1.9185015
8044,10.0,30.458382899999997,5.424901,1.6625880999999998
8045,10.0,35.2194334,9.2893063,7.6462238000000005
8046,0.0,41.0117945,6.877662700000001,4.541817699999999
8047,0.0,48.353514600000004,26.0396647,12.9722122
8048,0.0,38.8777978,5.3481918,2.4207311
8049,0.0,39.9628571,13.9132114,7.3634989
8050,0.0,31.7794419,6.9063873,5.907160999999999
8051,0.0,55.918652800000004,14.8681484,3.9528119999999998
8052,30.0,53.44132700000001,11.3522439,2.8253299999999997
8053,30.0,24.5141571,7.7177831,21.8882941
8054,30.0,51.415913700000004,22.395616800000003,6.3332711999999995
8055,30.0,32.513680099999995,13.9915686,8.7614421
8056,30.0,25.925752600000003,7.294911699999999,1.9185015
8057,30.0,30.458382899999997,5.424901,1.6625880999999998
8058,20.0,35.2194334,9.2893063,7.6462238000000005
8059,20.0,41.0117945,6.877662700000001,4.541817699999999
8060,20.0,48.353514600000004,26.0396647,12.9722122
8061,20.0,38.8777978,5.3481918,2.4207311
8062,20.0,39.9628571,13.9132114,7.3634989
8063,20.0,31.7794419,6.9063873,5.907160999999999
8064,40.0,55.918652800000004,14.8681484,3.9528119999999998
8065,50.0,53.44132700000001,11.3522439,2.8253299999999997
8066,10.0,24.5141571,7.7177831,21.8882941
8067,0.0,51.415913700000004,22.395616800000003,6.3332711999999995
8068,30.0,32.513680099999995,13.9915686,8.7614421
8069,20.0,25.925752600000003,7.294911699999999,1.9185015
8070,40.0,30.458382899999997,5.424901,1.6625880999999998
8071,50.0,35.2194334,9.2893063,7.6462238000000005
8072,10.0,41.0117945,6.877662700000001,4.541817699999999
8073,0.0,48.353514600000004,26.0396647,12.9722122
8074,30.0,38.8777978,5.3481918,2.4207311
8075,20.0,39.9628571,13.9132114,7.3634989
8076,40.0,31.7794419,6.9063873,5.907160999999999
8077,50.0,55.918652800000004,14.8681484,3.9528119999999998
8078,10.0,53.44132700000001,11.3522439,2.8253299999999997
8079,0.0,24.5141571,7.7177831,21.8882941
8080,30.0,51.415913700000004,22.395616800000003,6.3332711999999995
8081,20.0,32.513680099999995,13.9915686,8.7614421
8082,40.0,25.925752600000003,7.294911699999999,1.9185015
8083,50.0,30.458382899999997,5.424901,1.6625880999999998
8084,10.0,35.2194334,9.2893063,7.6462238000000005
8085,0.0,41.0117945,6.877662700000001,4.541817699999999
8086,30.0,48.353514600000004,26.0396647,12.9722122
8087,20.0,38.8777978,5.3481918,2.4207311
8088,40.0,39.9628571,13.9132114,7.3634989
8089,50.0,31.7794419,6.9063873,5.907160999999999
8090,10.0,55.918652800000004,14.8681484,3.9528119999999998
8091,0.0,53.44132700000001,11.3522439,2.8253299999999997
8092,30.0,24.5141571,7.7177831,21.8882941
8093,20.0,51.415913700000004,22.395616800000003,6.3332711999999995
8094,40.0,32.513680099999995,13.9915686,8.7614421
8095,50.0,25.925752600000003,7.294911699999999,1.9185015
8096,10.0,30.458382899999997,5.424901,1.6625880999999998
8097,0.0,35.2194334,9.2893063,7.6462238000000005
8098,30.0,41.0117945,6.877662700000001,4.541817699999999
8099,20.0,48.353514600000004,26.0396647,12.9722122
8100,40.0,37.0479553,16.4130325,7.839139100000001
8101,40.0,37.9677192,10.461654600000001,8.7450449
8102,40.0,54.71573360000001,26.5910673,12.6114441
8103,40.0,65.5098727,14.9632289,11.1334786
8104,40.0,17.800992700000002,4.5790448999999995,7.6720554
8105,40.0,20.3032032,3.6277393,3.1352138000000003
8106,50.0,31.8539527,8.5325702,4.3367011
8107,50.0,35.0149509,18.7705766,17.558464100000002
8108,50.0,37.0479553,16.4130325,7.839139100000001
8109,50.0,37.9677192,10.461654600000001,8.7450449
8110,50.0,54.71573360000001,26.5910673,12.6114441
8111,50.0,65.5098727,14.9632289,11.1334786
8112,10.0,17.800992700000002,4.5790448999999995,7.6720554
8113,10.0,20.3032032,3.6277393,3.1352138000000003
8114,10.0,31.8539527,8.5325702,4.3367011
8115,10.0,35.0149509,18.7705766,17.558464100000002
8116,10.0,37.0479553,16.4130325,7.839139100000001
8117,10.0,37.9677192,10.461654600000001,8.7450449
8118,0.0,54.71573360000001,26.5910673,12.6114441
8119,0.0,65.5098727,14.9632289,11.1334786
8120,0.0,17.800992700000002,4.5790448999999995,7.6720554
8121,0.0,20.3032032,3.6277393,3.1352138000000003
8122,0.0,31.8539527,8.5325702,4.3367011
8123,0.0,35.0149509,18.7705766,17.558464100000002
8124,30.0,37.0479553,16.4130325,7.839139100000001
8125,30.0,37.9677192,10.461654600000001,8.7450449
8126,30.0,54.71573360000001,26.5910673,12.6114441
8127,30.0,65.5098727,14.9632289,11.1334786
8128,30.0,17.800992700000002,4.5790448999999995,7.6720554
8129,30.0,20.3032032,3.6277393,3.1352138000000003
8130,20.0,31.8539527,8.5325702,4.3367011
8131,20.0,35.0149509,18.7705766,17.558464100000002
8132,20.0,37.0479553,16.4130325,7.839139100000001
8133,20.0,37.9677192,10.461654600000001,8.7450449
8134,20.0,54.71573360000001,26.5910673,12.6114441
8135,20.0,65.5098727,14.9632289,11.1334786
8136,40.0,17.800992700000002,4.5790448999999995,7.6720554
8137,40.0,20.3032032,3.6277393,3.1352138000000003
8138,40.0,31.8539527,8.5325702,4.3367011
8139,40.0,35.0149509,18.7705766,17.558464100000002
8140,40.0,37.0479553,16.4130325,7.839139100000001
8141,40.0,37.9677192,10.461654600000001,8.7450449
8142,50.0,54.71573360000001,26.5910673,12.6114441
8143,50.0,65.5098727,14.9632289,11.1334786
8144,50.0,17.800992700000002,4.5790448999999995,7.6720554
8145,50.0,20.3032032,3.6277393,3.1352138000000003
8146,50.0,31.8539527,8.5325702,4.3367011
8147,50.0,35.0149509,18.7705766,17.558464100000002
8148,10.0,37.0479553,16.4130325,7.839139100000001
8149,10.0,37.9677192,10.461654600000001,8.7450449
8150,10.0,54.71573360000001,26.5910673,12.6114441
8151,10.0,65.5098727,14.9632289,11.1334786
8152,10.0,17.800992700000002,4.5790448999999995,7.6720554
8153,10.0,20.3032032,3.6277393,3.1352138000000003
8154,0.0,31.8539527,8.5325702,4.3367011
8155,0.0,35.0149509,18.7705766,17.558464100000002
8156,0.0,37.0479553,16.4130325,7.839139100000001
8157,0.0,37.9677192,10.461654600000001,8.7450449
8158,0.0,54.71573360000001,26.5910673,12.6114441
8159,0.0,65.5098727,14.9632289,11.1334786
8160,30.0,17.800992700000002,4.5790448999999995,7.6720554
8161,30.0,20.3032032,3.6277393,3.1352138000000003
8162,30.0,31.8539527,8.5325702,4.3367011
8163,30.0,35.0149509,18.7705766,17.558464100000002
8164,30.0,37.0479553,16.4130325,7.839139100000001
8165,30.0,37.9677192,10.461654600000001,8.7450449
8166,20.0,54.71573360000001,26.5910673,12.6114441
8167,20.0,65.5098727,14.9632289,11.1334786
8168,20.0,17.800992700000002,4.5790448999999995,7.6720554
8169,20.0,20.3032032,3.6277393,3.1352138000000003
8170,20.0,31.8539527,8.5325702,4.3367011
8171,20.0,35.0149509,18.7705766,17.558464100000002
8172,40.0,37.0479553,16.4130325,7.839139100000001
8173,40.0,37.9677192,10.461654600000001,8.7450449
8174,40.0,54.71573360000001,26.5910673,12.6114441
8175,40.0,65.5098727,14.9632289,11.1334786
8176,40.0,17.800992700000002,4.5790448999999995,7.6720554
8177,40.0,20.3032032,3.6277393,3.1352138000000003
8178,50.0,31.8539527,8.5325702,4.3367011
8179,50.0,35.0149509,18.7705766,17.558464100000002
8180,50.0,37.0479553,16.4130325,7.839139100000001
8181,50.0,37.9677192,10.461654600000001,8.7450449
8182,50.0,54.71573360000001,26.5910673,12.6114441
8183,50.0,65.5098727,14.9632289,11.1334786
8184,10.0,17.800992700000002,4.5790448999999995,7.6720554
8185,10.0,20.3032032,3.6277393,3.1352138000000003
8186,10.0,31.8539527,8.5325702,4.3367011
8187,10.0,35.0149509,18.7705766,17.558464100000002
8188,10.0,37.0479553,16.4130325,7.839139100000001
8189,10.0,37.9677192,10.461654600000001,8.7450449
8190,0.0,54.71573360000001,26.5910673,12.6114441
8191,0.0,65.5098727,14.9632289,11.1334786
8192,0.0,17.800992700000002,4.5790448999999995,7.6720554
8193,0.0,20.3032032,3.6277393,3.1352138000000003
8194,0.0,31.8539527,8.5325702,4.3367011
8195,0.0,35.0149509,18.7705766,17.558464100000002
8196,30.0,37.0479553,16.4130325,7.839139100000001
8197,30.0,37.9677192,10.461654600000001,8.7450449
8198,30.0,54.71573360000001,26.5910673,12.6114441
8199,30.0,65.5098727,14.9632289,11.1334786
8200,30.0,17.800992700000002,4.5790448999999995,7.6720554
8201,30.0,20.3032032,3.6277393,3.1352138000000003
8202,20.0,31.8539527,8.5325702,4.3367011
8203,20.0,35.0149509,18.7705766,17.558464100000002
8204,20.0,37.0479553,16.4130325,7.839139100000001
8205,20.0,37.9677192,10.461654600000001,8.7450449
8206,20.0,54.71573360000001,26.5910673,12.6114441
8207,20.0,65.5098727,14.9632289,11.1334786
8208,40.0,17.800992700000002,4.5790448999999995,7.6720554
8209,40.0,20.3032032,3.6277393,3.1352138000000003
8210,40.0,31.8539527,8.5325702,4.3367011
8211,40.0,35.0149509,18.7705766,17.558464100000002
8212,40.0,37.0479553,16.4130325,7.839139100000001
8213,40.0,37.9677192,10.461654600000001,8.7450449
8214,50.0,54.71573360000001,26.5910673,12.6114441
8215,50.0,65.5098727,14.9632289,11.1334786
8216,50.0,17.800992700000002,4.5790448999999995,7.6720554
8217,50.0,20.3032032,3.6277393,3.1352138000000003
8218,50.0,31.8539527,8.5325702,4.3367011
8219,50.0,35.0149509,18.7705766,17.558464100000002
8220,10.0,37.0479553,16.4130325,7.839139100000001
8221,10.0,37.9677192,10.461654600000001,8.7450449
8222,10.0,54.71573360000001,26.5910673,12.6114441
8223,10.0,65.5098727,14.9632289,11.1334786
8224,10.0,17.800992700000002,4.5790448999999995,7.6720554
8225,10.0,20.3032032,3.6277393,3.1352138000000003
8226,0.0,31.8539527,8.5325702,4.3367011
8227,0.0,35.0149509,18.7705766,17.558464100000002
8228,0.0,37.0479553,16.4130325,7.839139100000001
8229,0.0,37.9677192,10.461654600000001,8.7450449
8230,0.0,54.71573360000001,26.5910673,12.6114441
8231,0.0,65.5098727,14.9632289,11.1334786
8232,30.0,17.800992700000002,4.5790448999999995,7.6720554
8233,30.0,20.3032032,3.6277393,3.1352138000000003
8234,30.0,31.8539527,8.5325702,4.3367011
8235,30.0,35.0149509,18.7705766,17.558464100000002
8236,30.0,37.0479553,16.4130325,7.839139100000001
8237,30.0,37.9677192,10.461654600000001,8.7450449
8238,20.0,54.71573360000001,26.5910673,12.6114441
8239,20.0,65.5098727,14.9632289,11.1334786
8240,20.0,17.800992700000002,4.5790448999999995,7.6720554
8241,20.0,20.3032032,3.6277393,3.1352138000000003
8242,20.0,31.8539527,8.5325702,4.3367011
8243,20.0,35.0149509,18.7705766,17.558464100000002
8244,40.0,37.0479553,16.4130325,7.839139100000001
8245,40.0,37.9677192,10.461654600000001,8.7450449
8246,40.0,54.71573360000001,26.5910673,12.6114441
8247,40.0,65.5098727,14.9632289,11.1334786
8248,40.0,17.800992700000002,4.5790448999999995,7.6720554
8249,40.0,20.3032032,3.6277393,3.1352138000000003
8250,50.0,31.8539527,8.5325702,4.3367011
8251,50.0,35.0149509,18.7705766,17.558464100000002
8252,50.0,37.0479553,16.4130325,7.839139100000001
8253,50.0,37.9677192,10.461654600000001,8.7450449
8254,50.0,54.71573360000001,26.5910673,12.6114441
8255,50.0,65.5098727,14.9632289,11.1334786
8256,10.0,17.800992700000002,4.5790448999999995,7.6720554
8257,10.0,20.3032032,3.6277393,3.1352138000000003
8258,10.0,31.8539527,8.5325702,4.3367011
8259,10.0,35.0149509,18.7705766,17.558464100000002
8260,10.0,37.0479553,16.4130325,7.839139100000001
8261,10.0,37.9677192,10.461654600000001,8.7450449
8262,0.0,54.71573360000001,26.5910673,12.6114441
8263,0.0,65.5098727,14.9632289,11.1334786
8264,0.0,17.800992700000002,4.5790448999999995,7.6720554
8265,0.0,20.3032032,3.6277393,3.1352138000000003
8266,0.0,31.8539527,8.5325702,4.3367011
8267,0.0,35.0149509,18.7705766,17.558464100000002
8268,30.0,37.0479553,16.4130325,7.839139100000001
8269,30.0,37.9677192,10.461654600000001,8.7450449
8270,30.0,54.71573360000001,26.5910673,12.6114441
8271,30.0,65.5098727,14.9632289,11.1334786
8272,30.0,17.800992700000002,4.5790448999999995,7.6720554
8273,30.0,20.3032032,3.6277393,3.1352138000000003
8274,20.0,31.8539527,8.5325702,4.3367011
8275,20.0,35.0149509,18.7705766,17.558464100000002
8276,20.0,37.0479553,16.4130325,7.839139100000001
8277,20.0,37.9677192,10.461654600000001,8.7450449
8278,20.0,54.71573360000001,26.5910673,12.6114441
8279,20.0,65.5098727,14.9632289,11.1334786
8280,40.0,17.800992700000002,4.5790448999999995,7.6720554
8281,40.0,20.3032032,3.6277393,3.1352138000000003
8282,40.0,31.8539527,8.5325702,4.3367011
8283,40.0,35.0149509,18.7705766,17.558464100000002
8284,40.0,37.0479553,16.4130325,7.839139100000001
8285,40.0,37.9677192,10.461654600000001,8.7450449
8286,50.0,54.71573360000001,26.5910673,12.6114441
8287,50.0,65.5098727,14.9632289,11.1334786
8288,50.0,17.800992700000002,4.5790448999999995,7.6720554
8289,50.0,20.3032032,3.6277393,3.1352138000000003
8290,50.0,31.8539527,8.5325702,4.3367011
8291,50.0,35.0149509,18.7705766,17.558464100000002
8292,10.0,37.0479553,16.4130325,7.839139100000001
8293,10.0,37.9677192,10.461654600000001,8.7450449
8294,10.0,54.71573360000001,26.5910673,12.6114441
8295,10.0,65.5098727,14.9632289,11.1334786
8296,10.0,17.800992700000002,4.5790448999999995,7.6720554
8297,10.0,20.3032032,3.6277393,3.1352138000000003
8298,0.0,31.8539527,8.5325702,4.3367011
8299,0.0,35.0149509,18.7705766,17.558464100000002
8300,0.0,37.0479553,16.4130325,7.839139100000001
8301,0.0,37.9677192,10.461654600000001,8.7450449
8302,0.0,54.71573360000001,26.5910673,12.6114441
8303,0.0,65.5098727,14.9632289,11.1334786
8304,30.0,17.800992700000002,4.5790448999999995,7.6720554
8305,30.0,20.3032032,3.6277393,3.1352138000000003
8306,30.0,31.8539527,8.5325702,4.3367011
8307,30.0,35.0149509,18.7705766,17.558464100000002
8308,30.0,37.0479553,16.4130325,7.839139100000001
8309,30.0,37.9677192,10.461654600000001,8.7450449
8310,20.0,54.71573360000001,26.5910673,12.6114441
8311,20.0,65.5098727,14.9632289,11.1334786
8312,20.0,17.800992700000002,4.5790448999999995,7.6720554
8313,20.0,20.3032032,3.6277393,3.1352138000000003
8314,20.0,31.8539527,8.5325702,4.3367011
8315,20.0,35.0149509,18.7705766,17.558464100000002
8316,40.0,37.0479553,16.4130325,7.839139100000001
8317,40.0,37.9677192,10.461654600000001,8.7450449
8318,40.0,54.71573360000001,26.5910673,12.6114441
8319,40.0,65.5098727,14.9632289,11.1334786
8320,40.0,17.800992700000002,4.5790448999999995,7.6720554
8321,40.0,20.3032032,3.6277393,3.1352138000000003
8322,50.0,31.8539527,8.5325702,4.3367011
8323,50.0,35.0149509,18.7705766,17.558464100000002
8324,50.0,37.0479553,16.4130325,7.839139100000001
8325,50.0,37.9677192,10.461654600000001,8.7450449
8326,50.0,54.71573360000001,26.5910673,12.6114441
8327,50.0,65.5098727,14.9632289,11.1334786
8328,10.0,17.800992700000002,4.5790448999999995,7.6720554
8329,10.0,20.3032032,3.6277393,3.1352138000000003
8330,10.0,31.8539527,8.5325702,4.3367011
8331,10.0,35.0149509,18.7705766,17.558464100000002
8332,10.0,37.0479553,16.4130325,7.839139100000001
8333,10.0,37.9677192,10.461654600000001,8.7450449
8334,0.0,54.71573360000001,26.5910673,12.6114441
8335,0.0,65.5098727,14.9632289,11.1334786
8336,0.0,17.800992700000002,4.5790448999999995,7.6720554
8337,0.0,20.3032032,3.6277393,3.1352138000000003
8338,0.0,31.8539527,8.5325702,4.3367011
8339,0.0,35.0149509,18.7705766,17.558464100000002
8340,30.0,37.0479553,16.4130325,7.839139100000001
8341,30.0,37.9677192,10.461654600000001,8.7450449
8342,30.0,54.71573360000001,26.5910673,12.6114441
8343,30.0,65.5098727,14.9632289,11.1334786
8344,30.0,17.800992700000002,4.5790448999999995,7.6720554
8345,30.0,20.3032032,3.6277393,3.1352138000000003
8346,20.0,31.8539527,8.5325702,4.3367011
8347,20.0,35.0149509,18.7705766,17.558464100000002
8348,20.0,37.0479553,16.4130325,7.839139100000001
8349,20.0,37.9677192,10.461654600000001,8.7450449
8350,20.0,54.71573360000001,26.5910673,12.6114441
8351,20.0,65.5098727,14.9632289,11.1334786
8352,40.0,17.800992700000002,4.5790448999999995,7.6720554
8353,40.0,20.3032032,3.6277393,3.1352138000000003
8354,40.0,31.8539527,8.5325702,4.3367011
8355,40.0,35.0149509,18.7705766,17.558464100000002
8356,40.0,37.0479553,16.4130325,7.839139100000001
8357,40.0,37.9677192,10.461654600000001,8.7450449
8358,50.0,54.71573360000001,26.5910673,12.6114441
8359,50.0,65.5098727,14.9632289,11.1334786
8360,50.0,17.800992700000002,4.5790448999999995,7.6720554
8361,50.0,20.3032032,3.6277393,3.1352138000000003
8362,50.0,31.8539527,8.5325702,4.3367011
8363,50.0,35.0149509,18.7705766,17.558464100000002
8364,10.0,37.0479553,16.4130325,7.839139100000001
8365,10.0,37.9677192,10.461654600000001,8.7450449
8366,10.0,54.71573360000001,26.5910673,12.6114441
8367,10.0,65.5098727,14.9632289,11.1334786
8368,10.0,17.800992700000002,4.5790448999999995,7.6720554
8369,10.0,20.3032032,3.6277393,3.1352138000000003
8370,0.0,31.8539527,8.5325702,4.3367011
8371,0.0,35.0149509,18.7705766,17.558464100000002
8372,0.0,37.0479553,16.4130325,7.839139100000001
8373,0.0,37.9677192,10.461654600000001,8.7450449
8374,0.0,54.71573360000001,26.5910673,12.6114441
8375,0.0,65.5098727,14.9632289,11.1334786
8376,30.0,17.800992700000002,4.5790448999999995,7.6720554
8377,30.0,20.3032032,3.6277393,3.1352138000000003
8378,30.0,31.8539527,8.5325702,4.3367011
8379,30.0,35.0149509,18.7705766,17.558464100000002
8380,30.0,37.0479553,16.4130325,7.839139100000001
8381,30.0,37.9677192,10.461654600000001,8.7450449
8382,20.0,54.71573360000001,26.5910673,12.6114441
8383,20.0,65.5098727,14.9632289,11.1334786
8384,20.0,17.800992700000002,4.5790448999999995,7.6720554
8385,20.0,20.3032032,3.6277393,3.1352138000000003
8386,20.0,31.8539527,8.5325702,4.3367011
8387,20.0,35.0149509,18.7705766,17.558464100000002
8388,40.0,37.0479553,16.4130325,7.839139100000001
8389,40.0,37.9677192,10.461654600000001,8.7450449
8390,40.0,54.71573360000001,26.5910673,12.6114441
8391,40.0,65.5098727,14.9632289,11.1334786
8392,40.0,17.800992700000002,4.5790448999999995,7.6720554
8393,40.0,20.3032032,3.6277393,3.1352138000000003
8394,50.0,31.8539527,8.5325702,4.3367011
8395,50.0,35.0149509,18.7705766,17.558464100000002
8396,50.0,37.0479553,16.4130325,7.839139100000001
8397,50.0,37.9677192,10.461654600000001,8.7450449
8398,50.0,54.71573360000001,26.5910673,12.6114441
8399,50.0,65.5098727,14.9632289,11.1334786
8400,10.0,17.800992700000002,4.5790448999999995,7.6720554
8401,10.0,20.3032032,3.6277393,3.1352138000000003
8402,10.0,31.8539527,8.5325702,4.3367011
8403,10.0,35.0149509,18.7705766,17.558464100000002
8404,10.0,37.0479553,16.4130325,7.839139100000001
8405,10.0,37.9677192,10.461654600000001,8.7450449
8406,0.0,54.71573360000001,26.5910673,12.6114441
8407,0.0,65.5098727,14.9632289,11.1334786
8408,0.0,17.800992700000002,4.5790448999999995,7.6720554
8409,0.0,20.3032032,3.6277393,3.1352138000000003
8410,0.0,31.8539527,8.5325702,4.3367011
8411,0.0,35.0149509,18.7705766,17.558464100000002
8412,30.0,37.0479553,16.4130325,7.839139100000001
8413,30.0,37.9677192,10.461654600000001,8.7450449
8414,30.0,54.71573360000001,26.5910673,12.6114441
8415,30.0,65.5098727,14.9632289,11.1334786
8416,30.0,17.800992700000002,4.5790448999999995,7.6720554
8417,30.0,20.3032032,3.6277393,3.1352138000000003
8418,20.0,31.8539527,8.5325702,4.3367011
8419,20.0,35.0149509,18.7705766,17.558464100000002
8420,20.0,37.0479553,16.4130325,7.839139100000001
8421,20.0,37.9677192,10.461654600000001,8.7450449
8422,20.0,54.71573360000001,26.5910673,12.6114441
8423,20.0,65.5098727,14.9632289,11.1334786
8424,40.0,17.800992700000002,4.5790448999999995,7.6720554
8425,40.0,20.3032032,3.6277393,3.1352138000000003
8426,40.0,31.8539527,8.5325702,4.3367011
8427,40.0,35.0149509,18.7705766,17.558464100000002
8428,40.0,37.0479553,16.4130325,7.839139100000001
8429,40.0,37.9677192,10.461654600000001,8.7450449
8430,50.0,54.71573360000001,26.5910673,12.6114441
8431,50.0,65.5098727,14.9632289,11.1334786
8432,50.0,17.800992700000002,4.5790448999999995,7.6720554
8433,50.0,20.3032032,3.6277393,3.1352138000000003
8434,50.0,31.8539527,8.5325702,4.3367011
8435,50.0,35.0149509,18.7705766,17.558464100000002
8436,10.0,37.0479553,16.4130325,7.839139100000001
8437,10.0,37.9677192,10.461654600000001,8.7450449
8438,10.0,54.71573360000001,26.5910673,12.6114441
8439,10.0,65.5098727,14.9632289,11.1334786
8440,10.0,17.800992700000002,4.5790448999999995,7.6720554
8441,10.0,20.3032032,3.6277393,3.1352138000000003
8442,0.0,31.8539527,8.5325702,4.3367011
8443,0.0,35.0149509,18.7705766,17.558464100000002
8444,0.0,37.0479553,16.4130325,7.839139100000001
8445,0.0,37.9677192,10.461654600000001,8.7450449
8446,0.0,54.71573360000001,26.5910673,12.6114441
8447,0.0,65.5098727,14.9632289,11.1334786
8448,30.0,17.800992700000002,4.5790448999999995,7.6720554
8449,30.0,20.3032032,3.6277393,3.1352138000000003
8450,30.0,31.8539527,8.5325702,4.3367011
8451,30.0,35.0149509,18.7705766,17.558464100000002
8452,30.0,37.0479553,16.4130325,7.839139100000001
8453,30.0,37.9677192,10.461654600000001,8.7450449
8454,20.0,54.71573360000001,26.5910673,12.6114441
8455,20.0,65.5098727,14.9632289,11.1334786
8456,20.0,17.800992700000002,4.5790448999999995,7.6720554
8457,20.0,20.3032032,3.6277393,3.1352138000000003
8458,20.0,31.8539527,8.5325702,4.3367011
8459,20.0,35.0149509,18.7705766,17.558464100000002
8460,40.0,37.0479553,16.4130325,7.839139100000001
8461,40.0,37.9677192,10.461654600000001,8.7450449
8462,40.0,54.71573360000001,26.5910673,12.6114441
8463,40.0,65.5098727,14.9632289,11.1334786
8464,40.0,17.800992700000002,4.5790448999999995,7.6720554
8465,40.0,20.3032032,3.6277393,3.1352138000000003
8466,50.0,31.8539527,8.5325702,4.3367011
8467,50.0,35.0149509,18.7705766,17.558464100000002
8468,50.0,37.0479553,16.4130325,7.839139100000001
8469,50.0,37.9677192,10.461654600000001,8.7450449
8470,50.0,54.71573360000001,26.5910673,12.6114441
8471,50.0,65.5098727,14.9632289,11.1334786
8472,10.0,17.800992700000002,4.5790448999999995,7.6720554
8473,10.0,20.3032032,3.6277393,3.1352138000000003
8474,10.0,31.8539527,8.5325702,4.3367011
8475,10.0,35.0149509,18.7705766,17.558464100000002
8476,10.0,37.0479553,16.4130325,7.839139100000001
8477,10.0,37.9677192,10.461654600000001,8.7450449
8478,0.0,54.71573360000001,26.5910673,12.6114441
8479,0.0,65.5098727,14.9632289,11.1334786
8480,0.0,17.800992700000002,4.5790448999999995,7.6720554
8481,0.0,20.3032032,3.6277393,3.1352138000000003
8482,0.0,31.8539527,8.5325702,4.3367011
8483,0.0,35.0149509,18.7705766,17.558464100000002
8484,30.0,37.0479553,16.4130325,7.839139100000001
8485,30.0,37.9677192,10.461654600000001,8.7450449
8486,30.0,54.71573360000001,26.5910673,12.6114441
8487,30.0,65.5098727,14.9632289,11.1334786
8488,30.0,17.800992700000002,4.5790448999999995,7.6720554
8489,30.0,20.3032032,3.6277393,3.1352138000000003
8490,20.0,31.8539527,8.5325702,4.3367011
8491,20.0,35.0149509,18.7705766,17.558464100000002
8492,20.0,37.0479553,16.4130325,7.839139100000001
8493,20.0,37.9677192,10.461654600000001,8.7450449
8494,20.0,54.71573360000001,26.5910673,12.6114441
8495,20.0,65.5098727,14.9632289,11.1334786
8496,40.0,17.800992700000002,4.5790448999999995,7.6720554
8497,40.0,20.3032032,3.6277393,3.1352138000000003
8498,40.0,31.8539527,8.5325702,4.3367011
8499,40.0,35.0149509,18.7705766,17.558464100000002
8500,40.0,37.0479553,16.4130325,7.839139100000001
8501,40.0,37.9677192,10.461654600000001,8.7450449
8502,50.0,54.71573360000001,26.5910673,12.6114441
8503,50.0,65.5098727,14.9632289,11.1334786
8504,50.0,17.800992700000002,4.5790448999999995,7.6720554
8505,50.0,20.3032032,3.6277393,3.1352138000000003
8506,50.0,31.8539527,8.5325702,4.3367011
8507,50.0,35.0149509,18.7705766,17.558464100000002
8508,10.0,37.0479553,16.4130325,7.839139100000001
8509,10.0,37.9677192,10.461654600000001,8.7450449
8510,10.0,54.71573360000001,26.5910673,12.6114441
8511,10.0,65.5098727,14.9632289,11.1334786
8512,10.0,17.800992700000002,4.5790448999999995,7.6720554
8513,10.0,20.3032032,3.6277393,3.1352138000000003
8514,0.0,31.8539527,8.5325702,4.3367011
8515,0.0,35.0149509,18.7705766,17.558464100000002
8516,0.0,37.0479553,16.4130325,7.839139100000001
8517,0.0,37.9677192,10.461654600000001,8.7450449
8518,0.0,54.71573360000001,26.5910673,12.6114441
8519,0.0,65.5098727,14.9632289,11.1334786
8520,30.0,17.800992700000002,4.5790448999999995,7.6720554
8521,30.0,20.3032032,3.6277393,3.1352138000000003
8522,30.0,31.8539527,8.5325702,4.3367011
8523,30.0,35.0149509,18.7705766,17.558464100000002
8524,30.0,37.0479553,16.4130325,7.839139100000001
8525,30.0,37.9677192,10.461654600000001,8.7450449
8526,20.0,54.71573360000001,26.5910673,12.6114441
8527,20.0,65.5098727,14.9632289,11.1334786
8528,20.0,17.800992700000002,4.5790448999999995,7.6720554
8529,20.0,20.3032032,3.6277393,3.1352138000000003
8530,20.0,31.8539527,8.5325702,4.3367011
8531,20.0,35.0149509,18.7705766,17.558464100000002
8532,40.0,37.0479553,16.4130325,7.839139100000001
8533,40.0,37.9677192,10.461654600000001,8.7450449
8534,40.0,54.71573360000001,26.5910673,12.6114441
8535,40.0,65.5098727,14.9632289,11.1334786
8536,40.0,17.800992700000002,4.5790448999999995,7.6720554
8537,40.0,20.3032032,3.6277393,3.1352138000000003
8538,50.0,31.8539527,8.5325702,4.3367011
8539,50.0,35.0149509,18.7705766,17.558464100000002
8540,50.0,37.0479553,16.4130325,7.839139100000001
8541,50.0,37.9677192,10.461654600000001,8.7450449
8542,50.0,54.71573360000001,26.5910673,12.6114441
8543,50.0,65.5098727,14.9632289,11.1334786
8544,10.0,17.800992700000002,4.5790448999999995,7.6720554
8545,10.0,20.3032032,3.6277393,3.1352138000000003
8546,10.0,31.8539527,8.5325702,4.3367011
8547,10.0,35.0149509,18.7705766,17.558464100000002
8548,10.0,37.0479553,16.4130325,7.839139100000001
8549,10.0,37.9677192,10.461654600000001,8.7450449
8550,0.0,54.71573360000001,26.5910673,12.6114441
8551,0.0,65.5098727,14.9632289,11.1334786
8552,0.0,17.800992700000002,4.5790448999999995,7.6720554
8553,0.0,20.3032032,3.6277393,3.1352138000000003
8554,0.0,31.8539527,8.5325702,4.3367011
8555,0.0,35.0149509,18.7705766,17.558464100000002
8556,30.0,37.0479553,16.4130325,7.839139100000001
8557,30.0,37.9677192,10.461654600000001,8.7450449
8558,30.0,54.71573360000001,26.5910673,12.6114441
8559,30.0,65.5098727,14.9632289,11.1334786
8560,30.0,17.800992700000002,4.5790448999999995,7.6720554
8561,30.0,20.3032032,3.6277393,3.1352138000000003
8562,20.0,31.8539527,8.5325702,4.3367011
8563,20.0,35.0149509,18.7705766,17.558464100000002
8564,20.0,37.0479553,16.4130325,7.839139100000001
8565,20.0,37.9677192,10.461654600000001,8.7450449
8566,20.0,54.71573360000001,26.5910673,12.6114441
8567,20.0,65.5098727,14.9632289,11.1334786
8568,40.0,17.800992700000002,4.5790448999999995,7.6720554
8569,50.0,20.3032032,3.6277393,3.1352138000000003
8570,10.0,31.8539527,8.5325702,4.3367011
8571,0.0,35.0149509,18.7705766,17.558464100000002
8572,30.0,37.0479553,16.4130325,7.839139100000001
8573,20.0,37.9677192,10.461654600000001,8.7450449
8574,40.0,54.71573360000001,26.5910673,12.6114441
8575,50.0,65.5098727,14.9632289,11.1334786
8576,10.0,17.800992700000002,4.5790448999999995,7.6720554
8577,0.0,20.3032032,3.6277393,3.1352138000000003
8578,30.0,31.8539527,8.5325702,4.3367011
8579,20.0,35.0149509,18.7705766,17.558464100000002
8580,40.0,37.0479553,16.4130325,7.839139100000001
8581,50.0,37.9677192,10.461654600000001,8.7450449
8582,10.0,54.71573360000001,26.5910673,12.6114441
8583,0.0,65.5098727,14.9632289,11.1334786
8584,30.0,17.800992700000002,4.5790448999999995,7.6720554
8585,20.0,20.3032032,3.6277393,3.1352138000000003
8586,40.0,31.8539527,8.5325702,4.3367011
8587,50.0,35.0149509,18.7705766,17.558464100000002
8588,10.0,37.0479553,16.4130325,7.839139100000001
8589,0.0,37.9677192,10.461654600000001,8.7450449
8590,30.0,54.71573360000001,26.5910673,12.6114441
8591,20.0,65.5098727,14.9632289,11.1334786
8592,40.0,17.800992700000002,4.5790448999999995,7.6720554
8593,50.0,20.3032032,3.6277393,3.1352138000000003
8594,10.0,31.8539527,8.5325702,4.3367011
8595,0.0,35.0149509,18.7705766,17.558464100000002
8596,30.0,37.0479553,16.4130325,7.839139100000001
8597,20.0,37.9677192,10.461654600000001,8.7450449
8598,40.0,54.71573360000001,26.5910673,12.6114441
8599,50.0,65.5098727,14.9632289,11.1334786
8600,10.0,17.800992700000002,4.5790448999999995,7.6720554
8601,0.0,20.3032032,3.6277393,3.1352138000000003
8602,30.0,31.8539527,8.5325702,4.3367011
8603,20.0,35.0149509,18.7705766,17.558464100000002
8604,40.0,37.0479553,16.4130325,7.839139100000001
8605,40.0,37.9677192,10.461654600000001,8.7450449
8606,40.0,54.71573360000001,26.5910673,12.6114441
8607,40.0,65.5098727,14.9632289,11.1334786
8608,40.0,17.800992700000002,4.5790448999999995,7.6720554
8609,40.0,20.3032032,3.6277393,3.1352138000000003
8610,50.0,31.8539527,8.5325702,4.3367011
8611,50.0,35.0149509,18.7705766,17.558464100000002
8612,50.0,37.0479553,16.4130325,7.839139100000001
8613,50.0,37.9677192,10.461654600000001,8.7450449
8614,50.0,54.71573360000001,26.5910673,12.6114441
8615,50.0,65.5098727,14.9632289,11.1334786
8616,10.0,17.800992700000002,4.5790448999999995,7.6720554
8617,10.0,20.3032032,3.6277393,3.1352138000000003
8618,10.0,31.8539527,8.5325702,4.3367011
8619,10.0,35.0149509,18.7705766,17.558464100000002
8620,10.0,37.0479553,16.4130325,7.839139100000001
8621,10.0,37.9677192,10.461654600000001,8.7450449
8622,0.0,54.71573360000001,26.5910673,12.6114441
8623,0.0,65.5098727,14.9632289,11.1334786
8624,0.0,17.800992700000002,4.5790448999999995,7.6720554
8625,0.0,20.3032032,3.6277393,3.1352138000000003
8626,0.0,31.8539527,8.5325702,4.3367011
8627,0.0,35.0149509,18.7705766,17.558464100000002
8628,30.0,37.0479553,16.4130325,7.839139100000001
8629,30.0,37.9677192,10.461654600000001,8.7450449
8630,30.0,54.71573360000001,26.5910673,12.6114441
8631,30.0,65.5098727,14.9632289,11.1334786
8632,30.0,17.800992700000002,4.5790448999999995,7.6720554
8633,30.0,20.3032032,3.6277393,3.1352138000000003
8634,20.0,31.8539527,8.5325702,4.3367011
8635,20.0,35.0149509,18.7705766,17.558464100000002
8636,20.0,37.0479553,16.4130325,7.839139100000001
8637,20.0,37.9677192,10.461654600000001,8.7450449
8638,20.0,54.71573360000001,26.5910673,12.6114441
8639,20.0,65.5098727,14.9632289,11.1334786
8640,40.0,22.3766897,18.5959039,39.0480158
8641,50.0,48.5459396,15.911350899999999,8.0030348
8642,10.0,46.4080196,28.650543699999997,20.4770403
8643,0.0,15.0246069,9.1591126,4.6008127000000005
8644,30.0,35.9464838,19.5781864,28.871117
8645,20.0,34.113177,9.823825999999999,5.0388623
8646,20.0,49.4071369,16.8254378,9.1883955
8647,20.0,21.1875648,7.8921752,8.4363978
8648,20.0,21.3204922,10.0375911,10.2723184
8649,20.0,16.8403527,6.640588,9.9179348
8650,20.0,23.1481116,13.5183666,8.1707104
8651,20.0,10.525992500000001,9.739705299999999,10.8369199
8652,20.0,61.88830170000001,39.2039613,18.3564065
8653,20.0,59.9704735,36.0695614,14.8442479
8654,20.0,22.3766897,18.5959039,39.0480158
8655,20.0,48.5459396,15.911350899999999,8.0030348
8656,20.0,46.4080196,28.650543699999997,20.4770403
8657,20.0,15.0246069,9.1591126,4.6008127000000005
8658,20.0,35.9464838,19.5781864,28.871117
8659,20.0,34.113177,9.823825999999999,5.0388623
8660,20.0,49.4071369,16.8254378,9.1883955
8661,20.0,21.1875648,7.8921752,8.4363978
8662,20.0,21.3204922,10.0375911,10.2723184
8663,20.0,16.8403527,6.640588,9.9179348
8664,20.0,23.1481116,13.5183666,8.1707104
8665,20.0,10.525992500000001,9.739705299999999,10.8369199
8666,20.0,61.88830170000001,39.2039613,18.3564065
8667,20.0,59.9704735,36.0695614,14.8442479
8668,20.0,22.3766897,18.5959039,39.0480158
8669,20.0,48.5459396,15.911350899999999,8.0030348
8670,20.0,46.4080196,28.650543699999997,20.4770403
8671,20.0,15.0246069,9.1591126,4.6008127000000005
8672,20.0,35.9464838,19.5781864,28.871117
8673,20.0,34.113177,9.823825999999999,5.0388623
8674,20.0,49.4071369,16.8254378,9.1883955
8675,20.0,21.1875648,7.8921752,8.4363978
8676,20.0,21.3204922,10.0375911,10.2723184
8677,20.0,16.8403527,6.640588,9.9179348
8678,20.0,23.1481116,13.5183666,8.1707104
8679,20.0,10.525992500000001,9.739705299999999,10.8369199
8680,20.0,61.88830170000001,39.2039613,18.3564065
8681,20.0,59.9704735,36.0695614,14.8442479
8682,20.0,22.3766897,18.5959039,39.0480158
8683,20.0,48.5459396,15.911350899999999,8.0030348
8684,20.0,46.4080196,28.650543699999997,20.4770403
8685,20.0,15.0246069,9.1591126,4.6008127000000005
8686,20.0,35.9464838,19.5781864,28.871117
8687,20.0,34.113177,9.823825999999999,5.0388623
8688,20.0,49.4071369,16.8254378,9.1883955
8689,20.0,21.1875648,7.8921752,8.4363978
8690,20.0,21.3204922,10.0375911,10.2723184
8691,20.0,16.8403527,6.640588,9.9179348
8692,20.0,23.1481116,13.5183666,8.1707104
8693,20.0,10.525992500000001,9.739705299999999,10.8369199
8694,20.0,61.88830170000001,39.2039613,18.3564065
8695,20.0,59.9704735,36.0695614,14.8442479
8696,20.0,22.3766897,18.5959039,39.0480158
8697,20.0,48.5459396,15.911350899999999,8.0030348
8698,20.0,46.4080196,28.650543699999997,20.4770403
8699,20.0,15.0246069,9.1591126,4.6008127000000005
8700,20.0,35.9464838,19.5781864,28.871117
8701,20.0,34.113177,9.823825999999999,5.0388623
8702,20.0,49.4071369,16.8254378,9.1883955
8703,20.0,21.1875648,7.8921752,8.4363978
8704,20.0,21.3204922,10.0375911,10.2723184
8705,20.0,16.8403527,6.640588,9.9179348
8706,20.0,23.1481116,13.5183666,8.1707104
8707,20.0,10.525992500000001,9.739705299999999,10.8369199
8708,20.0,61.88830170000001,39.2039613,18.3564065
8709,20.0,59.9704735,36.0695614,14.8442479
8710,20.0,22.3766897,18.5959039,39.0480158
8711,20.0,48.5459396,15.911350899999999,8.0030348
8712,20.0,46.4080196,28.650543699999997,20.4770403
8713,20.0,15.0246069,9.1591126,4.6008127000000005
8714,20.0,35.9464838,19.5781864,28.871117
8715,20.0,34.113177,9.823825999999999,5.0388623
8716,20.0,49.4071369,16.8254378,9.1883955
8717,20.0,21.1875648,7.8921752,8.4363978
8718,40.0,21.3204922,10.0375911,10.2723184
8719,50.0,16.8403527,6.640588,9.9179348
8720,10.0,23.1481116,13.5183666,8.1707104
8721,0.0,10.525992500000001,9.739705299999999,10.8369199
8722,30.0,61.88830170000001,39.2039613,18.3564065
8723,20.0,59.9704735,36.0695614,14.8442479
8724,20.0,22.3766897,18.5959039,39.0480158
8725,20.0,48.5459396,15.911350899999999,8.0030348
8726,20.0,46.4080196,28.650543699999997,20.4770403
8727,20.0,15.0246069,9.1591126,4.6008127000000005
8728,20.0,35.9464838,19.5781864,28.871117
8729,40.0,34.113177,9.823825999999999,5.0388623
8730,50.0,49.4071369,16.8254378,9.1883955
8731,10.0,21.1875648,7.8921752,8.4363978
8732,0.0,21.3204922,10.0375911,10.2723184
8733,30.0,16.8403527,6.640588,9.9179348
8734,20.0,23.1481116,13.5183666,8.1707104
8735,30.0,10.525992500000001,9.739705299999999,10.8369199
8736,30.0,61.88830170000001,39.2039613,18.3564065
8737,30.0,59.9704735,36.0695614,14.8442479
8738,30.0,22.3766897,18.5959039,39.0480158
8739,30.0,48.5459396,15.911350899999999,8.0030348
8740,30.0,46.4080196,28.650543699999997,20.4770403
8741,30.0,15.0246069,9.1591126,4.6008127000000005
8742,30.0,35.9464838,19.5781864,28.871117
8743,30.0,34.113177,9.823825999999999,5.0388623
8744,30.0,49.4071369,16.8254378,9.1883955
8745,30.0,21.1875648,7.8921752,8.4363978
8746,30.0,21.3204922,10.0375911,10.2723184
8747,30.0,16.8403527,6.640588,9.9179348
8748,30.0,23.1481116,13.5183666,8.1707104
8749,30.0,10.525992500000001,9.739705299999999,10.8369199
8750,30.0,61.88830170000001,39.2039613,18.3564065
8751,30.0,59.9704735,36.0695614,14.8442479
8752,30.0,22.3766897,18.5959039,39.0480158
8753,30.0,48.5459396,15.911350899999999,8.0030348
8754,30.0,46.4080196,28.650543699999997,20.4770403
8755,30.0,15.0246069,9.1591126,4.6008127000000005
8756,30.0,35.9464838,19.5781864,28.871117
8757,30.0,34.113177,9.823825999999999,5.0388623
8758,30.0,49.4071369,16.8254378,9.1883955
8759,30.0,21.1875648,7.8921752,8.4363978
8760,30.0,21.3204922,10.0375911,10.2723184
8761,30.0,16.8403527,6.640588,9.9179348
8762,30.0,23.1481116,13.5183666,8.1707104
8763,30.0,10.525992500000001,9.739705299999999,10.8369199
8764,30.0,61.88830170000001,39.2039613,18.3564065
8765,30.0,59.9704735,36.0695614,14.8442479
8766,30.0,22.3766897,18.5959039,39.0480158
8767,30.0,48.5459396,15.911350899999999,8.0030348
8768,30.0,46.4080196,28.650543699999997,20.4770403
8769,30.0,15.0246069,9.1591126,4.6008127000000005
8770,30.0,35.9464838,19.5781864,28.871117
8771,30.0,34.113177,9.823825999999999,5.0388623
8772,30.0,49.4071369,16.8254378,9.1883955
8773,30.0,21.1875648,7.8921752,8.4363978
8774,30.0,21.3204922,10.0375911,10.2723184
8775,30.0,16.8403527,6.640588,9.9179348
8776,30.0,23.1481116,13.5183666,8.1707104
8777,30.0,10.525992500000001,9.739705299999999,10.8369199
8778,30.0,61.88830170000001,39.2039613,18.3564065
8779,30.0,59.9704735,36.0695614,14.8442479
8780,30.0,22.3766897,18.5959039,39.0480158
8781,30.0,48.5459396,15.911350899999999,8.0030348
8782,30.0,46.4080196,28.650543699999997,20.4770403
8783,30.0,15.0246069,9.1591126,4.6008127000000005
8784,30.0,35.9464838,19.5781864,28.871117
8785,30.0,34.113177,9.823825999999999,5.0388623
8786,30.0,49.4071369,16.8254378,9.1883955
8787,30.0,21.1875648,7.8921752,8.4363978
8788,30.0,21.3204922,10.0375911,10.2723184
8789,30.0,16.8403527,6.640588,9.9179348
8790,30.0,23.1481116,13.5183666,8.1707104
8791,30.0,10.525992500000001,9.739705299999999,10.8369199
8792,30.0,61.88830170000001,39.2039613,18.3564065
8793,30.0,59.9704735,36.0695614,14.8442479
8794,30.0,22.3766897,18.5959039,39.0480158
8795,30.0,48.5459396,15.911350899999999,8.0030348
8796,30.0,46.4080196,28.650543699999997,20.4770403
8797,30.0,15.0246069,9.1591126,4.6008127000000005
8798,30.0,35.9464838,19.5781864,28.871117
8799,30.0,34.113177,9.823825999999999,5.0388623
8800,30.0,49.4071369,16.8254378,9.1883955
8801,30.0,21.1875648,7.8921752,8.4363978
8802,30.0,21.3204922,10.0375911,10.2723184
8803,30.0,16.8403527,6.640588,9.9179348
8804,30.0,23.1481116,13.5183666,8.1707104
8805,30.0,10.525992500000001,9.739705299999999,10.8369199
8806,30.0,61.88830170000001,39.2039613,18.3564065
8807,40.0,59.9704735,36.0695614,14.8442479
8808,50.0,22.3766897,18.5959039,39.0480158
8809,10.0,48.5459396,15.911350899999999,8.0030348
8810,0.0,46.4080196,28.650543699999997,20.4770403
8811,30.0,15.0246069,9.1591126,4.6008127000000005
8812,20.0,35.9464838,19.5781864,28.871117
8813,30.0,34.113177,9.823825999999999,5.0388623
8814,30.0,49.4071369,16.8254378,9.1883955
8815,30.0,21.1875648,7.8921752,8.4363978
8816,30.0,21.3204922,10.0375911,10.2723184
8817,30.0,16.8403527,6.640588,9.9179348
8818,30.0,23.1481116,13.5183666,8.1707104
8819,40.0,10.525992500000001,9.739705299999999,10.8369199
8820,50.0,61.88830170000001,39.2039613,18.3564065
8821,10.0,59.9704735,36.0695614,14.8442479
8822,0.0,22.3766897,18.5959039,39.0480158
8823,30.0,48.5459396,15.911350899999999,8.0030348
8824,20.0,46.4080196,28.650543699999997,20.4770403
8825,0.0,15.0246069,9.1591126,4.6008127000000005
8826,0.0,35.9464838,19.5781864,28.871117
8827,0.0,34.113177,9.823825999999999,5.0388623
8828,0.0,49.4071369,16.8254378,9.1883955
8829,0.0,21.1875648,7.8921752,8.4363978
8830,0.0,21.3204922,10.0375911,10.2723184
8831,0.0,16.8403527,6.640588,9.9179348
8832,0.0,23.1481116,13.5183666,8.1707104
8833,0.0,10.525992500000001,9.739705299999999,10.8369199
8834,0.0,61.88830170000001,39.2039613,18.3564065
8835,0.0,59.9704735,36.0695614,14.8442479
8836,0.0,22.3766897,18.5959039,39.0480158
8837,0.0,48.5459396,15.911350899999999,8.0030348
8838,0.0,46.4080196,28.650543699999997,20.4770403
8839,0.0,15.0246069,9.1591126,4.6008127000000005
8840,0.0,35.9464838,19.5781864,28.871117
8841,0.0,34.113177,9.823825999999999,5.0388623
8842,0.0,49.4071369,16.8254378,9.1883955
8843,0.0,21.1875648,7.8921752,8.4363978
8844,0.0,21.3204922,10.0375911,10.2723184
8845,0.0,16.8403527,6.640588,9.9179348
8846,0.0,23.1481116,13.5183666,8.1707104
8847,0.0,10.525992500000001,9.739705299999999,10.8369199
8848,0.0,61.88830170000001,39.2039613,18.3564065
8849,0.0,59.9704735,36.0695614,14.8442479
8850,0.0,22.3766897,18.5959039,39.0480158
8851,0.0,48.5459396,15.911350899999999,8.0030348
8852,0.0,46.4080196,28.650543699999997,20.4770403
8853,0.0,15.0246069,9.1591126,4.6008127000000005
8854,0.0,35.9464838,19.5781864,28.871117
8855,0.0,34.113177,9.823825999999999,5.0388623
8856,0.0,49.4071369,16.8254378,9.1883955
8857,0.0,21.1875648,7.8921752,8.4363978
8858,0.0,21.3204922,10.0375911,10.2723184
8859,0.0,16.8403527,6.640588,9.9179348
8860,0.0,23.1481116,13.5183666,8.1707104
8861,0.0,10.525992500000001,9.739705299999999,10.8369199
8862,0.0,61.88830170000001,39.2039613,18.3564065
8863,0.0,59.9704735,36.0695614,14.8442479
8864,0.0,22.3766897,18.5959039,39.0480158
8865,0.0,48.5459396,15.911350899999999,8.0030348
8866,0.0,46.4080196,28.650543699999997,20.4770403
8867,0.0,15.0246069,9.1591126,4.6008127000000005
8868,0.0,35.9464838,19.5781864,28.871117
8869,0.0,34.113177,9.823825999999999,5.0388623
8870,0.0,49.4071369,16.8254378,9.1883955
8871,0.0,21.1875648,7.8921752,8.4363978
8872,0.0,21.3204922,10.0375911,10.2723184
8873,0.0,16.8403527,6.640588,9.9179348
8874,0.0,23.1481116,13.5183666,8.1707104
8875,0.0,10.525992500000001,9.739705299999999,10.8369199
8876,0.0,61.88830170000001,39.2039613,18.3564065
8877,0.0,59.9704735,36.0695614,14.8442479
8878,0.0,22.3766897,18.5959039,39.0480158
8879,0.0,48.5459396,15.911350899999999,8.0030348
8880,0.0,46.4080196,28.650543699999997,20.4770403
8881,0.0,15.0246069,9.1591126,4.6008127000000005
8882,0.0,35.9464838,19.5781864,28.871117
8883,0.0,34.113177,9.823825999999999,5.0388623
8884,0.0,49.4071369,16.8254378,9.1883955
8885,0.0,21.1875648,7.8921752,8.4363978
8886,0.0,21.3204922,10.0375911,10.2723184
8887,0.0,16.8403527,6.640588,9.9179348
8888,0.0,23.1481116,13.5183666,8.1707104
8889,0.0,10.525992500000001,9.739705299999999,10.8369199
8890,0.0,61.88830170000001,39.2039613,18.3564065
8891,0.0,59.9704735,36.0695614,14.8442479
8892,0.0,22.3766897,18.5959039,39.0480158
8893,0.0,48.5459396,15.911350899999999,8.0030348
8894,0.0,46.4080196,28.650543699999997,20.4770403
8895,0.0,15.0246069,9.1591126,4.6008127000000005
8896,0.0,35.9464838,19.5781864,28.871117
8897,40.0,34.113177,9.823825999999999,5.0388623
8898,50.0,49.4071369,16.8254378,9.1883955
8899,10.0,21.1875648,7.8921752,8.4363978
8900,0.0,21.3204922,10.0375911,10.2723184
8901,30.0,16.8403527,6.640588,9.9179348
8902,20.0,23.1481116,13.5183666,8.1707104
8903,0.0,10.525992500000001,9.739705299999999,10.8369199
8904,0.0,61.88830170000001,39.2039613,18.3564065
8905,0.0,59.9704735,36.0695614,14.8442479
8906,0.0,22.3766897,18.5959039,39.0480158
8907,0.0,48.5459396,15.911350899999999,8.0030348
8908,0.0,46.4080196,28.650543699999997,20.4770403
8909,40.0,15.0246069,9.1591126,4.6008127000000005
8910,50.0,35.9464838,19.5781864,28.871117
8911,10.0,34.113177,9.823825999999999,5.0388623
8912,0.0,49.4071369,16.8254378,9.1883955
8913,30.0,21.1875648,7.8921752,8.4363978
8914,20.0,21.3204922,10.0375911,10.2723184
8915,10.0,16.8403527,6.640588,9.9179348
8916,10.0,23.1481116,13.5183666,8.1707104
8917,10.0,10.525992500000001,9.739705299999999,10.8369199
8918,10.0,61.88830170000001,39.2039613,18.3564065
8919,10.0,59.9704735,36.0695614,14.8442479
8920,10.0,22.3766897,18.5959039,39.0480158
8921,10.0,48.5459396,15.911350899999999,8.0030348
8922,10.0,46.4080196,28.650543699999997,20.4770403
8923,10.0,15.0246069,9.1591126,4.6008127000000005
8924,10.0,35.9464838,19.5781864,28.871117
8925,10.0,34.113177,9.823825999999999,5.0388623
8926,10.0,49.4071369,16.8254378,9.1883955
8927,10.0,21.1875648,7.8921752,8.4363978
8928,10.0,21.3204922,10.0375911,10.2723184
8929,10.0,16.8403527,6.640588,9.9179348
8930,10.0,23.1481116,13.5183666,8.1707104
8931,10.0,10.525992500000001,9.739705299999999,10.8369199
8932,10.0,61.88830170000001,39.2039613,18.3564065
8933,10.0,59.9704735,36.0695614,14.8442479
8934,10.0,22.3766897,18.5959039,39.0480158
8935,10.0,48.5459396,15.911350899999999,8.0030348
8936,10.0,46.4080196,28.650543699999997,20.4770403
8937,10.0,15.0246069,9.1591126,4.6008127000000005
8938,10.0,35.9464838,19.5781864,28.871117
8939,10.0,34.113177,9.823825999999999,5.0388623
8940,10.0,49.4071369,16.8254378,9.1883955
8941,10.0,21.1875648,7.8921752,8.4363978
8942,10.0,21.3204922,10.0375911,10.2723184
8943,10.0,16.8403527,6.640588,9.9179348
8944,10.0,23.1481116,13.5183666,8.1707104
8945,10.0,10.525992500000001,9.739705299999999,10.8369199
8946,10.0,61.88830170000001,39.2039613,18.3564065
8947,10.0,59.9704735,36.0695614,14.8442479
8948,10.0,22.3766897,18.5959039,39.0480158
8949,10.0,48.5459396,15.911350899999999,8.0030348
8950,10.0,46.4080196,28.650543699999997,20.4770403
8951,10.0,15.0246069,9.1591126,4.6008127000000005
8952,10.0,35.9464838,19.5781864,28.871117
8953,10.0,34.113177,9.823825999999999,5.0388623
8954,10.0,49.4071369,16.8254378,9.1883955
8955,10.0,21.1875648,7.8921752,8.4363978
8956,10.0,21.3204922,10.0375911,10.2723184
8957,10.0,16.8403527,6.640588,9.9179348
8958,10.0,23.1481116,13.5183666,8.1707104
8959,10.0,10.525992500000001,9.739705299999999,10.8369199
8960,10.0,61.88830170000001,39.2039613,18.3564065
8961,10.0,59.9704735,36.0695614,14.8442479
8962,10.0,22.3766897,18.5959039,39.0480158
8963,10.0,48.5459396,15.911350899999999,8.0030348
8964,10.0,46.4080196,28.650543699999997,20.4770403
8965,10.0,15.0246069,9.1591126,4.6008127000000005
8966,10.0,35.9464838,19.5781864,28.871117
8967,10.0,34.113177,9.823825999999999,5.0388623
8968,10.0,49.4071369,16.8254378,9.1883955
8969,10.0,21.1875648,7.8921752,8.4363978
8970,10.0,21.3204922,10.0375911,10.2723184
8971,10.0,16.8403527,6.640588,9.9179348
8972,10.0,23.1481116,13.5183666,8.1707104
8973,10.0,10.525992500000001,9.739705299999999,10.8369199
8974,10.0,61.88830170000001,39.2039613,18.3564065
8975,10.0,59.9704735,36.0695614,14.8442479
8976,10.0,22.3766897,18.5959039,39.0480158
8977,10.0,48.5459396,15.911350899999999,8.0030348
8978,10.0,46.4080196,28.650543699999997,20.4770403
8979,10.0,15.0246069,9.1591126,4.6008127000000005
8980,10.0,35.9464838,19.5781864,28.871117
8981,10.0,34.113177,9.823825999999999,5.0388623
8982,10.0,49.4071369,16.8254378,9.1883955
8983,10.0,21.1875648,7.8921752,8.4363978
8984,10.0,21.3204922,10.0375911,10.2723184
8985,10.0,16.8403527,6.640588,9.9179348
8986,10.0,23.1481116,13.5183666,8.1707104
8987,40.0,10.525992500000001,9.739705299999999,10.8369199
8988,50.0,61.88830170000001,39.2039613,18.3564065
8989,10.0,59.9704735,36.0695614,14.8442479
8990,0.0,22.3766897,18.5959039,39.0480158
8991,30.0,48.5459396,15.911350899999999,8.0030348
8992,20.0,46.4080196,28.650543699999997,20.4770403
8993,10.0,15.0246069,9.1591126,4.6008127000000005
8994,10.0,35.9464838,19.5781864,28.871117
8995,10.0,34.113177,9.823825999999999,5.0388623
8996,10.0,49.4071369,16.8254378,9.1883955
8997,10.0,21.1875648,7.8921752,8.4363978
8998,10.0,21.3204922,10.0375911,10.2723184
8999,40.0,16.8403527,6.640588,9.9179348
9000,50.0,23.1481116,13.5183666,8.1707104
9001,10.0,10.525992500000001,9.739705299999999,10.8369199
9002,0.0,61.88830170000001,39.2039613,18.3564065
9003,30.0,59.9704735,36.0695614,14.8442479
9004,20.0,22.3766897,18.5959039,39.0480158
9005,50.0,48.5459396,15.911350899999999,8.0030348
9006,50.0,46.4080196,28.650543699999997,20.4770403
9007,50.0,15.0246069,9.1591126,4.6008127000000005
9008,50.0,35.9464838,19.5781864,28.871117
9009,50.0,34.113177,9.823825999999999,5.0388623
9010,50.0,49.4071369,16.8254378,9.1883955
9011,50.0,21.1875648,7.8921752,8.4363978
9012,50.0,21.3204922,10.0375911,10.2723184
9013,50.0,16.8403527,6.640588,9.9179348
9014,50.0,23.1481116,13.5183666,8.1707104
9015,50.0,10.525992500000001,9.739705299999999,10.8369199
9016,50.0,61.88830170000001,39.2039613,18.3564065
9017,50.0,59.9704735,36.0695614,14.8442479
9018,50.0,22.3766897,18.5959039,39.0480158
9019,50.0,48.5459396,15.911350899999999,8.0030348
9020,50.0,46.4080196,28.650543699999997,20.4770403
9021,50.0,15.0246069,9.1591126,4.6008127000000005
9022,50.0,35.9464838,19.5781864,28.871117
9023,50.0,34.113177,9.823825999999999,5.0388623
9024,50.0,49.4071369,16.8254378,9.1883955
9025,50.0,21.1875648,7.8921752,8.4363978
9026,50.0,21.3204922,10.0375911,10.2723184
9027,50.0,16.8403527,6.640588,9.9179348
9028,50.0,23.1481116,13.5183666,8.1707104
9029,50.0,10.525992500000001,9.739705299999999,10.8369199
9030,50.0,61.88830170000001,39.2039613,18.3564065
9031,50.0,59.9704735,36.0695614,14.8442479
9032,50.0,22.3766897,18.5959039,39.0480158
9033,50.0,48.5459396,15.911350899999999,8.0030348
9034,50.0,46.4080196,28.650543699999997,20.4770403
9035,50.0,15.0246069,9.1591126,4.6008127000000005
9036,50.0,35.9464838,19.5781864,28.871117
9037,50.0,34.113177,9.823825999999999,5.0388623
9038,50.0,49.4071369,16.8254378,9.1883955
9039,50.0,21.1875648,7.8921752,8.4363978
9040,50.0,21.3204922,10.0375911,10.2723184
9041,50.0,16.8403527,6.640588,9.9179348
9042,50.0,23.1481116,13.5183666,8.1707104
9043,50.0,10.525992500000001,9.739705299999999,10.8369199
9044,50.0,61.88830170000001,39.2039613,18.3564065
9045,50.0,59.9704735,36.0695614,14.8442479
9046,50.0,22.3766897,18.5959039,39.0480158
9047,50.0,48.5459396,15.911350899999999,8.0030348
9048,50.0,46.4080196,28.650543699999997,20.4770403
9049,50.0,15.0246069,9.1591126,4.6008127000000005
9050,50.0,35.9464838,19.5781864,28.871117
9051,50.0,34.113177,9.823825999999999,5.0388623
9052,50.0,49.4071369,16.8254378,9.1883955
9053,50.0,21.1875648,7.8921752,8.4363978
9054,50.0,21.3204922,10.0375911,10.2723184
9055,50.0,16.8403527,6.640588,9.9179348
9056,50.0,23.1481116,13.5183666,8.1707104
9057,50.0,10.525992500000001,9.739705299999999,10.8369199
9058,50.0,61.88830170000001,39.2039613,18.3564065
9059,50.0,59.9704735,36.0695614,14.8442479
9060,50.0,22.3766897,18.5959039,39.0480158
9061,50.0,48.5459396,15.911350899999999,8.0030348
9062,50.0,46.4080196,28.650543699999997,20.4770403
9063,50.0,15.0246069,9.1591126,4.6008127000000005
9064,50.0,35.9464838,19.5781864,28.871117
9065,50.0,34.113177,9.823825999999999,5.0388623
9066,50.0,49.4071369,16.8254378,9.1883955
9067,50.0,21.1875648,7.8921752,8.4363978
9068,50.0,21.3204922,10.0375911,10.2723184
9069,50.0,16.8403527,6.640588,9.9179348
9070,50.0,23.1481116,13.5183666,8.1707104
9071,50.0,10.525992500000001,9.739705299999999,10.8369199
9072,50.0,61.88830170000001,39.2039613,18.3564065
9073,50.0,59.9704735,36.0695614,14.8442479
9074,50.0,22.3766897,18.5959039,39.0480158
9075,50.0,48.5459396,15.911350899999999,8.0030348
9076,50.0,46.4080196,28.650543699999997,20.4770403
9077,40.0,15.0246069,9.1591126,4.6008127000000005
9078,50.0,35.9464838,19.5781864,28.871117
9079,10.0,34.113177,9.823825999999999,5.0388623
9080,0.0,49.4071369,16.8254378,9.1883955
9081,30.0,21.1875648,7.8921752,8.4363978
9082,20.0,21.3204922,10.0375911,10.2723184
9083,50.0,16.8403527,6.640588,9.9179348
9084,50.0,23.1481116,13.5183666,8.1707104
9085,50.0,10.525992500000001,9.739705299999999,10.8369199
9086,50.0,61.88830170000001,39.2039613,18.3564065
9087,50.0,59.9704735,36.0695614,14.8442479
9088,50.0,22.3766897,18.5959039,39.0480158
9089,40.0,48.5459396,15.911350899999999,8.0030348
9090,50.0,46.4080196,28.650543699999997,20.4770403
9091,10.0,15.0246069,9.1591126,4.6008127000000005
9092,0.0,35.9464838,19.5781864,28.871117
9093,30.0,34.113177,9.823825999999999,5.0388623
9094,20.0,49.4071369,16.8254378,9.1883955
9095,40.0,21.1875648,7.8921752,8.4363978
9096,40.0,21.3204922,10.0375911,10.2723184
9097,40.0,16.8403527,6.640588,9.9179348
9098,40.0,23.1481116,13.5183666,8.1707104
9099,40.0,10.525992500000001,9.739705299999999,10.8369199
9100,40.0,61.88830170000001,39.2039613,18.3564065
9101,40.0,59.9704735,36.0695614,14.8442479
9102,40.0,22.3766897,18.5959039,39.0480158
9103,40.0,48.5459396,15.911350899999999,8.0030348
9104,40.0,46.4080196,28.650543699999997,20.4770403
9105,40.0,15.0246069,9.1591126,4.6008127000000005
9106,40.0,35.9464838,19.5781864,28.871117
9107,40.0,34.113177,9.823825999999999,5.0388623
9108,40.0,49.4071369,16.8254378,9.1883955
9109,40.0,21.1875648,7.8921752,8.4363978
9110,40.0,21.3204922,10.0375911,10.2723184
9111,40.0,16.8403527,6.640588,9.9179348
9112,40.0,23.1481116,13.5183666,8.1707104
9113,40.0,10.525992500000001,9.739705299999999,10.8369199
9114,40.0,61.88830170000001,39.2039613,18.3564065
9115,40.0,59.9704735,36.0695614,14.8442479
9116,40.0,22.3766897,18.5959039,39.0480158
9117,40.0,48.5459396,15.911350899999999,8.0030348
9118,40.0,46.4080196,28.650543699999997,20.4770403
9119,40.0,15.0246069,9.1591126,4.6008127000000005
9120,40.0,35.9464838,19.5781864,28.871117
9121,40.0,34.113177,9.823825999999999,5.0388623
9122,40.0,49.4071369,16.8254378,9.1883955
9123,40.0,21.1875648,7.8921752,8.4363978
9124,40.0,21.3204922,10.0375911,10.2723184
9125,40.0,16.8403527,6.640588,9.9179348
9126,40.0,23.1481116,13.5183666,8.1707104
9127,40.0,10.525992500000001,9.739705299999999,10.8369199
9128,40.0,61.88830170000001,39.2039613,18.3564065
9129,40.0,59.9704735,36.0695614,14.8442479
9130,40.0,22.3766897,18.5959039,39.0480158
9131,40.0,48.5459396,15.911350899999999,8.0030348
9132,40.0,46.4080196,28.650543699999997,20.4770403
9133,40.0,15.0246069,9.1591126,4.6008127000000005
9134,40.0,35.9464838,19.5781864,28.871117
9135,40.0,34.113177,9.823825999999999,5.0388623
9136,40.0,49.4071369,16.8254378,9.1883955
9137,40.0,21.1875648,7.8921752,8.4363978
9138,40.0,21.3204922,10.0375911,10.2723184
9139,40.0,16.8403527,6.640588,9.9179348
9140,40.0,23.1481116,13.5183666,8.1707104
9141,40.0,10.525992500000001,9.739705299999999,10.8369199
9142,40.0,61.88830170000001,39.2039613,18.3564065
9143,40.0,59.9704735,36.0695614,14.8442479
9144,40.0,22.3766897,18.5959039,39.0480158
9145,40.0,48.5459396,15.911350899999999,8.0030348
9146,40.0,46.4080196,28.650543699999997,20.4770403
9147,40.0,15.0246069,9.1591126,4.6008127000000005
9148,40.0,35.9464838,19.5781864,28.871117
9149,40.0,34.113177,9.823825999999999,5.0388623
9150,40.0,49.4071369,16.8254378,9.1883955
9151,40.0,21.1875648,7.8921752,8.4363978
9152,40.0,21.3204922,10.0375911,10.2723184
9153,40.0,16.8403527,6.640588,9.9179348
9154,40.0,23.1481116,13.5183666,8.1707104
9155,40.0,10.525992500000001,9.739705299999999,10.8369199
9156,40.0,61.88830170000001,39.2039613,18.3564065
9157,40.0,59.9704735,36.0695614,14.8442479
9158,40.0,22.3766897,18.5959039,39.0480158
9159,40.0,48.5459396,15.911350899999999,8.0030348
9160,40.0,46.4080196,28.650543699999997,20.4770403
9161,40.0,15.0246069,9.1591126,4.6008127000000005
9162,40.0,35.9464838,19.5781864,28.871117
9163,40.0,34.113177,9.823825999999999,5.0388623
9164,40.0,49.4071369,16.8254378,9.1883955
9165,40.0,21.1875648,7.8921752,8.4363978
9166,40.0,21.3204922,10.0375911,10.2723184
9167,40.0,16.8403527,6.640588,9.9179348
9168,50.0,23.1481116,13.5183666,8.1707104
9169,10.0,10.525992500000001,9.739705299999999,10.8369199
9170,0.0,61.88830170000001,39.2039613,18.3564065
9171,30.0,59.9704735,36.0695614,14.8442479
9172,20.0,22.3766897,18.5959039,39.0480158
9173,40.0,48.5459396,15.911350899999999,8.0030348
9174,40.0,46.4080196,28.650543699999997,20.4770403
9175,40.0,15.0246069,9.1591126,4.6008127000000005
9176,40.0,35.9464838,19.5781864,28.871117
9177,40.0,34.113177,9.823825999999999,5.0388623
9178,40.0,49.4071369,16.8254378,9.1883955
